1,2,2019/08/15
16,2,2016/12/15
24,3,2016/08/15
34,2,2019/12/15
41,3,2015/08/15
59,3,2017/08/15
65,2,2018/03/15
79,3,2016/12/15
83,1,2017/10/15
97,3,2018/01/15
110,1,2018/03/15
117,2,2016/09/15
125,1,2016/04/15
131,3,2019/07/15
143,2,2018/02/15
154,1,2015/07/15
163,2,2016/11/15
177,1,2019/07/15
182,2,2018/10/15
193,1,2017/09/15
204,3,2019/06/15
217,3,2019/11/15
226,3,2015/11/15
238,1,2017/01/15
248,3,2019/06/15
258,3,2019/12/15
266,3,2018/10/15
278,1,2017/02/15
281,2,2017/08/15
295,2,2017/12/15
303,2,2019/01/15
317,1,2015/06/15
321,3,2019/10/15
338,3,2018/04/15
347,2,2015/06/15
358,3,2017/09/15
363,1,2016/08/15
377,3,2018/11/15
385,2,2019/02/15
399,3,2018/11/15
409,2,2018/08/15
415,2,2019/01/15
430,1,2017/08/15
438,1,2016/12/15
443,3,2018/11/15
456,1,2018/12/15
469,3,2015/08/15
476,3,2017/06/15
483,1,2015/08/15
497,1,2018/07/15
502,1,2016/11/15
514,2,2019/08/15
523,2,2017/11/15
539,1,2019/09/15
550,3,2016/07/15
558,3,2019/12/15
561,1,2018/08/15
571,2,2016/02/15
586,2,2015/12/15
591,3,2017/04/15
605,1,2015/04/15
613,1,2019/03/15
621,1,2018/09/15
632,3,2018/02/15
648,1,2018/10/15
657,3,2019/04/15
665,3,2015/06/15
680,3,2018/05/15
688,3,2018/01/15
700,3,2016/12/15
701,1,2018/02/15
719,2,2016/08/15
728,1,2017/05/15
731,2,2018/06/15
744,3,2019/04/15
756,2,2018/05/15
766,2,2016/07/15
771,3,2017/02/15
788,1,2016/07/15
797,2,2015/05/15
805,2,2019/06/15
820,2,2019/05/15
823,3,2018/11/15
835,2,2016/01/15
848,2,2018/10/15
853,1,2019/01/15
865,1,2017/02/15
876,3,2017/01/15
884,2,2017/05/15
899,2,2018/02/15
904,2,2019/10/15
918,1,2019/06/15
928,2,2016/01/15
938,1,2015/03/15
943,2,2016/11/15
955,3,2019/10/15
963,2,2015/02/15
971,3,2016/05/15
983,1,2016/01/15
995,1,2017/03/15
1007,3,2016/05/15
1020,1,2017/03/15
1030,3,2015/04/15
1039,1,2015/02/15
1047,1,2016/09/15
1052,2,2015/05/15
1067,1,2017/01/15
1074,3,2016/01/15
1087,2,2016/07/15
1098,3,2018/08/15
1109,3,2019/08/15
1119,1,2018/06/15
1124,3,2015/06/15
1134,1,2019/01/15
1146,1,2015/12/15
1152,1,2019/10/15
1168,2,2016/06/15
1173,3,2015/01/15
1189,1,2018/09/15
1192,2,2015/07/15
1204,2,2019/09/15
1217,3,2018/03/15
1222,3,2015/04/15
1231,1,2015/10/15
1245,2,2016/09/15
1254,2,2018/02/15
1266,2,2019/09/15
1279,3,2016/03/15
1284,1,2019/12/15
1292,2,2015/04/15
1305,1,2017/06/15
1315,2,2016/11/15
1330,2,2017/04/15
1340,2,2017/06/15
1349,1,2015/10/15
1353,2,2019/08/15
1367,3,2017/10/15
1376,3,2015/01/15
1381,2,2017/05/15
1393,3,2016/04/15
1404,3,2018/04/15
1413,1,2018/02/15
1424,3,2019/08/15
1434,3,2016/01/15
1449,3,2019/05/15
1456,3,2017/07/15
1466,3,2019/10/15
1477,1,2015/12/15
1482,3,2016/05/15
1499,3,2017/02/15
1509,2,2019/03/15
1513,1,2016/01/15
1529,1,2017/06/15
1540,3,2015/06/15
1548,1,2016/06/15
1553,2,2017/05/15
1562,3,2018/11/15
1577,1,2015/06/15
1587,3,2018/11/15
1600,3,2019/10/15
1610,2,2016/11/15
1612,1,2016/12/15
1624,2,2017/07/15
1631,3,2019/02/15
1645,3,2015/02/15
1660,1,2018/08/15
1670,1,2017/11/15
1673,2,2018/03/15
1688,3,2015/12/15
1693,2,2019/07/15
1702,1,2015/02/15
1712,1,2016/08/15
1729,1,2018/10/15
1733,2,2017/03/15
1748,3,2015/12/15
1754,3,2015/02/15
1768,1,2015/01/15
1778,3,2017/11/15
1783,3,2019/05/15
1799,1,2019/08/15
1805,3,2017/09/15
1812,3,2019/10/15
1829,1,2018/03/15
1839,3,2016/08/15
1843,2,2018/01/15
1853,1,2019/07/15
1870,3,2019/09/15
1872,3,2016/07/15
1887,3,2016/10/15
1898,1,2017/08/15
1904,2,2019/03/15
1914,1,2019/08/15
1925,2,2018/10/15
1938,2,2016/09/15
1946,1,2017/10/15
1951,3,2016/09/15
1967,2,2017/05/15
1979,1,2019/03/15
1985,3,2017/10/15
2000,1,2016/06/15
2008,1,2016/06/15
2018,2,2015/04/15
2027,2,2015/09/15
2034,2,2017/01/15
2041,3,2016/11/15
2060,2,2015/05/15
2063,2,2015/03/15
2079,2,2018/07/15
2086,3,2015/04/15
2094,1,2018/01/15
2108,2,2019/02/15
2111,1,2015/02/15
2122,2,2015/01/15
2140,1,2016/03/15
2147,2,2016/06/15
2160,1,2015/07/15
2169,1,2019/04/15
2173,2,2016/01/15
2182,1,2016/03/15
2194,2,2016/06/15
2210,1,2017/12/15
2215,3,2015/02/15
2225,2,2017/05/15
2236,2,2019/06/15
2248,3,2018/01/15
2253,1,2015/06/15
2262,1,2018/07/15
2278,3,2015/09/15
2282,2,2018/07/15
2295,3,2018/11/15
2305,1,2016/12/15
2320,1,2016/08/15
2321,1,2018/05/15
2331,3,2018/03/15
2341,2,2018/10/15
2353,3,2017/06/15
2363,1,2019/09/15
2372,2,2017/07/15
2390,3,2017/10/15
2391,3,2017/02/15
2410,1,2017/01/15
2419,1,2016/11/15
2427,1,2018/12/15
2438,1,2016/01/15
2446,2,2018/08/15
2451,2,2016/12/15
2462,3,2018/03/15
2476,1,2016/06/15
2484,3,2017/03/15
2492,3,2015/11/15
2508,3,2019/07/15
2511,1,2018/08/15
2526,2,2016/08/15
2538,2,2017/12/15
2542,2,2016/09/15
2557,2,2015/12/15
2565,3,2015/08/15
2575,1,2017/04/15
2581,1,2019/03/15
2596,2,2018/02/15
2610,1,2018/09/15
2616,2,2018/09/15
2628,3,2017/05/15
2636,2,2016/01/15
2644,2,2018/10/15
2658,1,2015/11/15
2666,3,2015/01/15
2674,3,2015/04/15
2689,3,2015/06/15
2693,3,2015/01/15
2707,2,2016/03/15
2713,3,2016/08/15
2722,3,2017/12/15
2732,2,2019/09/15
2744,3,2019/10/15
2757,1,2015/07/15
2770,1,2015/03/15
2779,1,2016/06/15
2789,2,2018/02/15
2794,3,2018/07/15
2810,1,2017/02/15
2817,1,2019/01/15
2822,3,2019/10/15
2838,3,2016/09/15
2850,2,2019/10/15
2856,1,2016/06/15
2869,1,2017/02/15
2880,1,2018/11/15
2885,1,2015/02/15
2895,3,2016/08/15
2907,1,2016/05/15
2920,3,2015/12/15
2922,3,2018/09/15
2932,1,2015/12/15
2941,2,2015/01/15
2960,3,2019/05/15
2970,1,2017/06/15
2980,3,2015/07/15
2988,2,2019/09/15
2992,3,2018/04/15
3009,2,2019/12/15
3015,1,2019/06/15
3027,1,2017/08/15
3039,2,2019/10/15
3046,2,2016/06/15
3054,1,2019/02/15
3067,3,2019/10/15
3078,2,2015/08/15
3089,3,2017/04/15
3091,2,2018/08/15
3106,1,2016/05/15
3118,1,2015/04/15
3128,2,2018/02/15
3136,3,2015/03/15
3146,1,2015/04/15
3155,1,2019/04/15
3161,2,2017/01/15
3180,1,2018/06/15
3186,3,2019/05/15
3192,3,2018/12/15
3204,2,2015/12/15
3211,1,2015/08/15
3223,1,2019/09/15
3233,3,2019/05/15
3244,2,2017/04/15
3258,1,2018/05/15
3262,2,2018/05/15
3276,2,2016/11/15
3288,2,2019/10/15
3297,1,2017/12/15
3303,2,2018/07/15
3314,3,2019/08/15
3323,2,2019/12/15
3336,3,2016/09/15
3343,1,2015/11/15
3355,2,2018/02/15
3369,2,2019/07/15
3377,2,2017/11/15
3389,1,2016/03/15
3399,1,2019/01/15
3407,3,2015/03/15
3415,2,2019/10/15
3425,3,2018/11/15
3434,2,2015/03/15
3441,1,2018/09/15
3455,1,2017/05/15
3465,3,2017/04/15
3473,2,2016/11/15
3483,2,2015/09/15
3499,3,2017/04/15
3510,1,2015/04/15
3517,1,2017/09/15
3523,1,2017/09/15
3536,3,2015/12/15
3550,2,2016/02/15
3551,2,2019/04/15
3570,1,2015/10/15
3580,2,2015/11/15
3588,1,2015/05/15
3595,2,2015/08/15
3610,2,2016/06/15
3616,2,2016/06/15
3621,2,2018/02/15
3632,2,2017/01/15
3647,2,2019/07/15
3651,3,2017/11/15
3662,2,2016/07/15
3673,1,2015/02/15
3689,2,2017/05/15
3699,3,2019/11/15
3706,2,2019/08/15
3711,2,2018/09/15
3729,2,2016/12/15
3735,2,2018/07/15
3743,3,2015/06/15
3754,1,2017/02/15
3768,1,2017/07/15
3772,2,2017/08/15
3788,2,2016/10/15
3798,3,2017/07/15
3806,3,2017/01/15
3815,1,2018/08/15
3823,3,2015/08/15
3840,2,2018/08/15
3848,1,2016/11/15
3857,2,2017/05/15
3870,3,2016/09/15
3878,3,2016/04/15
3885,3,2016/11/15
3891,3,2017/05/15
3907,2,2019/08/15
3912,3,2016/11/15
3930,2,2018/08/15
3932,1,2019/01/15
3950,1,2018/10/15
3960,1,2015/05/15
3969,2,2016/11/15
3974,3,2016/01/15
3984,1,2018/06/15
3999,3,2016/11/15
4004,1,2017/06/15
4013,2,2017/03/15
4027,2,2019/07/15
4034,1,2019/03/15
4046,1,2015/11/15
4051,2,2019/05/15
4066,2,2018/06/15
4076,1,2016/11/15
4081,3,2016/04/15
4092,3,2017/09/15
4104,2,2016/09/15
4117,1,2019/02/15
4125,1,2015/07/15
4135,3,2019/12/15
4146,3,2017/01/15
4158,3,2019/11/15
4165,1,2016/07/15
4173,3,2016/08/15
4183,2,2016/11/15
4198,1,2015/03/15
4203,1,2018/09/15
4220,3,2018/07/15
4225,1,2017/03/15
4239,2,2015/03/15
4249,1,2018/02/15
4251,3,2018/05/15
4265,3,2016/03/15
4272,1,2017/06/15
4283,1,2015/04/15
4300,3,2018/05/15
4310,1,2018/09/15
4318,3,2019/07/15
4321,2,2018/02/15
4337,2,2017/02/15
4344,3,2016/07/15
4351,3,2019/04/15
4361,1,2017/01/15
4380,2,2017/10/15
4387,1,2017/06/15
4399,2,2015/11/15
4402,3,2015/10/15
4411,2,2019/05/15
4423,1,2019/04/15
4431,3,2018/02/15
4449,1,2015/10/15
4456,2,2018/03/15
4468,1,2018/07/15
4477,3,2017/11/15
4484,2,2018/05/15
4491,2,2018/05/15
4508,2,2018/10/15
4515,1,2019/04/15
4526,1,2015/02/15
4537,3,2016/05/15
4550,1,2019/08/15
4557,2,2017/01/15
4570,1,2017/12/15
4577,1,2016/06/15
4589,3,2016/03/15
4593,1,2017/10/15
4603,3,2019/11/15
4615,1,2016/05/15
4623,1,2015/12/15
4636,2,2019/07/15
4647,2,2017/05/15
4656,3,2018/05/15
4668,1,2018/12/15
4673,1,2019/06/15
4689,3,2016/04/15
4691,2,2018/04/15
4708,3,2016/04/15
4712,1,2019/10/15
4727,1,2015/03/15
4731,3,2018/10/15
4741,1,2018/03/15
4755,2,2018/04/15
4763,3,2018/04/15
4776,1,2018/03/15
4790,3,2017/02/15
4791,1,2019/09/15
4806,1,2019/08/15
4811,2,2016/01/15
4829,1,2016/04/15
4837,3,2018/12/15
4850,1,2016/06/15
4856,3,2018/06/15
4868,1,2017/11/15
4875,2,2017/01/15
4886,2,2018/08/15
4892,1,2018/01/15
4902,3,2016/10/15
4920,3,2018/11/15
4922,1,2016/09/15
4939,3,2015/08/15
4941,3,2017/07/15
4953,1,2018/10/15
4966,1,2016/09/15
4973,1,2018/05/15
4990,1,2015/11/15
5000,3,2018/02/15
5009,1,2019/10/15
5020,3,2017/01/15
5027,3,2018/11/15
5040,1,2018/07/15
5045,1,2016/09/15
5051,3,2015/01/15
5061,1,2019/01/15
5072,3,2015/01/15
5088,1,2018/09/15
5091,1,2018/09/15
5101,2,2017/12/15
5117,1,2017/02/15
5123,3,2019/05/15
5138,3,2017/10/15
5143,2,2019/05/15
5151,1,2016/10/15
5161,1,2017/01/15
5174,1,2018/05/15
5186,1,2016/03/15
5196,3,2016/10/15
5207,1,2015/05/15
5211,2,2015/04/15
5230,3,2018/01/15
5231,3,2019/01/15
5241,1,2015/05/15
5256,3,2018/02/15
5261,1,2016/07/15
5280,2,2016/07/15
5288,2,2019/10/15
5291,1,2015/12/15
5301,3,2019/01/15
5317,3,2015/09/15
5322,1,2015/08/15
5340,3,2018/01/15
5350,1,2017/11/15
5358,3,2017/07/15
5364,1,2016/05/15
5375,2,2016/06/15
5382,1,2017/10/15
5391,3,2017/02/15
5409,2,2018/10/15
5416,2,2019/06/15
5427,2,2016/06/15
5433,3,2019/08/15
5442,1,2019/07/15
5457,1,2015/10/15
5466,2,2017/08/15
5473,1,2018/02/15
5488,2,2019/04/15
5492,3,2018/10/15
5502,1,2016/06/15
5520,1,2015/01/15
5525,1,2017/02/15
5533,2,2019/10/15
5542,2,2017/06/15
5557,1,2017/05/15
5568,2,2018/10/15
5573,2,2018/05/15
5587,3,2019/07/15
5591,3,2018/07/15
5610,1,2018/03/15
5619,2,2015/01/15
5622,2,2017/10/15
5637,1,2015/05/15
5646,3,2015/10/15
5654,3,2016/12/15
5667,1,2017/10/15
5680,1,2016/11/15
5685,1,2015/04/15
5698,1,2016/11/15
5707,3,2018/04/15
5719,3,2018/05/15
5728,3,2015/01/15
5736,2,2015/04/15
5745,2,2015/05/15
5758,2,2016/02/15
5764,2,2017/02/15
5776,3,2019/03/15
5785,2,2017/04/15
5796,1,2018/03/15
5809,3,2016/06/15
5813,1,2018/09/15
5829,3,2015/07/15
5831,2,2018/06/15
5848,1,2017/04/15
5858,2,2017/03/15
5863,3,2017/09/15
5871,1,2019/12/15
5881,1,2016/04/15
5895,1,2019/04/15
5909,1,2019/11/15
5915,2,2016/03/15
5926,3,2017/05/15
5936,1,2017/10/15
5950,1,2017/01/15
5954,2,2019/05/15
5967,2,2018/03/15
5975,3,2017/04/15
5988,1,2016/04/15
5999,2,2017/05/15
6006,1,2018/02/15
6011,2,2019/01/15
6025,2,2015/10/15
6039,1,2016/07/15
6045,3,2018/12/15
6057,1,2016/05/15
6066,2,2018/06/15
6072,1,2019/09/15
6082,2,2019/03/15
6100,3,2016/05/15
6102,2,2015/01/15
6115,2,2018/11/15
6124,2,2019/12/15
6137,1,2016/03/15
6146,3,2018/08/15
6152,2,2016/04/15
6161,1,2017/12/15
6180,3,2016/02/15
6181,2,2015/06/15
6200,3,2016/04/15
6202,1,2016/10/15
6212,2,2015/09/15
6226,3,2016/08/15
6232,3,2019/04/15
6250,2,2016/11/15
6251,2,2019/01/15
6263,1,2017/03/15
6279,3,2017/12/15
6290,3,2018/02/15
6293,3,2019/10/15
6305,1,2017/09/15
6320,1,2019/12/15
6327,1,2019/09/15
6339,3,2018/02/15
6349,1,2016/09/15
6351,3,2018/12/15
6366,2,2015/10/15
6372,3,2017/08/15
6382,3,2016/03/15
6393,1,2015/12/15
6405,3,2018/05/15
6417,1,2017/07/15
6426,3,2016/07/15
6436,3,2017/01/15
6444,2,2018/07/15
6455,2,2015/08/15
6464,2,2019/08/15
6478,3,2017/04/15
6489,1,2018/06/15
6496,1,2015/01/15
6509,1,2017/05/15
6512,1,2016/07/15
6527,1,2015/02/15
6536,1,2018/11/15
6548,2,2017/07/15
6556,1,2019/05/15
6564,2,2019/10/15
6576,3,2019/05/15
6582,2,2018/05/15
6596,1,2019/02/15
6604,3,2016/11/15
6612,1,2018/11/15
6627,1,2016/02/15
6635,1,2017/09/15
6647,2,2017/03/15
6653,2,2018/05/15
6669,2,2018/05/15
6676,2,2017/11/15
6685,3,2018/08/15
6699,2,2017/07/15
6708,3,2018/02/15
6711,1,2019/09/15
6726,2,2019/10/15
6739,2,2015/08/15
6750,3,2015/07/15
6756,2,2016/12/15
6765,1,2017/04/15
6776,1,2019/04/15
6789,2,2016/11/15
6797,1,2018/03/15
6807,2,2015/06/15
6812,1,2015/03/15
6822,1,2018/08/15
6838,1,2018/03/15
6842,1,2017/09/15
6853,2,2019/02/15
6869,2,2015/07/15
6877,2,2019/04/15
6883,3,2018/06/15
6891,3,2018/03/15
6901,2,2019/11/15
6915,2,2015/09/15
6927,2,2016/12/15
6931,2,2015/11/15
6948,1,2017/05/15
6957,1,2018/11/15
6962,2,2016/02/15
6974,3,2016/05/15
6984,1,2015/11/15
6997,1,2017/04/15
7010,3,2016/11/15
7013,1,2019/01/15
7023,1,2016/12/15
7036,1,2019/09/15
7045,1,2019/10/15
7052,1,2015/07/15
7064,2,2016/01/15
7077,3,2016/07/15
7088,2,2017/01/15
7099,1,2015/01/15
7106,2,2015/02/15
7115,3,2019/12/15
7121,3,2018/04/15
7140,3,2019/04/15
7143,1,2016/11/15
7152,2,2017/11/15
7162,3,2019/12/15
7172,3,2015/09/15
7185,1,2019/12/15
7200,3,2019/01/15
7205,3,2016/05/15
7217,1,2018/11/15
7224,3,2018/06/15
7236,1,2016/10/15
7241,1,2018/03/15
7254,3,2019/09/15
7269,3,2018/11/15
7275,2,2019/11/15
7283,1,2016/11/15
7295,3,2019/10/15
7308,2,2016/05/15
7319,2,2015/11/15
7330,3,2015/04/15
7337,1,2015/07/15
7348,3,2016/02/15
7354,1,2015/08/15
7366,1,2017/12/15
7371,1,2018/11/15
7390,1,2016/10/15
7397,2,2018/08/15
7403,3,2019/11/15
7418,3,2016/07/15
7427,3,2018/12/15
7431,2,2017/07/15
7449,1,2017/12/15
7455,1,2018/04/15
7463,1,2015/12/15
7474,3,2017/07/15
7486,2,2017/04/15
7496,3,2019/03/15
7506,2,2015/08/15
7512,3,2016/12/15
7529,3,2019/04/15
7540,3,2017/03/15
7548,3,2015/01/15
7555,3,2018/12/15
7563,1,2016/10/15
7580,1,2015/06/15
7586,1,2015/08/15
7600,2,2018/11/15
7602,2,2015/01/15
7613,3,2016/12/15
7624,2,2015/10/15
7633,2,2018/07/15
7648,3,2016/08/15
7660,1,2015/06/15
7666,1,2015/06/15
7677,3,2016/09/15
7683,2,2019/07/15
7692,1,2017/06/15
7707,2,2016/10/15
7712,3,2016/11/15
7729,3,2017/11/15
7740,2,2016/07/15
7749,2,2015/06/15
7752,2,2016/06/15
7768,1,2015/11/15
7772,2,2016/10/15
7790,2,2018/02/15
7796,3,2019/06/15
7807,2,2016/08/15
7811,2,2015/11/15
7822,1,2016/04/15
7836,2,2018/04/15
7847,3,2016/10/15
7853,2,2018/04/15
7863,1,2016/10/15
7872,1,2016/10/15
7888,2,2017/10/15
7893,2,2018/05/15
7908,3,2018/03/15
7916,2,2017/03/15
7923,3,2015/08/15
7934,2,2019/08/15
7949,1,2017/01/15
7956,3,2019/04/15
7964,1,2015/08/15
7978,3,2019/06/15
7987,3,2018/04/15
7992,1,2017/06/15
8001,2,2015/05/15
8012,3,2019/01/15
8022,2,2015/08/15
8032,3,2019/07/15
8042,3,2015/12/15
8057,1,2017/05/15
8069,1,2017/12/15
8074,1,2017/05/15
8087,2,2018/10/15
8094,3,2019/07/15
8102,3,2015/04/15
8119,1,2019/01/15
8122,3,2019/10/15
8132,2,2015/12/15
8145,3,2019/11/15
8158,2,2016/05/15
8170,3,2015/04/15
8178,1,2019/11/15
8181,3,2015/11/15
8192,1,2019/04/15
8201,3,2015/03/15
8213,1,2015/09/15
8230,1,2017/09/15
8236,3,2015/06/15
8248,1,2018/06/15
8254,2,2016/05/15
8266,2,2016/09/15
8276,1,2019/08/15
8281,3,2018/04/15
8292,3,2015/01/15
8301,2,2018/07/15
8315,3,2019/03/15
8322,3,2018/07/15
8333,1,2019/10/15
8346,1,2017/02/15
8354,2,2018/06/15
8364,2,2018/07/15
8375,3,2018/06/15
8385,2,2019/10/15
8393,3,2015/06/15
8407,3,2019/11/15
8418,3,2018/05/15
8421,1,2017/06/15
8436,1,2019/11/15
8448,2,2016/02/15
8455,3,2017/11/15
8464,2,2018/08/15
8475,3,2015/01/15
8485,1,2019/03/15
8499,2,2017/11/15
8508,1,2016/03/15
8513,1,2015/12/15
8529,2,2015/05/15
8535,3,2016/11/15
8543,3,2017/09/15
8557,2,2018/01/15
8566,2,2016/05/15
8573,3,2016/12/15
8588,2,2015/01/15
8599,1,2015/09/15
8607,1,2015/02/15
8619,1,2019/02/15
8622,2,2018/10/15
8640,2,2018/07/15
8642,1,2019/05/15
8658,1,2016/07/15
8668,2,2017/08/15
8677,2,2016/04/15
8687,2,2017/07/15
8697,2,2018/10/15
8710,2,2017/12/15
8719,2,2017/12/15
8724,2,2016/02/15
8736,2,2018/05/15
8750,1,2019/08/15
8758,1,2019/06/15
8767,2,2019/04/15
8779,2,2015/10/15
8790,3,2018/10/15
8791,1,2018/06/15
8806,1,2017/02/15
8817,1,2017/08/15
8825,2,2016/03/15
8838,1,2017/05/15
8846,2,2018/06/15
8852,3,2016/01/15
8866,3,2019/08/15
8872,2,2015/09/15
8888,2,2018/05/15
8899,1,2015/04/15
8907,1,2017/04/15
8915,1,2018/01/15
8927,2,2017/09/15
8933,3,2019/10/15
8948,3,2017/11/15
8954,2,2017/01/15
8962,2,2017/01/15
8976,2,2016/03/15
8987,3,2017/02/15
9000,1,2015/07/15
9007,2,2016/11/15
9014,1,2018/02/15
9028,1,2019/02/15
9038,2,2015/11/15
9050,2,2019/07/15
9051,1,2018/09/15
9062,1,2019/02/15
9075,1,2018/02/15
9087,3,2015/01/15
9091,3,2015/10/15
9110,1,2019/09/15
9118,1,2017/09/15
9126,2,2015/08/15
9139,3,2016/01/15
9142,1,2015/08/15
9152,3,2018/10/15
9168,3,2019/09/15
9176,1,2017/07/15
9182,2,2015/11/15
9194,3,2017/12/15
9203,3,2017/02/15
9218,3,2015/11/15
9221,1,2017/03/15
9240,1,2015/09/15
9241,3,2017/08/15
9259,3,2015/01/15
9263,2,2019/08/15
9272,2,2018/05/15
9284,1,2017/01/15
9291,2,2019/02/15
9308,2,2016/10/15
9318,2,2017/10/15
9323,3,2017/02/15
9338,2,2015/01/15
9350,1,2018/02/15
9358,1,2017/01/15
9365,3,2015/07/15
9375,1,2018/04/15
9385,1,2015/03/15
9394,2,2015/08/15
9404,2,2018/01/15
9412,3,2015/02/15
9430,3,2016/09/15
9440,3,2018/06/15
9447,3,2015/02/15
9459,3,2016/04/15
9468,2,2017/02/15
9479,2,2018/03/15
9490,2,2016/01/15
9493,2,2015/03/15
9501,2,2019/01/15
9511,3,2017/09/15
9526,2,2019/04/15
9533,1,2017/12/15
9547,1,2015/07/15
9556,3,2018/06/15
9563,1,2017/06/15
9574,3,2018/06/15
9581,2,2017/02/15
9594,3,2019/11/15
9605,2,2015/08/15
9619,3,2018/06/15
9629,3,2019/05/15
9636,3,2019/09/15
9648,2,2015/02/15
9651,3,2017/03/15
9666,3,2016/11/15
9680,1,2018/05/15
9688,3,2015/08/15
9697,3,2015/06/15
9704,1,2018/11/15
9718,2,2018/07/15
9730,3,2017/01/15
9738,1,2016/04/15
9741,2,2015/01/15
9758,3,2016/06/15
9768,2,2015/05/15
9771,1,2019/06/15
9783,2,2016/01/15
9793,1,2017/03/15
9809,1,2016/07/15
9813,2,2019/04/15
9822,3,2016/11/15
9839,3,2016/08/15
9841,2,2015/03/15
9857,3,2018/11/15
9865,1,2019/09/15
9871,2,2019/11/15
9886,1,2017/09/15
9898,1,2015/12/15
9903,1,2018/02/15
9920,1,2018/01/15
9926,3,2016/02/15
9936,3,2019/01/15
9950,3,2019/01/15
9953,3,2019/10/15
9970,2,2017/10/15
9978,2,2018/12/15
9988,2,2015/09/15
9996,3,2019/02/15
10006,1,2016/02/15
10011,1,2015/12/15
10021,3,2015/04/15
10038,1,2015/09/15
10045,2,2017/03/15
10051,1,2015/10/15
10068,1,2017/04/15
10071,2,2017/08/15
10085,3,2018/06/15
10100,3,2017/12/15
10109,2,2016/08/15
10115,2,2016/12/15
10130,3,2015/12/15
10132,1,2018/11/15
10146,2,2015/08/15
10158,2,2016/02/15
10164,3,2018/04/15
10179,1,2016/09/15
10186,2,2016/01/15
10200,3,2019/11/15
10207,1,2019/10/15
10215,2,2018/01/15
10221,3,2018/09/15
10235,3,2019/10/15
10249,2,2015/09/15
10256,1,2017/01/15
10269,3,2015/10/15
10276,1,2018/03/15
10282,2,2019/07/15
10293,2,2017/04/15
10305,1,2019/12/15
10312,3,2018/01/15
10324,3,2018/11/15
10331,1,2019/12/15
10341,3,2018/09/15
10360,2,2019/01/15
10361,3,2017/05/15
10376,1,2018/12/15
10384,2,2019/06/15
10395,2,2017/10/15
10405,1,2017/07/15
10415,2,2017/07/15
10424,1,2015/04/15
10438,1,2016/11/15
10441,3,2015/07/15
10452,3,2017/06/15
10464,2,2019/10/15
10472,2,2017/07/15
10488,1,2015/03/15
10497,2,2018/01/15
10509,3,2016/07/15
10511,3,2017/01/15
10528,2,2017/11/15
10534,1,2016/10/15
10546,2,2017/09/15
10559,1,2016/08/15
10564,2,2018/12/15
10580,2,2019/09/15
10585,1,2016/06/15
10591,3,2017/10/15
10603,3,2018/09/15
10611,1,2017/08/15
10624,1,2016/03/15
10632,2,2019/06/15
10649,2,2017/10/15
10651,2,2017/07/15
10668,3,2019/10/15
10675,2,2018/10/15
10684,1,2017/06/15
10693,3,2015/08/15
10710,2,2019/02/15
10720,3,2017/10/15
10723,1,2017/05/15
10735,1,2019/02/15
10749,3,2019/05/15
10752,2,2015/07/15
10768,2,2019/01/15
10776,1,2018/06/15
10784,2,2017/04/15
10793,1,2015/07/15
10802,2,2019/07/15
10817,3,2018/07/15
10827,2,2019/10/15
10832,1,2016/11/15
10846,1,2019/02/15
10854,3,2017/09/15
10863,1,2015/07/15
10873,1,2015/06/15
10888,3,2015/05/15
10898,3,2019/05/15
10904,3,2015/06/15
10919,2,2017/06/15
10928,2,2017/01/15
10931,1,2018/04/15
10943,3,2018/07/15
10960,3,2019/08/15
10969,1,2015/07/15
10978,3,2019/02/15
10988,1,2018/08/15
10997,1,2015/05/15
11005,2,2017/06/15
11017,1,2018/11/15
11021,2,2016/12/15
11034,2,2017/03/15
11045,2,2018/03/15
11056,3,2016/05/15
11069,3,2015/06/15
11071,1,2019/06/15
11087,1,2019/04/15
11096,3,2015/08/15
11103,2,2017/08/15
11120,1,2019/05/15
11128,2,2017/04/15
11134,3,2018/03/15
11149,3,2018/12/15
11158,2,2016/05/15
11169,1,2018/05/15
11180,3,2019/03/15
11184,2,2019/04/15
11197,3,2018/05/15
11203,1,2018/08/15
11213,1,2019/02/15
11221,2,2015/09/15
11231,2,2015/11/15
11248,3,2016/09/15
11256,1,2019/11/15
11268,3,2016/05/15
11276,3,2018/10/15
11283,2,2017/05/15
11297,1,2017/09/15
11308,2,2017/10/15
11320,2,2018/08/15
11323,3,2016/10/15
11333,1,2018/12/15
11342,3,2016/08/15
11358,1,2017/12/15
11364,3,2016/01/15
11371,3,2018/10/15
11385,1,2018/05/15
11397,2,2015/11/15
11404,2,2018/07/15
11418,1,2017/11/15
11422,3,2017/12/15
11439,3,2019/03/15
11448,1,2016/10/15
11452,3,2018/08/15
11462,1,2019/10/15
11476,3,2018/11/15
11484,1,2017/01/15
11496,3,2019/09/15
11508,2,2018/07/15
11513,2,2018/01/15
11529,3,2019/01/15
11540,2,2018/01/15
11547,2,2019/04/15
11556,2,2015/11/15
11568,2,2019/05/15
11576,3,2015/04/15
11583,3,2019/07/15
11593,2,2017/02/15
11606,1,2015/07/15
11618,3,2018/05/15
11624,2,2018/11/15
11640,3,2018/09/15
11645,3,2015/12/15
11656,1,2016/10/15
11669,1,2016/02/15
11677,3,2015/04/15
11682,1,2019/11/15
11691,2,2016/04/15
11709,3,2015/10/15
11719,3,2017/04/15
11727,2,2016/03/15
11738,2,2015/07/15
11746,2,2018/04/15
11753,3,2017/05/15
11762,2,2016/02/15
11779,2,2017/09/15
11786,2,2017/05/15
11796,1,2018/03/15
11807,3,2017/05/15
11814,2,2019/12/15
11829,2,2015/02/15
11835,3,2017/07/15
11842,3,2018/11/15
11854,1,2018/11/15
11868,1,2016/05/15
11872,3,2018/10/15
11887,1,2015/01/15
11897,1,2019/07/15
11908,1,2018/02/15
11919,1,2018/12/15
11929,2,2019/02/15
11936,2,2019/04/15
11946,1,2018/09/15
11951,1,2017/09/15
11964,3,2018/12/15
11979,2,2017/07/15
11988,1,2018/08/15
11992,2,2017/01/15
12008,2,2015/04/15
12019,1,2018/06/15
12024,1,2016/04/15
12036,3,2015/11/15
12045,3,2019/04/15
12054,2,2018/02/15
12065,2,2018/08/15
12079,1,2018/08/15
12087,3,2019/07/15
12099,2,2015/03/15
12109,1,2017/05/15
12111,2,2016/06/15
12123,1,2018/08/15
12135,2,2018/12/15
12141,2,2017/11/15
12157,1,2017/04/15
12170,2,2019/10/15
12171,3,2015/11/15
12183,2,2016/03/15
12191,2,2018/05/15
12207,2,2019/02/15
12220,3,2015/12/15
12222,2,2019/11/15
12238,2,2015/09/15
12250,1,2017/01/15
12260,2,2019/03/15
12261,1,2017/02/15
12277,1,2017/04/15
12286,2,2016/07/15
12293,2,2017/05/15
12310,2,2016/09/15
12319,2,2016/10/15
12325,3,2018/06/15
12335,3,2018/06/15
12349,1,2018/07/15
12352,1,2018/10/15
12367,1,2016/11/15
12376,3,2016/06/15
12383,2,2015/02/15
12400,2,2019/05/15
12405,3,2019/11/15
12414,2,2016/03/15
12426,3,2018/09/15
12432,2,2017/10/15
12447,3,2018/03/15
12457,3,2018/12/15
12465,3,2015/05/15
12474,3,2018/10/15
12487,2,2018/01/15
12491,3,2016/08/15
12510,3,2016/02/15
12515,3,2019/02/15
12527,2,2016/04/15
12535,1,2016/11/15
12550,2,2016/04/15
12554,1,2015/01/15
12567,3,2015/10/15
12577,1,2017/08/15
12583,3,2018/09/15
12596,2,2019/02/15
12602,1,2017/07/15
12614,2,2017/03/15
12621,3,2017/05/15
12639,2,2016/07/15
12643,2,2016/12/15
12657,3,2018/12/15
12665,2,2018/12/15
12671,2,2015/02/15
12688,2,2018/02/15
12693,1,2016/03/15
12710,3,2017/11/15
12715,3,2016/10/15
12723,3,2018/12/15
12735,2,2019/12/15
12748,2,2019/10/15
12751,1,2019/11/15
12767,3,2019/11/15
12780,1,2015/11/15
12782,2,2018/08/15
12796,1,2016/10/15
12809,1,2018/04/15
12816,3,2016/04/15
12823,1,2015/04/15
12833,1,2015/11/15
12848,1,2018/08/15
12855,3,2017/09/15
12864,1,2016/12/15
12874,3,2018/03/15
12889,2,2017/05/15
12893,3,2018/06/15
12910,3,2018/03/15
12918,3,2015/07/15
12921,3,2015/07/15
12936,3,2016/12/15
12950,2,2019/04/15
12953,2,2017/01/15
12962,1,2017/05/15
12980,1,2018/12/15
12988,2,2015/07/15
12995,1,2015/07/15
13001,1,2015/08/15
13019,2,2018/10/15
13030,2,2015/02/15
13032,3,2016/03/15
13049,2,2017/10/15
13058,2,2018/06/15
13069,3,2015/05/15
13072,1,2019/03/15
13083,1,2019/01/15
13094,2,2019/04/15
13110,3,2017/01/15
13117,3,2016/06/15
13124,3,2016/01/15
13133,3,2017/02/15
13149,2,2017/12/15
13156,2,2015/10/15
13165,1,2019/10/15
13176,3,2015/06/15
13187,2,2017/04/15
13193,3,2018/08/15
13208,3,2018/12/15
13219,1,2015/09/15
13228,2,2018/04/15
13231,3,2015/06/15
13250,3,2016/06/15
13257,1,2019/03/15
13269,2,2017/01/15
13274,1,2018/01/15
13283,1,2015/01/15
13295,1,2018/02/15
13309,2,2017/11/15
13313,2,2016/02/15
13325,2,2018/01/15
13339,2,2016/09/15
13341,3,2018/05/15
13351,2,2017/04/15
13367,2,2016/02/15
13378,1,2016/07/15
13386,3,2017/10/15
13393,3,2019/08/15
13403,2,2018/02/15
13412,3,2019/02/15
13428,2,2017/11/15
13440,3,2015/07/15
13446,2,2018/03/15
13457,3,2018/02/15
13467,1,2019/11/15
13480,3,2017/03/15
13485,1,2016/07/15
13493,1,2018/12/15
13508,1,2019/08/15
13513,3,2015/09/15
13525,3,2019/01/15
13539,3,2015/06/15
13549,1,2016/10/15
13560,3,2019/05/15
13562,2,2019/05/15
13575,2,2016/03/15
13588,1,2019/12/15
13592,1,2018/08/15
13609,2,2018/09/15
13614,3,2015/03/15
13630,2,2019/11/15
13635,3,2016/08/15
13644,1,2019/10/15
13657,2,2015/05/15
13666,3,2016/09/15
13679,1,2016/10/15
13687,1,2017/12/15
13699,2,2015/10/15
13702,1,2018/08/15
13712,3,2016/06/15
13721,1,2016/08/15
13736,1,2015/02/15
13742,2,2019/01/15
13754,1,2019/12/15
13762,1,2019/01/15
13780,1,2019/02/15
13783,2,2019/05/15
13795,1,2019/05/15
13803,1,2015/11/15
13815,1,2019/08/15
13825,3,2018/10/15
13831,2,2018/03/15
13849,3,2016/11/15
13859,1,2019/02/15
13866,3,2017/12/15
13879,2,2016/02/15
13886,2,2015/12/15
13895,1,2018/11/15
13909,2,2018/11/15
13919,2,2015/10/15
13922,1,2018/12/15
13933,2,2015/10/15
13945,2,2018/04/15
13960,1,2017/06/15
13965,2,2017/12/15
13975,1,2018/04/15
13985,2,2015/05/15
13999,1,2015/01/15
14005,3,2019/08/15
14014,1,2017/09/15
14027,1,2019/07/15
14033,2,2015/09/15
14049,2,2018/04/15
14057,2,2017/01/15
14069,3,2016/09/15
14079,2,2018/03/15
14083,3,2019/07/15
14098,2,2016/05/15
14106,1,2019/09/15
14116,1,2017/05/15
14126,1,2018/02/15
14135,1,2015/04/15
14149,2,2019/09/15
14151,2,2019/04/15
14164,3,2018/02/15
14172,3,2017/09/15
14183,2,2017/10/15
14195,3,2016/12/15
14209,3,2015/04/15
14211,1,2017/12/15
14229,2,2018/11/15
14233,2,2015/07/15
14244,3,2018/07/15
14259,1,2016/02/15
14266,3,2019/01/15
14276,1,2019/06/15
14290,1,2018/01/15
14293,2,2019/02/15
14309,2,2019/02/15
14312,1,2018/07/15
14330,1,2015/11/15
14335,2,2019/01/15
14341,3,2015/07/15
14360,3,2019/11/15
14361,3,2019/05/15
14371,3,2017/12/15
14385,2,2015/08/15
14395,3,2015/06/15
14401,1,2016/07/15
14417,1,2017/08/15
14422,2,2015/02/15
14436,1,2019/08/15
14450,3,2019/12/15
14458,2,2019/03/15
14469,1,2019/04/15
14479,1,2018/11/15
14484,1,2017/12/15
14495,1,2017/07/15
14507,3,2018/03/15
14520,2,2019/11/15
14526,3,2019/04/15
14533,3,2017/01/15
14549,2,2016/08/15
14555,1,2017/10/15
14563,1,2018/08/15
14571,1,2015/08/15
14581,3,2019/12/15
14595,3,2019/01/15
14606,2,2016/09/15
14615,3,2018/04/15
14623,1,2019/08/15
14632,2,2017/05/15
14645,1,2019/06/15
14654,1,2015/05/15
14661,1,2016/07/15
14678,1,2017/03/15
14689,3,2019/03/15
14698,3,2017/12/15
14708,2,2018/12/15
14719,1,2016/04/15
14722,1,2019/07/15
14736,3,2019/07/15
14750,1,2015/09/15
14755,3,2019/04/15
14766,3,2017/04/15
14777,1,2015/05/15
14784,3,2016/03/15
14799,2,2017/12/15
14810,2,2017/06/15
14813,2,2015/04/15
14827,1,2019/02/15
14839,3,2017/05/15
14848,3,2018/05/15
14860,3,2018/05/15
14867,1,2018/06/15
14878,1,2016/09/15
14885,3,2015/10/15
14893,1,2015/11/15
14905,1,2015/03/15
14920,2,2018/09/15
14925,1,2015/05/15
14931,3,2018/09/15
14941,2,2015/10/15
14956,2,2017/01/15
14964,3,2019/08/15
14980,3,2017/05/15
14990,2,2017/10/15
14991,1,2017/06/15
15005,3,2019/07/15
15016,3,2016/08/15
15021,2,2016/08/15
15040,3,2018/05/15
15046,2,2019/07/15
15054,2,2019/03/15
15061,2,2015/01/15
15077,2,2017/02/15
15083,2,2018/11/15
15092,3,2017/03/15
15105,3,2019/05/15
15118,2,2018/05/15
15129,2,2019/02/15
15131,3,2016/02/15
15143,2,2015/12/15
15160,3,2015/04/15
15162,3,2015/04/15
15178,2,2017/03/15
15185,1,2017/03/15
15198,1,2017/07/15
15210,2,2018/01/15
15213,1,2015/06/15
15225,1,2017/06/15
15240,2,2018/02/15
15244,3,2017/02/15
15255,3,2016/12/15
15262,3,2015/11/15
15272,3,2017/01/15
15282,1,2015/05/15
15293,1,2019/10/15
15305,1,2016/06/15
15319,3,2017/02/15
15329,3,2016/05/15
15339,2,2016/01/15
15345,2,2019/08/15
15352,2,2018/05/15
15366,3,2018/10/15
15380,2,2017/06/15
15390,3,2019/09/15
15398,2,2019/09/15
15405,1,2015/05/15
15418,2,2016/03/15
15429,1,2019/12/15
15437,2,2016/03/15
15444,1,2015/04/15
15457,2,2018/08/15
15465,2,2016/03/15
15472,1,2019/08/15
15484,3,2019/01/15
15493,1,2016/01/15
15507,1,2015/04/15
15517,2,2017/12/15
15525,2,2016/02/15
15533,3,2018/09/15
15546,1,2019/09/15
15553,3,2016/08/15
15568,1,2018/01/15
15576,3,2015/03/15
15590,1,2017/08/15
15596,1,2017/01/15
15608,3,2015/12/15
15617,3,2018/04/15
15630,2,2015/03/15
15635,2,2018/03/15
15647,2,2016/03/15
15654,2,2017/05/15
15667,3,2019/03/15
15671,2,2016/10/15
15683,2,2018/11/15
15694,2,2015/04/15
15701,1,2017/07/15
15716,1,2018/02/15
15728,1,2016/01/15
15735,3,2016/02/15
15748,1,2016/11/15
15758,2,2018/12/15
15770,2,2019/03/15
15780,1,2017/12/15
15783,3,2017/11/15
15792,1,2019/11/15
15804,2,2019/10/15
15812,1,2019/11/15
15827,1,2018/06/15
15837,2,2017/08/15
15849,1,2019/10/15
15854,1,2018/09/15
15863,1,2017/06/15
15876,2,2016/11/15
15889,1,2018/01/15
15897,2,2019/04/15
15908,3,2018/05/15
15912,1,2015/01/15
15925,3,2019/10/15
15932,2,2017/06/15
15949,1,2019/06/15
15956,1,2016/05/15
15966,3,2017/03/15
15975,2,2017/03/15
15981,1,2018/02/15
15994,2,2015/10/15
16006,3,2018/09/15
16016,1,2015/06/15
16022,1,2019/09/15
16034,1,2015/12/15
16043,2,2015/09/15
16058,3,2019/10/15
16070,2,2019/04/15
16072,1,2015/09/15
16082,3,2017/10/15
16100,2,2016/02/15
16107,1,2018/01/15
16115,3,2019/08/15
16123,1,2016/01/15
16139,1,2019/09/15
16148,3,2015/12/15
16151,1,2018/02/15
16170,1,2019/12/15
16177,1,2015/04/15
16184,3,2016/10/15
16196,1,2017/10/15
16204,3,2019/03/15
16220,3,2019/09/15
16226,3,2018/08/15
16232,2,2018/03/15
16245,3,2015/01/15
16259,1,2016/03/15
16269,3,2019/06/15
16280,2,2016/04/15
16281,1,2017/01/15
16299,2,2018/06/15
16305,2,2015/08/15
16319,3,2019/03/15
16325,3,2016/04/15
16331,3,2017/11/15
16344,2,2016/04/15
16359,2,2018/12/15
16368,1,2015/08/15
16377,3,2015/02/15
16383,1,2018/02/15
16400,2,2016/05/15
16405,2,2018/07/15
16414,1,2017/09/15
16428,3,2019/08/15
16434,2,2017/01/15
16448,2,2018/06/15
16454,3,2017/08/15
16469,1,2018/10/15
16479,1,2015/04/15
16488,3,2019/01/15
16492,1,2018/11/15
16510,3,2017/04/15
16514,1,2016/02/15
16526,3,2017/12/15
16537,1,2017/06/15
16543,1,2016/02/15
16554,2,2017/01/15
16563,1,2015/06/15
16575,3,2016/05/15
16585,3,2018/10/15
16600,3,2019/06/15
16610,2,2017/07/15
16615,3,2019/10/15
16623,1,2019/07/15
16636,1,2017/11/15
16646,2,2016/01/15
16654,3,2017/11/15
16666,1,2018/06/15
16671,2,2019/12/15
16681,2,2017/07/15
16694,2,2016/07/15
16708,1,2015/04/15
16716,2,2015/02/15
16723,2,2015/08/15
16732,2,2017/09/15
16747,1,2015/09/15
16757,1,2018/08/15
16765,1,2015/10/15
16778,2,2016/06/15
16787,2,2018/03/15
16800,3,2016/03/15
16804,2,2019/07/15
16820,1,2015/08/15
16824,1,2016/12/15
16834,1,2018/10/15
16844,3,2017/02/15
16853,3,2017/12/15
16863,2,2015/04/15
16873,2,2017/09/15
16890,1,2015/11/15
16896,2,2017/11/15
16907,3,2019/01/15
16920,2,2019/04/15
16923,2,2017/07/15
16934,3,2017/08/15
16944,3,2019/08/15
16953,2,2016/02/15
16967,2,2019/03/15
16979,2,2015/07/15
16984,3,2017/05/15
16993,2,2018/07/15
17010,1,2015/04/15
17011,2,2019/06/15
17024,3,2015/07/15
17033,2,2018/11/15
17049,2,2015/09/15
17052,1,2016/07/15
17070,3,2019/03/15
17073,2,2018/02/15
17087,3,2017/10/15
17095,2,2016/10/15
17103,1,2016/07/15
17117,3,2017/06/15
17127,2,2015/10/15
17136,2,2016/07/15
17142,1,2018/05/15
17158,2,2017/06/15
17164,3,2016/11/15
17174,2,2018/08/15
17188,1,2015/05/15
17191,2,2019/09/15
17202,1,2017/09/15
17215,3,2016/07/15
17230,3,2019/09/15
17236,2,2015/11/15
17245,2,2018/10/15
17259,2,2017/08/15
17266,2,2015/08/15
17273,3,2016/05/15
17290,3,2015/05/15
17296,2,2019/06/15
17304,3,2015/11/15
17314,1,2018/10/15
17327,2,2017/07/15
17331,1,2015/08/15
17347,1,2016/11/15
17352,2,2016/02/15
17364,2,2017/11/15
17378,2,2016/02/15
17384,2,2019/09/15
17398,3,2017/05/15
17402,1,2019/03/15
17411,1,2019/09/15
17423,1,2018/06/15
17436,3,2017/12/15
17443,1,2018/01/15
17456,1,2015/12/15
17465,1,2018/03/15
17478,1,2017/11/15
17483,2,2015/04/15
17497,3,2015/11/15
17510,2,2016/08/15
17516,3,2017/10/15
17530,1,2019/07/15
17534,3,2017/11/15
17541,1,2015/10/15
17555,2,2018/09/15
17562,3,2015/09/15
17578,1,2018/09/15
17587,3,2016/03/15
17599,3,2015/09/15
17602,3,2016/06/15
17619,3,2016/11/15
17621,2,2018/06/15
17640,1,2015/02/15
17642,1,2019/11/15
17653,2,2017/11/15
17665,3,2015/03/15
17678,1,2019/10/15
17681,1,2016/12/15
17691,2,2019/01/15
17710,2,2017/11/15
17719,2,2019/12/15
17728,3,2018/01/15
17734,2,2019/10/15
17743,1,2015/12/15
17753,3,2018/04/15
17763,3,2015/04/15
17776,1,2016/06/15
17785,3,2016/04/15
17794,2,2016/03/15
17803,3,2016/07/15
17814,1,2016/07/15
17822,1,2017/05/15
17834,1,2018/07/15
17842,3,2019/09/15
17859,1,2016/04/15
17869,2,2017/04/15
17880,3,2017/02/15
17888,3,2018/02/15
17899,3,2018/12/15
17904,1,2016/08/15
17913,1,2015/06/15
17929,1,2016/08/15
17932,2,2019/01/15
17941,2,2016/12/15
17954,3,2015/02/15
17965,3,2016/04/15
17978,3,2016/01/15
17990,2,2018/03/15
17997,3,2018/06/15
18009,3,2015/12/15
18014,1,2015/05/15
18027,1,2016/12/15
18032,2,2015/08/15
18041,2,2019/10/15
18053,1,2019/03/15
18068,2,2017/06/15
18074,1,2019/03/15
18081,1,2016/05/15
18092,1,2018/09/15
18106,1,2018/09/15
18114,3,2016/06/15
18123,1,2016/06/15
18133,1,2018/01/15
18147,1,2017/01/15
18153,2,2016/05/15
18164,2,2018/07/15
18179,2,2016/05/15
18186,3,2015/12/15
18199,2,2017/01/15
18206,3,2017/11/15
18220,1,2019/08/15
18223,2,2018/06/15
18238,3,2019/02/15
18246,2,2018/04/15
18251,3,2018/08/15
18269,3,2018/08/15
18273,1,2018/11/15
18289,1,2018/09/15
18292,2,2016/05/15
18310,3,2019/09/15
18320,3,2019/06/15
18323,2,2018/05/15
18334,2,2019/03/15
18344,2,2019/08/15
18357,2,2017/06/15
18366,1,2015/10/15
18378,2,2015/10/15
18385,1,2017/05/15
18397,2,2019/12/15
18410,2,2016/04/15
18411,1,2017/05/15
18429,2,2019/06/15
18439,2,2019/05/15
18447,1,2015/05/15
18457,1,2015/02/15
18464,3,2017/12/15
18471,2,2019/12/15
18490,1,2016/01/15
18495,3,2017/04/15
18502,2,2018/12/15
18519,3,2016/06/15
18529,2,2019/07/15
18539,1,2018/02/15
18548,1,2015/10/15
18557,1,2018/09/15
18563,1,2018/09/15
18579,1,2019/01/15
18587,3,2019/07/15
18595,2,2015/05/15
18610,3,2019/10/15
18620,2,2019/08/15
18629,1,2017/07/15
18632,1,2016/06/15
18643,3,2015/02/15
18652,1,2015/10/15
18669,1,2016/05/15
18676,2,2018/06/15
18683,2,2016/02/15
18693,1,2018/02/15
18703,1,2018/06/15
18715,3,2019/09/15
18730,1,2019/02/15
18733,1,2019/02/15
18742,1,2017/09/15
18757,1,2015/11/15
18768,2,2019/12/15
18777,3,2015/11/15
18790,3,2016/04/15
18798,1,2015/09/15
18805,3,2019/08/15
18820,3,2018/02/15
18821,1,2019/08/15
18834,1,2017/02/15
18845,2,2015/01/15
18853,1,2019/02/15
18870,2,2017/09/15
18877,2,2016/02/15
18884,1,2018/03/15
18900,2,2016/12/15
18907,1,2018/12/15
18913,1,2015/08/15
18927,1,2018/10/15
18934,3,2019/05/15
18941,2,2015/10/15
18958,2,2019/02/15
18967,2,2016/07/15
18971,3,2017/09/15
18989,1,2018/02/15
18994,3,2018/12/15
19010,2,2018/05/15
19012,2,2018/03/15
19030,3,2015/10/15
19033,3,2019/11/15
19045,1,2017/07/15
19060,1,2016/11/15
19062,3,2019/06/15
19078,3,2016/10/15
19082,1,2015/05/15
19098,3,2017/10/15
19107,2,2017/11/15
19115,2,2018/12/15
19127,1,2017/08/15
19133,3,2017/06/15
19149,2,2019/08/15
19152,1,2016/04/15
19165,2,2018/03/15
19174,1,2019/01/15
19189,2,2019/05/15
19200,3,2016/09/15
19210,3,2016/03/15
19217,3,2018/06/15
19222,2,2015/04/15
19239,2,2017/04/15
19250,1,2017/04/15
19255,2,2016/04/15
19261,1,2018/01/15
19271,3,2018/01/15
19289,3,2016/06/15
19298,3,2019/11/15
19306,3,2015/06/15
19314,3,2018/04/15
19330,1,2018/06/15
19338,3,2018/10/15
19343,2,2019/04/15
19354,2,2016/03/15
19366,2,2018/04/15
19376,2,2015/02/15
19386,2,2017/12/15
19392,1,2016/02/15
19406,3,2017/03/15
19419,1,2015/03/15
19428,3,2017/02/15
19434,3,2016/12/15
19445,3,2015/01/15
19456,2,2015/01/15
19468,3,2019/11/15
19480,1,2019/07/15
19482,2,2018/01/15
19498,3,2016/07/15
19507,3,2018/01/15
19516,3,2019/01/15
19530,1,2015/06/15
19536,1,2017/03/15
19541,2,2015/01/15
19558,3,2017/11/15
19565,1,2019/04/15
19571,1,2018/09/15
19589,2,2018/05/15
19594,3,2017/04/15
19609,2,2018/05/15
19620,1,2017/12/15
19627,2,2015/05/15
19637,2,2016/02/15
19649,1,2016/12/15
19653,1,2018/02/15
19666,2,2017/11/15
19671,3,2015/12/15
19686,3,2016/06/15
19691,3,2016/10/15
19705,2,2015/01/15
19720,2,2015/11/15
19726,2,2018/10/15
19737,2,2019/02/15
19749,2,2015/12/15
19754,1,2019/11/15
19762,1,2016/03/15
19780,3,2019/05/15
19782,1,2017/01/15
19796,2,2019/02/15
19802,3,2019/09/15
19812,3,2019/12/15
19823,3,2019/07/15
19832,3,2017/04/15
19849,3,2017/10/15
19855,2,2016/07/15
19866,3,2017/02/15
19874,2,2016/06/15
19883,1,2015/05/15
19900,1,2016/03/15
19910,1,2018/01/15
19920,1,2016/11/15
19929,3,2018/04/15
19933,3,2019/11/15
19946,2,2019/11/15
19960,1,2016/02/15
19964,2,2017/04/15
19976,3,2017/06/15
19981,1,2017/01/15
19995,3,2019/04/15
