3001,2013/04/30,12411,289.62,23.89,313.51
3002,2013/04/08,11537,154.16,12.72,166.88
3003,2013/04/14,7620,293.76,24.24,318.00
3004,2013/04/16,4492,95.39,7.87,103.26
3005,2013/04/14,12752,247.97,20.46,268.43
3006,2013/04/07,13061,224.54,18.52,243.06
3007,2013/04/02,3118,123.23,10.17,133.40
3008,2013/04/14,4076,194.62,16.06,210.68
3009,2013/04/13,6118,80.18,6.61,86.79
3010,2013/04/08,6574,323.64,26.70,350.34
3011,2013/04/10,5625,355.55,29.33,384.88
3012,2013/04/21,15110,150.13,12.39,162.52
3013,2013/04/07,18597,257.80,21.27,279.07
3014,2013/04/11,15965,325.55,26.86,352.41
3015,2013/04/28,6882,341.80,28.20,370.00
3016,2013/04/19,7763,170.01,14.03,184.04
3017,2013/04/19,9778,1.44,0.12,1.56
3018,2013/04/22,5287,102.90,8.49,111.39
3019,2013/04/21,13720,301.52,24.88,326.40
3020,2013/04/03,12069,272.24,22.46,294.70
3021,2013/04/09,969,39.47,3.26,42.73
3022,2013/04/07,8192,211.48,17.45,228.93
3023,2013/04/20,17819,69.90,5.77,75.67
3024,2013/04/21,1465,34.40,2.84,37.24
3025,2013/04/30,16463,119.01,9.82,128.83
3026,2013/04/22,886,167.48,13.82,181.30
3027,2013/04/04,12097,380.22,31.37,411.59
3028,2013/04/14,877,300.50,24.79,325.29
3029,2013/04/30,15208,239.43,19.75,259.18
3030,2013/04/26,2400,91.70,7.57,99.27
3031,2013/04/18,4857,315.41,26.02,341.43
3032,2013/04/30,4298,355.00,29.29,384.29
3033,2013/04/28,8133,57.71,4.76,62.47
3034,2013/04/28,6242,218.85,18.06,236.91
3035,2013/04/15,2708,382.13,31.53,413.66
3036,2013/04/25,8352,291.80,24.07,315.87
3037,2013/04/18,3041,200.79,16.57,217.36
3038,2013/04/01,1529,223.04,18.40,241.44
3039,2013/04/15,15303,192.71,15.90,208.61
3040,2013/04/25,1526,4.35,0.36,4.71
3041,2013/04/09,7089,253.79,20.94,274.73
3042,2013/04/21,9891,164.85,13.60,178.45
3043,2013/04/09,7093,2.96,0.24,3.20
3044,2013/04/15,8899,25.30,2.09,27.39
3045,2013/04/24,8852,98.94,8.16,107.10
3046,2013/04/16,1899,38.51,3.18,41.69
3047,2013/04/27,13088,240.84,19.87,260.71
3048,2013/04/25,5808,43.51,3.59,47.10
3049,2013/04/03,5324,272.07,22.45,294.52
3050,2013/04/07,8512,329.72,27.20,356.92
3051,2013/04/22,10511,238.35,19.66,258.01
3052,2013/04/22,17834,226.82,18.71,245.53
3053,2013/04/22,4068,166.61,13.75,180.36
3054,2013/04/04,98,201.46,16.62,218.08
3055,2013/04/29,17692,388.87,32.08,420.95
3056,2013/04/17,18337,28.51,2.35,30.86
3057,2013/04/15,5348,310.68,25.63,336.31
3058,2013/04/07,9876,276.44,22.81,299.25
3059,2013/04/20,8927,48.00,3.96,51.96
3060,2013/04/10,12020,221.60,18.28,239.88
3061,2013/04/13,539,381.67,31.49,413.16
3062,2013/04/25,1437,392.85,32.41,425.26
3063,2013/04/09,6704,140.76,11.61,152.37
3064,2013/04/19,3961,300.23,24.77,325.00
3065,2013/04/21,13595,288.90,23.83,312.73
3066,2013/04/24,15665,333.37,27.50,360.87
3067,2013/04/28,4357,329.70,27.20,356.90
3068,2013/04/22,14988,175.21,14.45,189.66
3069,2013/04/06,12218,229.13,18.90,248.03
3070,2013/04/19,12975,33.64,2.78,36.42
3071,2013/04/20,13130,390.02,32.18,422.20
3072,2013/04/06,5443,385.19,31.78,416.97
3073,2013/04/29,14694,98.94,8.16,107.10
3074,2013/04/18,6782,37.86,3.12,40.98
3075,2013/04/10,15,33.63,2.77,36.40
3076,2013/04/26,13939,255.65,21.09,276.74
3077,2013/04/18,9604,328.19,27.08,355.27
3078,2013/04/06,19917,329.45,27.18,356.63
3079,2013/04/01,15092,165.69,13.67,179.36
3080,2013/04/03,17078,349.85,28.86,378.71
3081,2013/04/26,10067,363.70,30.01,393.71
3082,2013/04/05,16420,225.19,18.58,243.77
3083,2013/04/17,17704,323.07,26.65,349.72
3084,2013/04/21,5266,26.98,2.23,29.21
3085,2013/04/07,1292,9.28,0.77,10.05
3086,2013/04/29,19376,285.96,23.59,309.55
3087,2013/04/29,10082,77.44,6.39,83.83
3088,2013/04/08,10333,192.77,15.90,208.67
3089,2013/04/22,5285,181.98,15.01,196.99
3090,2013/04/08,12533,257.62,21.25,278.87
3091,2013/04/08,5688,318.44,26.27,344.71
3092,2013/04/30,16171,290.40,23.96,314.36
3093,2013/04/09,15102,242.84,20.03,262.87
3094,2013/04/19,17788,182.52,15.06,197.58
3095,2013/04/21,2168,107.43,8.86,116.29
3096,2013/04/26,12881,148.78,12.27,161.05
3097,2013/04/16,12162,339.43,28.00,367.43
3098,2013/04/06,1383,226.24,18.66,244.90
3099,2013/04/23,13655,98.86,8.16,107.02
3100,2013/04/05,8863,192.74,15.90,208.64
3101,2013/04/14,5393,376.15,31.03,407.18
3102,2013/04/14,2114,373.56,30.82,404.38
3103,2013/04/04,8950,250.65,20.68,271.33
3104,2013/04/30,19922,346.39,28.58,374.97
3105,2013/04/12,6183,176.25,14.54,190.79
3106,2013/04/09,14503,35.68,2.94,38.62
3107,2013/04/01,11467,82.32,6.79,89.11
3108,2013/04/21,4970,16.48,1.36,17.84
3109,2013/04/17,10267,236.62,19.52,256.14
3110,2013/04/06,9310,334.62,27.61,362.23
3111,2013/04/19,10309,225.83,18.63,244.46
3112,2013/04/07,12722,41.81,3.45,45.26
3113,2013/04/25,17756,397.00,32.75,429.75
3114,2013/04/17,15492,98.08,8.09,106.17
3115,2013/04/29,5973,318.27,26.26,344.53
3116,2013/04/10,12468,275.51,22.73,298.24
3117,2013/04/22,15981,122.48,10.10,132.58
3118,2013/04/17,5072,244.52,20.17,264.69
3119,2013/04/08,7677,284.10,23.44,307.54
3120,2013/04/06,17262,232.75,19.20,251.95
3121,2013/04/03,17622,51.62,4.26,55.88
3122,2013/04/20,10789,323.14,26.66,349.80
3123,2013/04/18,9930,5.14,0.42,5.56
3124,2013/04/10,19495,63.84,5.27,69.11
3125,2013/04/23,12580,196.80,16.24,213.04
3126,2013/04/12,10986,56.53,4.66,61.19
3127,2013/04/10,16135,18.26,1.51,19.77
3128,2013/04/17,11310,124.80,10.30,135.10
3129,2013/04/09,11948,167.11,13.79,180.90
3130,2013/04/23,14610,233.24,19.24,252.48
3131,2013/04/23,5727,58.00,4.79,62.78
3132,2013/04/23,6784,396.99,32.75,429.74
3133,2013/04/14,19238,131.34,10.84,142.18
3134,2013/04/17,16268,135.85,11.21,147.06
3135,2013/04/14,16849,321.10,26.49,347.59
3136,2013/04/25,13134,247.89,20.45,268.34
3137,2013/04/10,11280,333.31,27.50,360.81
3138,2013/04/27,1285,168.98,13.94,182.92
3139,2013/04/10,18229,273.66,22.58,296.24
3140,2013/04/17,2993,57.74,4.76,62.50
3141,2013/04/22,7144,88.00,7.26,95.26
3142,2013/04/07,1898,3.49,0.29,3.78
3143,2013/04/21,1844,193.78,15.99,209.77
3144,2013/04/25,3009,244.60,20.18,264.78
3145,2013/04/08,2438,101.47,8.37,109.84
3146,2013/04/04,18944,150.71,12.43,163.14
3147,2013/04/24,2992,38.10,3.14,41.24
3148,2013/04/17,11267,373.16,30.79,403.95
3149,2013/04/08,10014,8.16,0.67,8.83
3150,2013/04/12,5283,274.96,22.68,297.64
3151,2013/04/05,18274,160.86,13.27,174.13
3152,2013/04/13,17308,356.20,29.39,385.59
3153,2013/04/24,7287,288.05,23.76,311.81
3154,2013/04/15,8760,228.66,18.86,247.52
3155,2013/04/14,6042,22.46,1.85,24.31
3156,2013/04/30,13642,60.22,4.97,65.19
3157,2013/04/03,13407,378.81,31.25,410.06
3158,2013/04/03,7711,391.16,32.27,423.43
3159,2013/04/09,18092,331.50,27.35,358.85
3160,2013/04/29,9890,178.89,14.76,193.65
3161,2013/04/16,7366,51.00,4.21,55.21
3162,2013/04/02,17613,244.39,20.16,264.55
3163,2013/04/22,3558,149.46,12.33,161.79
3164,2013/04/11,3625,149.46,12.33,161.79
3165,2013/04/08,2460,280.73,23.16,303.89
3166,2013/04/20,13029,263.23,21.72,284.95
3167,2013/04/05,6842,164.10,13.54,177.64
3168,2013/04/02,18682,149.67,12.35,162.02
3169,2013/04/13,17495,292.40,24.12,316.52
3170,2013/04/05,12045,288.13,23.77,311.90
3171,2013/04/22,4479,149.23,12.31,161.54
3172,2013/04/22,18648,305.63,25.21,330.84
3173,2013/04/27,6927,374.18,30.87,405.05
3174,2013/04/12,11609,34.94,2.88,37.82
3175,2013/04/26,7042,327.72,27.04,354.76
3176,2013/04/27,10656,140.23,11.57,151.80
3177,2013/04/15,16829,379.18,31.28,410.46
3178,2013/04/02,1137,218.86,18.06,236.92
3179,2013/04/06,7411,33.70,2.78,36.48
3180,2013/04/13,8257,317.44,26.19,343.63
3181,2013/04/05,12314,326.31,26.92,353.23
3182,2013/04/05,761,267.37,22.06,289.43
3183,2013/04/14,12647,289.92,23.92,313.84
3184,2013/04/23,2596,349.05,28.80,377.85
3185,2013/04/15,7162,262.52,21.66,284.18
3186,2013/04/30,7459,274.29,22.63,296.92
3187,2013/04/14,15821,77.90,6.43,84.33
3188,2013/04/07,6125,226.95,18.72,245.67
3189,2013/04/14,18159,117.94,9.73,127.67
3190,2013/04/18,11355,70.86,5.85,76.71
3191,2013/04/24,3287,116.71,9.63,126.34
3192,2013/04/02,15206,236.56,19.52,256.08
3193,2013/04/21,7616,189.75,15.65,205.40
3194,2013/04/30,16688,22.23,1.83,24.06
3195,2013/04/04,13148,320.07,26.41,346.48
3196,2013/04/11,1631,124.45,10.27,134.72
3197,2013/04/18,16892,324.38,26.76,351.14
3198,2013/04/30,12025,192.59,15.89,208.48
3199,2013/04/22,16215,172.46,14.23,186.69
3200,2013/04/15,19104,329.49,27.18,356.67
3201,2013/04/16,14414,377.21,31.12,408.33
3202,2013/04/06,9200,39.37,3.25,42.62
3203,2013/04/27,19563,41.10,3.39,44.49
3204,2013/04/24,18910,332.19,27.41,359.60
3205,2013/04/12,14935,29.37,2.42,31.79
3206,2013/04/09,18346,19.78,1.63,21.41
3207,2013/04/19,5361,63.11,5.21,68.32
3208,2013/04/23,7913,104.98,8.66,113.64
3209,2013/04/28,16961,72.91,6.02,78.93
3210,2013/04/24,5728,369.69,30.50,400.19
3211,2013/04/09,13707,259.14,21.38,280.52
3212,2013/04/28,7973,267.92,22.10,290.02
3213,2013/04/13,12418,226.09,18.65,244.74
3214,2013/04/04,9261,384.83,31.75,416.58
3215,2013/04/10,3696,18.48,1.52,20.00
3216,2013/04/17,12286,68.60,5.66,74.26
3217,2013/04/20,17823,156.62,12.92,169.54
3218,2013/04/23,5108,0.35,0.03,0.38
3219,2013/04/10,13413,362.58,29.91,392.49
3220,2013/04/24,9278,185.39,15.29,200.68
3221,2013/04/15,19001,61.60,5.08,66.68
3222,2013/04/11,2026,263.68,21.75,285.43
3223,2013/04/06,1170,361.52,29.83,391.35
3224,2013/04/18,9432,334.21,27.57,361.78
3225,2013/04/24,17667,273.09,22.53,295.62
3226,2013/04/02,12586,18.20,1.50,19.70
3227,2013/04/27,14442,11.58,0.96,12.54
3228,2013/04/05,16291,32.17,2.65,34.82
3229,2013/04/08,6589,259.96,21.45,281.41
3230,2013/04/18,15627,374.76,30.92,405.68
3231,2013/04/01,5526,122.31,10.09,132.40
3232,2013/04/12,12728,98.05,8.09,106.14
3233,2013/04/27,18070,159.66,13.17,172.83
3234,2013/04/16,17448,68.88,5.68,74.56
3235,2013/04/23,14604,57.62,4.75,62.37
3236,2013/04/22,8245,229.67,18.95,248.62
3237,2013/04/03,3508,256.59,21.17,277.76
3238,2013/04/24,4124,165.37,13.64,179.01
3239,2013/04/18,2897,97.05,8.01,105.06
3240,2013/04/09,18509,377.78,31.17,408.95
3241,2013/04/28,17720,345.99,28.54,374.53
3242,2013/04/26,18287,249.12,20.55,269.67
3243,2013/04/02,2403,270.82,22.34,293.16
3244,2013/04/14,2893,334.91,27.63,362.54
3245,2013/04/14,6144,271.77,22.42,294.19
3246,2013/04/17,2711,136.70,11.28,147.98
3247,2013/04/04,16743,95.25,7.86,103.11
3248,2013/04/09,17793,118.10,9.74,127.84
3249,2013/04/22,5414,178.56,14.73,193.29
3250,2013/04/06,4726,211.87,17.48,229.35
3251,2013/04/05,6869,246.58,20.34,266.92
3252,2013/04/27,18358,293.11,24.18,317.29
3253,2013/04/18,3470,28.98,2.39,31.37
3254,2013/04/29,14823,33.63,2.77,36.40
3255,2013/04/28,5581,115.49,9.53,125.02
3256,2013/04/14,14026,360.86,29.77,390.63
3257,2013/04/14,1131,331.92,27.38,359.30
3258,2013/04/04,5640,333.65,27.53,361.18
3259,2013/04/25,2816,361.98,29.86,391.84
3260,2013/04/16,1101,142.96,11.79,154.75
3261,2013/04/13,14798,267.97,22.11,290.08
3262,2013/04/14,5668,20.64,1.70,22.34
3263,2013/04/23,3266,186.14,15.36,201.50
3264,2013/04/10,4142,67.08,5.53,72.61
3265,2013/04/11,10763,269.21,22.21,291.42
3266,2013/04/19,12640,339.19,27.98,367.17
3267,2013/04/28,7282,166.80,13.76,180.56
3268,2013/04/07,16289,385.65,31.82,417.47
3269,2013/04/08,8833,382.09,31.52,413.61
3270,2013/04/01,19448,144.24,11.90,156.14
3271,2013/04/02,12535,71.08,5.86,76.94
3272,2013/04/12,18681,70.29,5.80,76.09
3273,2013/04/02,9770,181.48,14.97,196.45
3274,2013/04/10,2342,56.82,4.69,61.51
3275,2013/04/06,12538,398.31,32.86,431.17
3276,2013/04/30,16447,18.32,1.51,19.83
3277,2013/04/09,12769,37.82,3.12,40.94
3278,2013/04/11,14953,226.72,18.70,245.42
3279,2013/04/23,14042,364.71,30.09,394.80
3280,2013/04/01,15282,79.95,6.60,86.55
3281,2013/04/02,6663,343.57,28.34,371.91
3282,2013/04/03,18167,121.62,10.03,131.65
3283,2013/04/30,14906,385.56,31.81,417.37
3284,2013/04/03,937,255.90,21.11,277.01
3285,2013/04/29,14691,367.59,30.33,397.92
3286,2013/04/26,1923,63.87,5.27,69.14
3287,2013/04/26,10220,125.60,10.36,135.96
3288,2013/04/21,3848,61.42,5.07,66.49
3289,2013/04/06,7773,116.16,9.58,125.74
3290,2013/04/06,1356,64.66,5.33,69.99
3291,2013/04/05,17880,27.97,2.31,30.28
3292,2013/04/30,10469,250.04,20.63,270.67
3293,2013/04/23,12919,13.01,1.07,14.08
3294,2013/04/28,1822,100.18,8.26,108.44
3295,2013/04/29,4339,301.53,24.88,326.41
3296,2013/04/22,366,367.14,30.29,397.43
3297,2013/04/10,10464,108.00,8.91,116.91
3298,2013/04/17,83,227.51,18.77,246.28
3299,2013/04/26,14794,219.35,18.10,237.45
3300,2013/04/08,18222,272.47,22.48,294.95
3301,2013/04/16,4400,22.28,1.84,24.12
3302,2013/04/12,17694,6.47,0.53,7.00
3303,2013/04/05,18277,181.60,14.98,196.58
3304,2013/04/04,2031,297.74,24.56,322.30
3305,2013/04/05,8525,74.02,6.11,80.13
3306,2013/04/23,10441,384.12,31.69,415.81
3307,2013/04/30,7994,46.15,3.81,49.96
3308,2013/04/17,13523,56.84,4.69,61.53
3309,2013/04/19,3392,252.43,20.83,273.26
3310,2013/04/25,6668,312.21,25.76,337.97
3311,2013/04/21,10317,281.32,23.21,304.53
3312,2013/04/16,10791,57.77,4.77,62.54
3313,2013/04/01,16911,200.53,16.54,217.07
3314,2013/04/18,13930,276.10,22.78,298.88
3315,2013/04/20,16380,382.36,31.54,413.90
3316,2013/04/21,7364,341.79,28.20,369.99
3317,2013/04/25,4212,125.80,10.38,136.18
3318,2013/04/01,948,378.00,31.19,409.19
3319,2013/04/10,13190,32.23,2.66,34.89
3320,2013/04/07,17639,208.43,17.20,225.63
3321,2013/04/07,9343,317.89,26.23,344.12
3322,2013/04/08,233,339.31,27.99,367.30
3323,2013/04/14,13606,45.74,3.77,49.51
3324,2013/04/22,13719,276.98,22.85,299.83
3325,2013/04/20,9271,73.11,6.03,79.14
3326,2013/04/12,9977,63.77,5.26,69.03
3327,2013/04/05,4778,135.86,11.21,147.07
3328,2013/04/17,5877,286.48,23.63,310.11
3329,2013/04/28,11520,196.16,16.18,212.34
3330,2013/04/30,148,129.67,10.70,140.37
3331,2013/04/18,2508,296.25,24.44,320.69
3332,2013/04/12,9699,31.95,2.64,34.59
3333,2013/04/20,6199,184.61,15.23,199.84
3334,2013/04/20,12124,308.67,25.47,334.14
3335,2013/04/23,17668,268.97,22.19,291.16
3336,2013/04/10,14550,63.91,5.27,69.18
3337,2013/04/02,10824,1.57,0.13,1.70
3338,2013/04/23,12379,151.73,12.52,164.25
3339,2013/04/16,4993,258.25,21.31,279.56
3340,2013/04/17,10829,276.69,22.83,299.52
3341,2013/04/26,6360,109.80,9.06,118.86
3342,2013/04/11,18040,88.99,7.34,96.33
3343,2013/04/17,8467,303.20,25.01,328.21
3344,2013/04/10,3419,280.87,23.17,304.04
3345,2013/04/15,1939,47.93,3.95,51.88
3346,2013/04/28,15971,385.81,31.83,417.64
3347,2013/04/17,8096,186.92,15.42,202.34
3348,2013/04/26,18624,24.25,2.00,26.25
3349,2013/04/25,13559,327.52,27.02,354.54
3350,2013/04/04,10909,316.11,26.08,342.19
3351,2013/04/14,19776,109.48,9.03,118.51
3352,2013/04/18,4364,76.00,6.27,82.27
3353,2013/04/13,16452,68.73,5.67,74.40
3354,2013/04/24,12943,16.19,1.34,17.53
3355,2013/04/29,10401,68.52,5.65,74.17
3356,2013/04/06,17608,128.16,10.57,138.73
3357,2013/04/11,10919,203.23,16.77,220.00
3358,2013/04/19,18966,391.25,32.28,423.53
3359,2013/04/30,17060,209.07,17.25,226.32
3360,2013/04/20,7656,171.47,14.15,185.62
3361,2013/04/24,8818,379.17,31.28,410.45
3362,2013/04/06,7510,391.49,32.30,423.79
3363,2013/04/04,17428,394.08,32.51,426.59
3364,2013/04/01,856,388.23,32.03,420.26
3365,2013/04/20,17019,138.95,11.46,150.41
3366,2013/04/12,7247,132.91,10.97,143.88
3367,2013/04/04,10045,317.81,26.22,344.03
3368,2013/04/08,13311,352.84,29.11,381.95
3369,2013/04/12,15860,29.93,2.47,32.40
3370,2013/04/02,14582,252.56,20.84,273.40
3371,2013/04/11,7118,67.70,5.59,73.29
3372,2013/04/24,7345,210.71,17.38,228.09
3373,2013/04/01,16928,286.87,23.67,310.54
3374,2013/04/09,10028,296.12,24.43,320.55
3375,2013/04/17,16458,156.03,12.87,168.90
3376,2013/04/03,16230,355.01,29.29,384.30
3377,2013/04/03,2917,237.15,19.56,256.71
3378,2013/04/26,14902,334.88,27.63,362.51
3379,2013/04/21,3535,169.59,13.99,183.58
3380,2013/04/10,7111,329.13,27.15,356.28
3381,2013/04/19,99,328.63,27.11,355.74
3382,2013/04/23,16047,197.76,16.32,214.08
3383,2013/04/15,15239,390.13,32.19,422.32
3384,2013/04/14,12099,361.66,29.84,391.50
3385,2013/04/04,2220,52.77,4.35,57.12
3386,2013/04/02,2902,382.05,31.52,413.57
3387,2013/04/21,12286,293.07,24.18,317.25
3388,2013/04/22,12987,371.18,30.62,401.80
3389,2013/04/15,19196,376.67,31.08,407.75
3390,2013/04/26,7561,180.61,14.90,195.51
3391,2013/04/19,16200,188.61,15.56,204.17
3392,2013/04/01,17145,69.37,5.72,75.09
3393,2013/04/02,13627,323.70,26.71,350.41
3394,2013/04/22,497,35.82,2.96,38.78
3395,2013/04/03,11223,253.55,20.92,274.47
3396,2013/04/28,16280,137.20,11.32,148.52
3397,2013/04/03,14220,194.35,16.03,210.38
3398,2013/04/11,3700,280.29,23.12,303.41
3399,2013/04/27,3577,397.87,32.82,430.69
3400,2013/04/22,17342,366.51,30.24,396.75
3401,2013/04/05,17758,87.91,7.25,95.16
3402,2013/04/28,6114,250.32,20.65,270.97
3403,2013/04/27,19543,96.79,7.99,104.78
3404,2013/04/02,18636,270.46,22.31,292.77
3405,2013/04/06,17781,177.38,14.63,192.01
3406,2013/04/03,14625,58.85,4.86,63.71
3407,2013/04/04,19859,193.32,15.95,209.27
3408,2013/04/14,11903,272.78,22.50,295.28
3409,2013/04/08,19583,239.97,19.80,259.77
3410,2013/04/11,17858,11.60,0.96,12.56
3411,2013/04/10,7425,253.73,20.93,274.66
3412,2013/04/08,16557,256.24,21.14,277.38
3413,2013/04/04,3118,192.06,15.84,207.90
3414,2013/04/24,10610,248.35,20.49,268.84
3415,2013/04/07,13924,18.98,1.57,20.55
3416,2013/04/20,14335,292.39,24.12,316.51
3417,2013/04/07,13818,210.89,17.40,228.29
3418,2013/04/03,10237,34.64,2.86,37.50
3419,2013/04/15,18493,36.83,3.04,39.87
3420,2013/04/21,7580,228.26,18.83,247.09
3421,2013/04/17,13711,83.78,6.91,90.69
3422,2013/04/29,1186,252.75,20.85,273.60
3423,2013/04/20,2660,347.65,28.68,376.33
3424,2013/04/06,11573,112.72,9.30,122.02
3425,2013/04/27,8743,160.29,13.22,173.51
3426,2013/04/03,5247,379.53,31.31,410.84
3427,2013/04/04,3776,218.92,18.06,236.98
3428,2013/04/16,13491,27.59,2.28,29.87
3429,2013/04/16,9370,202.32,16.69,219.01
3430,2013/04/22,7131,178.84,14.75,193.59
3431,2013/04/03,18505,107.77,8.89,116.66
3432,2013/04/09,13317,53.71,4.43,58.14
3433,2013/04/29,11244,110.85,9.15,120.00
3434,2013/04/14,17278,112.14,9.25,121.39
3435,2013/04/03,17175,53.46,4.41,57.87
3436,2013/04/07,15517,254.78,21.02,275.80
3437,2013/04/14,16953,220.65,18.20,238.85
3438,2013/04/10,13949,247.57,20.42,267.99
3439,2013/04/19,15982,78.40,6.47,84.87
3440,2013/04/20,8044,172.95,14.27,187.22
3441,2013/04/28,16188,83.51,6.89,90.40
3442,2013/04/24,12511,149.71,12.35,162.06
3443,2013/04/10,13256,10.72,0.88,11.60
3444,2013/04/13,4313,315.35,26.02,341.37
3445,2013/04/26,11607,44.04,3.63,47.67
3446,2013/04/24,16206,341.27,28.15,369.42
3447,2013/04/20,12989,230.17,18.99,249.16
3448,2013/04/02,14019,36.04,2.97,39.01
3449,2013/04/02,18208,167.92,13.85,181.77
3450,2013/04/03,402,267.81,22.09,289.90
3451,2013/04/30,10377,152.41,12.57,164.98
3452,2013/04/04,12124,110.34,9.10,119.44
3453,2013/04/02,18904,313.64,25.88,339.52
3454,2013/04/23,11864,385.12,31.77,416.89
3455,2013/04/10,15770,233.20,19.24,252.44
3456,2013/04/03,8561,240.43,19.84,260.27
3457,2013/04/12,304,274.38,22.64,297.02
3458,2013/04/15,4898,127.55,10.52,138.07
3459,2013/04/08,14892,253.98,20.95,274.93
3460,2013/04/24,11036,176.53,14.56,191.09
3461,2013/04/23,14642,142.42,11.75,154.17
3462,2013/04/23,14588,143.32,11.82,155.14
3463,2013/04/28,1486,51.57,4.25,55.82
3464,2013/04/19,2137,278.90,23.01,301.91
3465,2013/04/15,3497,24.48,2.02,26.50
3466,2013/04/17,9774,254.26,20.98,275.24
3467,2013/04/01,16621,199.67,16.47,216.14
3468,2013/04/30,11838,369.38,30.47,399.85
3469,2013/04/22,13813,397.18,32.77,429.95
3470,2013/04/20,14159,307.49,25.37,332.86
3471,2013/04/26,17228,36.61,3.02,39.63
3472,2013/04/03,5556,280.17,23.11,303.28
3473,2013/04/06,11091,397.39,32.78,430.17
3474,2013/04/29,1116,186.61,15.40,202.01
3475,2013/04/11,7082,236.95,19.55,256.50
3476,2013/04/11,17749,313.39,25.85,339.24
3477,2013/04/25,748,339.29,27.99,367.28
3478,2013/04/22,16375,163.61,13.50,177.11
3479,2013/04/24,2338,324.73,26.79,351.52
3480,2013/04/14,3175,280.92,23.18,304.10
3481,2013/04/17,7713,28.96,2.39,31.35
3482,2013/04/11,10088,366.53,30.24,396.77
3483,2013/04/09,6581,230.23,18.99,249.22
3484,2013/04/13,12235,173.97,14.35,188.32
3485,2013/04/24,18479,294.48,24.29,318.77
3486,2013/04/22,39,17.24,1.42,18.66
3487,2013/04/22,11754,214.37,17.69,232.06
3488,2013/04/16,1459,348.98,28.79,377.77
3489,2013/04/23,14959,68.28,5.63,73.91
3490,2013/04/14,14358,37.34,3.08,40.42
3491,2013/04/20,9628,323.31,26.67,349.98
3492,2013/04/28,7259,395.17,32.60,427.77
3493,2013/04/03,13692,89.23,7.36,96.59
3494,2013/04/09,2528,226.93,18.72,245.65
3495,2013/04/30,18187,304.80,25.15,329.95
3496,2013/04/26,16198,114.28,9.43,123.71
3497,2013/04/08,2815,333.32,27.50,360.82
3498,2013/04/26,3185,170.56,14.07,184.63
3499,2013/04/06,14771,389.93,32.17,422.10
3500,2013/04/07,12273,392.38,32.37,424.75
3501,2013/04/30,6853,143.70,11.86,155.56
3502,2013/04/20,6189,190.92,15.75,206.67
3503,2013/04/12,13268,230.33,19.00,249.33
3504,2013/04/21,15210,140.73,11.61,152.34
3505,2013/04/08,16215,357.24,29.47,386.71
3506,2013/04/13,12396,271.85,22.43,294.28
3507,2013/04/03,6652,160.19,13.22,173.41
3508,2013/04/12,18217,290.80,23.99,314.79
3509,2013/04/10,539,63.49,5.24,68.73
3510,2013/04/11,402,206.61,17.05,223.66
3511,2013/04/28,5622,71.08,5.86,76.94
3512,2013/04/13,2140,61.15,5.04,66.19
3513,2013/04/14,12820,391.08,32.26,423.34
3514,2013/04/20,5285,188.96,15.59,204.55
3515,2013/04/12,17583,399.17,32.93,432.10
3516,2013/04/27,17253,251.71,20.77,272.48
3517,2013/04/29,13369,276.93,22.85,299.78
3518,2013/04/02,12824,59.32,4.89,64.21
3519,2013/04/10,13961,70.15,5.79,75.94
3520,2013/04/12,9394,145.19,11.98,157.17
3521,2013/04/18,17916,369.42,30.48,399.90
3522,2013/04/17,6310,136.34,11.25,147.59
3523,2013/04/25,7606,378.07,31.19,409.26
3524,2013/04/27,5319,92.31,7.62,99.93
3525,2013/04/05,15029,204.12,16.84,220.96
3526,2013/04/23,13196,301.60,24.88,326.48
3527,2013/04/07,14817,251.73,20.77,272.50
3528,2013/04/08,14161,57.36,4.73,62.09
3529,2013/04/11,17826,366.58,30.24,396.82
3530,2013/04/28,8436,12.30,1.01,13.31
3531,2013/04/11,17973,130.47,10.76,141.23
3532,2013/04/28,1117,26.32,2.17,28.49
3533,2013/04/24,7268,323.91,26.72,350.63
3534,2013/04/21,13771,186.80,15.41,202.21
3535,2013/04/05,13824,77.01,6.35,83.36
3536,2013/04/22,14296,351.17,28.97,380.14
3537,2013/04/30,12402,391.78,32.32,424.10
3538,2013/04/12,4558,244.10,20.14,264.24
3539,2013/04/24,9781,235.18,19.40,254.58
3540,2013/04/17,2338,255.32,21.06,276.38
3541,2013/04/13,15646,184.57,15.23,199.80
3542,2013/04/05,1991,94.25,7.78,102.03
3543,2013/04/13,485,286.62,23.65,310.27
3544,2013/04/18,12414,9.44,0.78,10.22
3545,2013/04/23,19092,124.05,10.23,134.28
3546,2013/04/27,15088,257.54,21.25,278.79
3547,2013/04/06,1254,66.46,5.48,71.94
3548,2013/04/20,4604,111.33,9.18,120.51
3549,2013/04/11,7864,326.90,26.97,353.87
3550,2013/04/13,12002,121.16,10.00,131.16
3551,2013/04/30,2841,87.24,7.20,94.44
3552,2013/04/25,5631,39.56,3.26,42.82
3553,2013/04/11,19091,169.83,14.01,183.84
3554,2013/04/21,14046,114.48,9.44,123.92
3555,2013/04/16,14900,346.48,28.58,375.06
3556,2013/04/29,11761,332.99,27.47,360.46
3557,2013/04/27,14800,66.98,5.53,72.51
3558,2013/04/21,471,384.48,31.72,416.20
3559,2013/04/23,10173,286.98,23.68,310.66
3560,2013/04/27,11197,25.52,2.11,27.63
3561,2013/04/15,6371,36.26,2.99,39.25
3562,2013/04/11,10722,13.30,1.10,14.40
3563,2013/04/08,11490,136.38,11.25,147.63
3564,2013/04/05,14188,148.71,12.27,160.98
3565,2013/04/06,6265,316.81,26.14,342.95
3566,2013/04/28,896,150.13,12.39,162.52
3567,2013/04/30,6704,301.00,24.83,325.83
3568,2013/04/13,3503,98.92,8.16,107.08
3569,2013/04/10,15116,253.21,20.89,274.10
3570,2013/04/17,3777,32.72,2.70,35.42
3571,2013/04/20,9028,5.39,0.44,5.83
3572,2013/04/15,2888,307.97,25.41,333.38
3573,2013/04/03,18999,36.61,3.02,39.63
3574,2013/04/01,14240,197.81,16.32,214.13
3575,2013/04/01,14614,304.81,25.15,329.96
3576,2013/04/13,17787,314.61,25.96,340.57
3577,2013/04/02,3929,370.37,30.56,400.93
3578,2013/04/30,2643,183.84,15.17,199.01
3579,2013/04/10,506,349.20,28.81,378.01
3580,2013/04/29,2986,234.77,19.37,254.14
3581,2013/04/03,2634,267.12,22.04,289.16
3582,2013/04/18,15595,301.47,24.87,326.34
3583,2013/04/20,19557,153.59,12.67,166.26
3584,2013/04/14,16203,129.83,10.71,140.54
3585,2013/04/25,6939,312.44,25.78,338.22
3586,2013/04/30,17546,317.18,26.17,343.35
3587,2013/04/09,5619,45.27,3.73,49.00
3588,2013/04/13,17048,242.64,20.02,262.66
3589,2013/04/25,270,258.83,21.35,280.18
3590,2013/04/16,18048,268.22,22.13,290.35
3591,2013/04/12,920,216.65,17.87,234.52
3592,2013/04/28,4065,36.47,3.01,39.48
3593,2013/04/05,15845,302.93,24.99,327.92
3594,2013/04/12,18003,366.13,30.21,396.34
3595,2013/04/01,9733,162.08,13.37,175.45
3596,2013/04/18,5609,214.27,17.68,231.95
3597,2013/04/13,12056,336.55,27.77,364.32
3598,2013/04/09,2895,204.79,16.90,221.69
3599,2013/04/13,2632,397.05,32.76,429.81
3600,2013/04/02,7795,177.60,14.65,192.25
3601,2013/04/23,5566,206.77,17.06,223.83
3602,2013/04/08,9337,266.00,21.95,287.94
3603,2013/04/23,15560,173.19,14.29,187.48
3604,2013/04/12,13472,363.21,29.96,393.17
3605,2013/04/15,10196,176.82,14.59,191.41
3606,2013/04/23,1551,260.73,21.51,282.24
3607,2013/04/08,12924,50.50,4.17,54.67
3608,2013/04/24,4233,70.83,5.84,76.67
3609,2013/04/25,10644,53.49,4.41,57.90
3610,2013/04/15,3567,233.97,19.30,253.27
3611,2013/04/11,2475,382.58,31.56,414.14
3612,2013/04/02,4334,257.81,21.27,279.08
3613,2013/04/04,5848,104.86,8.65,113.51
3614,2013/04/29,1703,315.48,26.03,341.51
3615,2013/04/21,12042,291.60,24.06,315.66
3616,2013/04/30,15580,107.31,8.85,116.16
3617,2013/04/06,5831,112.10,9.25,121.35
3618,2013/04/03,8441,217.66,17.96,235.62
3619,2013/04/09,11784,242.13,19.98,262.11
3620,2013/04/28,2220,2.84,0.23,3.07
3621,2013/04/30,13147,254.12,20.96,275.08
3622,2013/04/26,8198,44.90,3.70,48.60
3623,2013/04/30,9023,3.38,0.28,3.66
3624,2013/04/09,18744,358.37,29.57,387.94
3625,2013/04/17,9670,183.25,15.12,198.37
3626,2013/04/04,13726,314.96,25.98,340.94
3627,2013/04/22,19172,321.90,26.56,348.46
3628,2013/04/18,17968,36.45,3.01,39.46
3629,2013/04/07,15441,115.00,9.49,124.49
3630,2013/04/03,6566,383.25,31.62,414.87
3631,2013/04/29,5692,294.58,24.30,318.88
3632,2013/04/27,4485,9.65,0.80,10.45
3633,2013/04/17,4407,215.24,17.76,233.00
3634,2013/04/20,8913,100.23,8.27,108.50
3635,2013/04/25,17096,110.45,9.11,119.56
3636,2013/04/28,12223,242.90,20.04,262.94
3637,2013/04/11,6914,199.54,16.46,216.00
3638,2013/04/22,2622,264.40,21.81,286.21
3639,2013/04/18,1887,155.82,12.86,168.68
3640,2013/04/01,3768,373.11,30.78,403.89
3641,2013/04/04,15862,64.45,5.32,69.77
3642,2013/04/03,11769,180.49,14.89,195.38
3643,2013/04/25,7784,105.61,8.71,114.32
3644,2013/04/29,13429,118.17,9.75,127.92
3645,2013/04/03,4610,9.08,0.75,9.83
3646,2013/04/29,1993,252.23,20.81,273.04
3647,2013/04/04,8636,265.93,21.94,287.87
3648,2013/04/22,14529,61.89,5.11,67.00
3649,2013/04/27,14681,285.53,23.56,309.09
3650,2013/04/20,9298,244.15,20.14,264.29
3651,2013/04/04,5642,323.86,26.72,350.58
3652,2013/04/15,124,97.90,8.08,105.98
3653,2013/04/13,143,96.06,7.92,103.98
3654,2013/04/23,10405,39.67,3.27,42.94
3655,2013/04/12,1300,249.94,20.62,270.56
3656,2013/04/25,14756,259.56,21.41,280.97
3657,2013/04/30,4293,387.71,31.99,419.70
3658,2013/04/03,15926,61.91,5.11,67.02
3659,2013/04/15,8608,156.06,12.87,168.93
3660,2013/04/07,14185,144.18,11.89,156.07
3661,2013/04/08,15483,353.15,29.13,382.28
3662,2013/04/17,11609,360.47,29.74,390.21
3663,2013/04/10,15276,364.54,30.07,394.61
3664,2013/04/25,2581,357.78,29.52,387.30
3665,2013/04/04,8815,226.13,18.66,244.79
3666,2013/04/27,8794,329.64,27.20,356.84
3667,2013/04/20,17307,343.88,28.37,372.25
3668,2013/04/07,1622,258.09,21.29,279.38
3669,2013/04/28,1798,134.58,11.10,145.68
3670,2013/04/02,854,198.80,16.40,215.20
3671,2013/04/18,13575,76.41,6.30,82.71
3672,2013/04/21,14225,35.29,2.91,38.20
3673,2013/04/18,17398,273.45,22.56,296.01
3674,2013/04/06,4810,325.59,26.86,352.45
3675,2013/04/27,8112,230.16,18.99,249.15
3676,2013/04/05,16422,208.08,17.17,225.25
3677,2013/04/22,3006,236.10,19.48,255.58
3678,2013/04/08,17538,108.83,8.98,117.81
3679,2013/04/16,6639,43.33,3.57,46.90
3680,2013/04/09,8169,201.30,16.61,217.91
3681,2013/04/12,8119,393.99,32.50,426.49
3682,2013/04/04,19048,157.07,12.96,170.03
3683,2013/04/20,18577,23.21,1.91,25.12
3684,2013/04/03,9664,302.45,24.95,327.40
3685,2013/04/18,7253,398.98,32.92,431.90
3686,2013/04/08,9497,76.28,6.29,82.57
3687,2013/04/20,9803,151.63,12.51,164.14
3688,2013/04/22,4786,97.71,8.06,105.77
3689,2013/04/10,2398,36.54,3.01,39.55
3690,2013/04/01,17204,273.23,22.54,295.77
3691,2013/04/05,8043,289.19,23.86,313.05
3692,2013/04/05,2200,217.55,17.95,235.50
3693,2013/04/08,7475,45.22,3.73,48.95
3694,2013/04/30,11669,224.52,18.52,243.04
3695,2013/04/28,13910,237.94,19.63,257.57
3696,2013/04/07,9362,284.77,23.49,308.26
3697,2013/04/04,9733,281.66,23.24,304.90
3698,2013/04/16,1563,335.00,27.64,362.64
3699,2013/04/10,15710,133.54,11.02,144.56
3700,2013/04/01,5987,77.88,6.43,84.31
3701,2013/04/12,16642,261.48,21.57,283.05
3702,2013/04/24,12119,268.95,22.19,291.14
3703,2013/04/30,6407,147.01,12.13,159.14
3704,2013/04/12,1769,159.45,13.15,172.60
3705,2013/04/20,6676,355.96,29.37,385.33
3706,2013/04/10,15351,107.38,8.86,116.24
3707,2013/04/30,4024,365.51,30.15,395.66
3708,2013/04/15,13386,277.15,22.86,300.01
3709,2013/04/03,892,157.90,13.03,170.93
3710,2013/04/20,12,350.87,28.95,379.82
3711,2013/04/23,793,258.64,21.34,279.98
3712,2013/04/18,7845,329.96,27.22,357.18
3713,2013/04/16,4949,194.45,16.04,210.49
3714,2013/04/10,8356,352.70,29.10,381.80
3715,2013/04/24,5527,326.86,26.97,353.83
3716,2013/04/18,543,255.02,21.04,276.06
3717,2013/04/22,5349,10.12,0.83,10.95
3718,2013/04/18,16943,351.49,29.00,380.49
3719,2013/04/11,4767,32.90,2.71,35.61
3720,2013/04/24,4726,343.09,28.30,371.39
3721,2013/04/05,2023,142.92,11.79,154.71
3722,2013/04/26,2131,91.63,7.56,99.19
3723,2013/04/23,742,167.49,13.82,181.31
3724,2013/04/28,15785,150.55,12.42,162.97
3725,2013/04/29,320,375.47,30.98,406.45
3726,2013/04/25,19523,351.06,28.96,380.02
3727,2013/04/06,4636,81.34,6.71,88.05
3728,2013/04/28,2985,314.32,25.93,340.25
3729,2013/04/26,4919,22.13,1.83,23.96
3730,2013/04/24,13042,40.81,3.37,44.18
3731,2013/04/29,3017,123.84,10.22,134.06
3732,2013/04/06,12286,326.25,26.92,353.17
3733,2013/04/22,19025,193.80,15.99,209.79
3734,2013/04/03,17649,77.84,6.42,84.26
3735,2013/04/14,19914,116.10,9.58,125.68
3736,2013/04/17,12750,70.42,5.81,76.23
3737,2013/04/18,2433,268.98,22.19,291.17
3738,2013/04/11,14298,155.79,12.85,168.64
3739,2013/04/27,16819,353.57,29.17,382.74
3740,2013/04/28,235,19.89,1.64,21.53
3741,2013/04/10,8626,260.60,21.50,282.10
3742,2013/04/25,2291,169.73,14.00,183.73
3743,2013/04/30,14270,230.54,19.02,249.56
3744,2013/04/28,10216,63.38,5.23,68.61
3745,2013/04/08,16070,152.26,12.56,164.82
3746,2013/04/29,18505,100.18,8.26,108.44
3747,2013/04/17,7380,219.82,18.14,237.96
3748,2013/04/25,19954,75.75,6.25,82.00
3749,2013/04/18,733,65.95,5.44,71.39
3750,2013/04/21,8500,60.95,5.03,65.98
3751,2013/04/18,9840,232.94,19.22,252.16
3752,2013/04/15,10919,239.17,19.73,258.90
3753,2013/04/13,8107,335.64,27.69,363.33
3754,2013/04/11,11901,287.55,23.72,311.27
3755,2013/04/02,19572,395.41,32.62,428.03
3756,2013/04/30,4570,37.00,3.05,40.05
3757,2013/04/28,578,10.29,0.85,11.14
3758,2013/04/16,7773,120.94,9.98,130.92
3759,2013/04/13,6357,258.23,21.30,279.53
3760,2013/04/08,6220,302.97,25.00,327.97
3761,2013/04/17,13069,88.52,7.30,95.82
3762,2013/04/07,10793,192.91,15.92,208.83
3763,2013/04/16,8842,18.11,1.49,19.60
3764,2013/04/17,12002,146.89,12.12,159.01
3765,2013/04/30,7707,275.60,22.74,298.34
3766,2013/04/06,6359,107.09,8.83,115.92
3767,2013/04/11,472,105.62,8.71,114.33
3768,2013/04/14,17048,282.76,23.33,306.09
3769,2013/04/09,7931,128.86,10.63,139.49
3770,2013/04/18,7422,142.10,11.72,153.82
3771,2013/04/14,15976,274.54,22.65,297.19
3772,2013/04/26,4952,221.99,18.31,240.30
3773,2013/04/25,1829,3.70,0.31,4.01
3774,2013/04/22,17282,173.03,14.27,187.30
3775,2013/04/27,15133,11.89,0.98,12.87
3776,2013/04/06,169,147.71,12.19,159.90
3777,2013/04/02,14809,333.16,27.49,360.65
3778,2013/04/01,5842,310.23,25.59,335.82
3779,2013/04/11,3478,291.77,24.07,315.84
3780,2013/04/15,11348,3.12,0.26,3.38
3781,2013/04/17,17513,93.32,7.70,101.02
3782,2013/04/04,3528,340.71,28.11,368.82
3783,2013/04/30,6954,121.89,10.06,131.95
3784,2013/04/08,12002,322.07,26.57,348.64
3785,2013/04/17,16108,46.03,3.80,49.83
3786,2013/04/18,10328,18.50,1.53,20.03
3787,2013/04/09,10593,384.96,31.76,416.72
3788,2013/04/13,911,387.77,31.99,419.76
3789,2013/04/09,9213,145.78,12.03,157.81
3790,2013/04/09,2940,307.26,25.35,332.61
3791,2013/04/04,9831,259.01,21.37,280.38
3792,2013/04/09,12074,278.10,22.94,301.04
3793,2013/04/16,13293,231.85,19.13,250.98
3794,2013/04/19,1370,64.72,5.34,70.06
3795,2013/04/04,9526,32.56,2.69,35.25
3796,2013/04/23,13650,363.40,29.98,393.38
3797,2013/04/03,8910,328.94,27.14,356.08
3798,2013/04/12,11367,119.48,9.86,129.34
3799,2013/04/16,7912,332.75,27.45,360.20
3800,2013/04/13,12675,277.67,22.91,300.58
3801,2013/04/03,8599,61.40,5.07,66.47
3802,2013/04/17,11018,279.46,23.06,302.52
3803,2013/04/07,10635,103.00,8.50,111.50
3804,2013/04/12,937,292.17,24.10,316.27
3805,2013/04/10,3507,247.74,20.44,268.18
3806,2013/04/17,598,32.97,2.72,35.69
3807,2013/04/09,7934,232.71,19.20,251.91
3808,2013/04/26,7141,81.90,6.76,88.66
3809,2013/04/12,7566,359.22,29.64,388.86
3810,2013/04/15,12024,149.37,12.32,161.69
3811,2013/04/24,1573,288.66,23.81,312.47
3812,2013/04/04,13252,120.78,9.96,130.74
3813,2013/04/22,8644,239.33,19.74,259.07
3814,2013/04/11,13011,136.72,11.28,148.00
3815,2013/04/24,9310,122.50,10.11,132.61
3816,2013/04/11,10409,134.73,11.12,145.85
3817,2013/04/23,5413,174.12,14.36,188.48
3818,2013/04/09,1642,55.18,4.55,59.73
3819,2013/04/15,8277,94.78,7.82,102.60
3820,2013/04/16,18201,55.20,4.55,59.75
3821,2013/04/11,15507,32.07,2.65,34.72
3822,2013/04/15,13474,119.44,9.85,129.29
3823,2013/04/30,13262,270.29,22.30,292.59
3824,2013/04/03,8501,310.98,25.66,336.64
3825,2013/04/30,1188,387.32,31.95,419.27
3826,2013/04/27,1713,253.99,20.95,274.94
3827,2013/04/07,7669,253.89,20.95,274.84
3828,2013/04/17,9167,15.19,1.25,16.44
3829,2013/04/09,387,82.59,6.81,89.40
3830,2013/04/02,14481,130.94,10.80,141.74
3831,2013/04/30,14998,34.41,2.84,37.25
3832,2013/04/17,10405,94.58,7.80,102.38
3833,2013/04/22,19559,83.48,6.89,90.37
3834,2013/04/02,14570,119.18,9.83,129.01
3835,2013/04/08,913,59.36,4.90,64.26
3836,2013/04/08,10707,256.46,21.16,277.62
3837,2013/04/03,5204,357.61,29.50,387.11
3838,2013/04/01,6059,370.46,30.56,401.02
3839,2013/04/07,1604,284.22,23.45,307.67
3840,2013/04/27,18460,234.12,19.31,253.43
3841,2013/04/08,603,236.80,19.54,256.34
3842,2013/04/20,12993,219.03,18.07,237.10
3843,2013/04/16,12105,312.80,25.81,338.61
3844,2013/04/23,16091,137.59,11.35,148.94
3845,2013/04/15,412,78.31,6.46,84.77
3846,2013/04/13,6287,205.09,16.92,222.01
3847,2013/04/27,3442,305.55,25.21,330.76
3848,2013/04/26,11610,0.48,0.04,0.52
3849,2013/04/12,1999,113.24,9.34,122.58
3850,2013/04/02,12649,229.77,18.96,248.73
3851,2013/04/01,6274,388.74,32.07,420.81
3852,2013/04/04,3135,186.59,15.39,201.98
3853,2013/04/28,14324,338.66,27.94,366.60
3854,2013/04/25,9745,207.62,17.13,224.75
3855,2013/04/21,1744,62.94,5.19,68.13
3856,2013/04/21,4280,222.48,18.35,240.83
3857,2013/04/22,9982,294.11,24.26,318.37
3858,2013/04/19,9874,131.59,10.86,142.45
3859,2013/04/12,12808,359.16,29.63,388.79
3860,2013/04/11,9485,398.76,32.90,431.66
3861,2013/04/25,12701,379.35,31.30,410.65
3862,2013/04/22,6426,25.65,2.12,27.77
3863,2013/04/06,16733,247.01,20.38,267.39
3864,2013/04/02,17902,362.42,29.90,392.32
3865,2013/04/09,3104,393.32,32.45,425.77
3866,2013/04/09,19747,155.52,12.83,168.35
3867,2013/04/12,18523,60.15,4.96,65.11
3868,2013/04/21,9768,111.59,9.21,120.80
3869,2013/04/30,14145,252.10,20.80,272.90
3870,2013/04/30,11752,372.66,30.74,403.40
3871,2013/04/13,19326,163.60,13.50,177.10
3872,2013/04/04,7555,294.68,24.31,318.99
3873,2013/04/23,4572,249.14,20.55,269.69
3874,2013/04/11,7725,86.04,7.10,93.14
3875,2013/04/21,333,225.91,18.64,244.55
3876,2013/04/18,16726,178.14,14.70,192.84
3877,2013/04/09,17028,50.20,4.14,54.34
3878,2013/04/15,11552,231.89,19.13,251.02
3879,2013/04/12,442,328.50,27.10,355.60
3880,2013/04/13,14289,210.33,17.35,227.68
3881,2013/04/02,10832,199.21,16.43,215.64
3882,2013/04/17,13645,7.11,0.59,7.70
3883,2013/04/03,423,398.95,32.91,431.86
3884,2013/04/09,18935,215.35,17.77,233.12
3885,2013/04/29,10941,309.06,25.50,334.56
3886,2013/04/14,8840,175.88,14.51,190.39
3887,2013/04/22,11214,122.09,10.07,132.16
3888,2013/04/10,14629,57.77,4.77,62.54
3889,2013/04/23,11827,188.25,15.53,203.78
3890,2013/04/10,7087,160.83,13.27,174.10
3891,2013/04/10,4259,209.13,17.25,226.38
3892,2013/04/04,7044,34.83,2.87,37.70
3893,2013/04/11,12291,50.13,4.14,54.27
3894,2013/04/15,939,195.29,16.11,211.40
3895,2013/04/11,10555,160.07,13.21,173.28
3896,2013/04/26,1177,5.53,0.46,5.99
3897,2013/04/09,6366,238.14,19.65,257.79
3898,2013/04/17,12174,221.34,18.26,239.60
3899,2013/04/14,15036,274.43,22.64,297.07
3900,2013/04/28,5549,397.36,32.78,430.14
3901,2013/04/05,11327,370.98,30.61,401.59
3902,2013/04/25,14493,321.02,26.48,347.50
3903,2013/04/03,17593,101.56,8.38,109.94
3904,2013/04/20,11477,121.78,10.05,131.83
3905,2013/04/25,237,195.45,16.12,211.57
3906,2013/04/15,10264,126.04,10.40,136.44
3907,2013/04/01,2716,382.53,31.56,414.09
3908,2013/04/29,11902,96.51,7.96,104.47
3909,2013/04/13,3408,395.41,32.62,428.03
3910,2013/04/02,15512,348.67,28.77,377.44
3911,2013/04/01,17832,14.90,1.23,16.13
3912,2013/04/04,11707,261.68,21.59,283.27
3913,2013/04/10,4159,261.23,21.55,282.78
3914,2013/04/23,6617,33.97,2.80,36.77
3915,2013/04/26,3981,355.81,29.35,385.16
3916,2013/04/08,19918,266.81,22.01,288.82
3917,2013/04/25,12234,292.02,24.09,316.11
3918,2013/04/27,6323,346.75,28.61,375.36
3919,2013/04/03,18170,75.84,6.26,82.10
3920,2013/04/06,9425,214.45,17.69,232.14
3921,2013/04/03,2558,119.89,9.89,129.78
3922,2013/04/30,6568,261.95,21.61,283.56
3923,2013/04/26,9464,212.05,17.49,229.54
3924,2013/04/03,18368,216.11,17.83,233.94
3925,2013/04/28,2383,285.15,23.52,308.67
3926,2013/04/13,12776,274.82,22.67,297.49
3927,2013/04/08,16432,2.79,0.23,3.02
3928,2013/04/08,16339,256.23,21.14,277.37
3929,2013/04/29,10385,67.93,5.60,73.53
3930,2013/04/28,5275,139.17,11.48,150.65
3931,2013/04/22,1732,232.43,19.18,251.61
3932,2013/04/30,10360,80.54,6.64,87.18
3933,2013/04/29,6537,301.80,24.90,326.70
3934,2013/04/26,7564,203.59,16.80,220.39
3935,2013/04/28,8756,385.00,31.76,416.76
3936,2013/04/15,10370,317.46,26.19,343.65
3937,2013/04/15,9821,285.84,23.58,309.42
3938,2013/04/06,9277,90.95,7.50,98.45
3939,2013/04/09,5327,113.52,9.37,122.89
3940,2013/04/16,2289,12.65,1.04,13.69
3941,2013/04/27,7625,318.40,26.27,344.67
3942,2013/04/19,8359,115.91,9.56,125.47
3943,2013/04/05,7036,4.43,0.37,4.80
3944,2013/04/26,11851,62.98,5.20,68.18
3945,2013/04/25,7643,158.49,13.08,171.57
3946,2013/04/29,10443,161.22,13.30,174.52
3947,2013/04/22,8483,58.02,4.79,62.81
3948,2013/04/07,5382,241.56,19.93,261.49
3949,2013/04/18,9363,145.87,12.03,157.90
3950,2013/04/06,6648,312.10,25.75,337.85
3951,2013/04/06,18106,132.46,10.93,143.39
3952,2013/04/18,16010,83.27,6.87,90.14
3953,2013/04/04,6262,165.08,13.62,178.70
3954,2013/04/22,19780,364.92,30.11,395.03
3955,2013/04/17,8405,252.20,20.81,273.01
3956,2013/04/22,6702,241.74,19.94,261.68
3957,2013/04/14,972,75.53,6.23,81.76
3958,2013/04/15,13953,283.31,23.37,306.68
3959,2013/04/11,16771,171.38,14.14,185.52
3960,2013/04/17,10750,103.12,8.51,111.63
3961,2013/04/10,14280,367.00,30.28,397.28
3962,2013/04/15,1148,264.36,21.81,286.17
3963,2013/04/22,9375,187.88,15.50,203.38
3964,2013/04/17,18929,27.31,2.25,29.56
3965,2013/04/17,2441,264.57,21.83,286.40
3966,2013/04/05,10343,173.06,14.28,187.34
3967,2013/04/22,3705,305.09,25.17,330.26
3968,2013/04/15,3393,232.50,19.18,251.68
3969,2013/04/13,9733,330.65,27.28,357.93
3970,2013/04/24,6436,144.22,11.90,156.12
3971,2013/04/09,9703,3.50,0.29,3.79
3972,2013/04/20,10272,175.46,14.48,189.94
3973,2013/04/15,7274,145.71,12.02,157.73
3974,2013/04/08,11931,3.44,0.28,3.72
3975,2013/04/06,12331,61.22,5.05,66.27
3976,2013/04/20,731,280.38,23.13,303.51
3977,2013/04/01,4295,1.90,0.16,2.06
3978,2013/04/09,996,154.30,12.73,167.03
3979,2013/04/26,1783,119.55,9.86,129.41
3980,2013/04/11,7015,84.45,6.97,91.42
3981,2013/04/11,798,101.27,8.35,109.62
3982,2013/04/05,3095,144.17,11.89,156.06
3983,2013/04/09,8769,226.14,18.66,244.80
3984,2013/04/01,13531,237.27,19.57,256.84
3985,2013/04/26,16393,293.29,24.20,317.49
3986,2013/04/01,3206,64.03,5.28,69.31
3987,2013/04/08,9771,109.27,9.01,118.28
3988,2013/04/07,12671,219.10,18.08,237.18
3989,2013/04/16,4035,306.72,25.30,332.02
3990,2013/04/10,1047,171.87,14.18,186.05
3991,2013/04/24,16957,269.98,22.27,292.25
3992,2013/04/22,1786,118.77,9.80,128.57
3993,2013/04/25,18843,305.89,25.24,331.13
3994,2013/04/18,13937,191.14,15.77,206.91
3995,2013/04/11,1374,343.94,28.38,372.32
3996,2013/04/14,18508,124.52,10.27,134.79
3997,2013/04/07,3390,227.17,18.74,245.91
3998,2013/04/22,4005,326.48,26.93,353.41
3999,2013/04/06,7327,18.07,1.49,19.56
4000,2013/04/29,6527,28.98,2.39,31.37
