7001,2013/08/16,8391,123.98,10.23,134.21
7002,2013/08/15,18655,96.03,7.92,103.95
7003,2013/08/01,15040,43.70,3.61,47.31
7004,2013/08/18,9001,178.95,14.76,193.71
7005,2013/08/10,2795,264.47,21.82,286.29
7006,2013/08/02,4050,152.56,12.59,165.15
7007,2013/08/21,10562,308.21,25.43,333.64
7008,2013/08/30,18799,107.27,8.85,116.12
7009,2013/08/11,5598,395.27,32.61,427.88
7010,2013/08/06,19628,63.21,5.21,68.42
7011,2013/08/24,13717,78.93,6.51,85.44
7012,2013/08/31,17088,385.57,31.81,417.38
7013,2013/08/21,7439,248.31,20.49,268.80
7014,2013/08/08,18515,14.47,1.19,15.66
7015,2013/08/26,15787,146.90,12.12,159.02
7016,2013/08/27,8503,396.15,32.68,428.83
7017,2013/08/23,17336,389.92,32.17,422.09
7018,2013/08/23,14472,285.88,23.59,309.47
7019,2013/08/21,3485,363.79,30.01,393.80
7020,2013/08/21,11611,246.28,20.32,266.60
7021,2013/08/23,4688,368.27,30.38,398.65
7022,2013/08/18,13701,120.21,9.92,130.13
7023,2013/08/26,18933,215.53,17.78,233.31
7024,2013/08/05,772,80.61,6.65,87.26
7025,2013/08/29,4779,50.23,4.14,54.37
7026,2013/08/09,17876,165.49,13.65,179.14
7027,2013/08/21,9100,31.82,2.63,34.45
7028,2013/08/14,1823,42.66,3.52,46.18
7029,2013/08/01,12877,154.90,12.78,167.68
7030,2013/08/29,8062,106.96,8.82,115.78
7031,2013/08/03,366,21.37,1.76,23.13
7032,2013/08/11,8753,186.65,15.40,202.05
7033,2013/08/27,12292,191.15,15.77,206.92
7034,2013/08/24,16335,347.92,28.70,376.62
7035,2013/08/18,4270,248.83,20.53,269.36
7036,2013/08/10,17045,68.02,5.61,73.63
7037,2013/08/10,15012,140.75,11.61,152.36
7038,2013/08/03,13942,167.17,13.79,180.96
7039,2013/08/17,18208,135.70,11.20,146.90
7040,2013/08/26,7004,225.71,18.62,244.33
7041,2013/08/10,2570,281.32,23.21,304.53
7042,2013/08/10,12665,14.77,1.22,15.99
7043,2013/08/09,12108,370.68,30.58,401.26
7044,2013/08/30,6116,119.75,9.88,129.63
7045,2013/08/20,2258,22.91,1.89,24.80
7046,2013/08/15,16943,73.76,6.09,79.85
7047,2013/08/31,3071,340.18,28.06,368.24
7048,2013/08/12,11930,232.98,19.22,252.20
7049,2013/08/01,2472,91.28,7.53,98.81
7050,2013/08/30,6124,86.20,7.11,93.31
7051,2013/08/04,12323,372.12,30.70,402.82
7052,2013/08/18,9561,278.71,22.99,301.70
7053,2013/08/28,8786,291.41,24.04,315.45
7054,2013/08/30,13526,83.88,6.92,90.80
7055,2013/08/06,17928,75.87,6.26,82.13
7056,2013/08/22,4758,72.79,6.01,78.80
7057,2013/08/05,5515,269.22,22.21,291.43
7058,2013/08/11,18375,282.61,23.32,305.93
7059,2013/08/18,2766,100.34,8.28,108.62
7060,2013/08/28,19001,293.26,24.19,317.45
7061,2013/08/28,15104,297.04,24.51,321.55
7062,2013/08/27,13000,244.55,20.18,264.73
7063,2013/08/09,10224,316.40,26.10,342.50
7064,2013/08/08,18479,21.85,1.80,23.65
7065,2013/08/27,7863,358.77,29.60,388.37
7066,2013/08/31,16551,75.30,6.21,81.51
7067,2013/08/21,19426,141.88,11.71,153.59
7068,2013/08/26,10891,36.51,3.01,39.52
7069,2013/08/13,148,211.52,17.45,228.97
7070,2013/08/11,13678,121.36,10.01,131.37
7071,2013/08/19,9466,339.14,27.98,367.12
7072,2013/08/28,17842,291.53,24.05,315.58
7073,2013/08/31,11781,367.35,30.31,397.66
7074,2013/08/08,3555,374.60,30.90,405.50
7075,2013/08/02,22,33.86,2.79,36.65
7076,2013/08/12,7385,28.98,2.39,31.37
7077,2013/08/31,14553,297.23,24.52,321.75
7078,2013/08/29,7759,221.73,18.29,240.02
7079,2013/08/04,5278,43.34,3.58,46.92
7080,2013/08/26,17945,25.82,2.13,27.95
7081,2013/08/27,3123,81.90,6.76,88.66
7082,2013/08/31,13755,137.36,11.33,148.69
7083,2013/08/02,6544,76.63,6.32,82.95
7084,2013/08/04,16697,210.13,17.34,227.47
7085,2013/08/03,14988,286.32,23.62,309.94
7086,2013/08/06,17838,268.05,22.11,290.16
7087,2013/08/11,13539,121.56,10.03,131.59
7088,2013/08/13,15201,103.96,8.58,112.54
7089,2013/08/25,1042,66.04,5.45,71.49
7090,2013/08/28,1342,62.02,5.12,67.14
7091,2013/08/24,3772,96.39,7.95,104.34
7092,2013/08/14,14425,42.09,3.47,45.56
7093,2013/08/03,2678,37.32,3.08,40.40
7094,2013/08/09,10454,121.75,10.04,131.79
7095,2013/08/01,7971,262.38,21.65,284.03
7096,2013/08/14,15183,255.36,21.07,276.43
7097,2013/08/15,14010,363.94,30.03,393.97
7098,2013/08/31,7954,288.94,23.84,312.78
7099,2013/08/25,7781,122.71,10.12,132.83
7100,2013/08/05,1820,282.40,23.30,305.70
7101,2013/08/31,16949,108.78,8.97,117.75
7102,2013/08/23,932,179.62,14.82,194.44
7103,2013/08/17,15256,302.42,24.95,327.37
7104,2013/08/27,7740,30.07,2.48,32.55
7105,2013/08/21,17668,158.97,13.12,172.09
7106,2013/08/02,3823,17.71,1.46,19.17
7107,2013/08/25,16682,336.00,27.72,363.72
7108,2013/08/07,15916,251.84,20.78,272.62
7109,2013/08/20,7771,329.83,27.21,357.04
7110,2013/08/10,11691,45.46,3.75,49.21
7111,2013/08/14,13036,215.06,17.74,232.80
7112,2013/08/30,6881,352.41,29.07,381.48
7113,2013/08/01,7023,27.31,2.25,29.56
7114,2013/08/12,3980,120.74,9.96,130.70
7115,2013/08/16,230,68.10,5.62,73.72
7116,2013/08/19,13944,135.22,11.16,146.38
7117,2013/08/09,7291,80.14,6.61,86.75
7118,2013/08/26,7539,328.55,27.11,355.66
7119,2013/08/25,16794,27.18,2.24,29.42
7120,2013/08/13,1526,300.98,24.83,325.81
7121,2013/08/20,14992,113.30,9.35,122.65
7122,2013/08/26,10351,7.49,0.62,8.11
7123,2013/08/05,5820,200.44,16.54,216.98
7124,2013/08/28,19887,7.36,0.61,7.97
7125,2013/08/19,420,54.42,4.49,58.91
7126,2013/08/08,2917,121.84,10.05,131.89
7127,2013/08/19,5273,373.22,30.79,404.01
7128,2013/08/12,18879,295.48,24.38,319.86
7129,2013/08/29,1922,152.95,12.62,165.57
7130,2013/08/04,12612,181.09,14.94,196.03
7131,2013/08/11,14666,153.34,12.65,165.99
7132,2013/08/07,10277,240.32,19.83,260.15
7133,2013/08/16,4849,321.26,26.50,347.76
7134,2013/08/29,1846,117.35,9.68,127.03
7135,2013/08/15,12146,146.45,12.08,158.53
7136,2013/08/08,19483,20.82,1.72,22.54
7137,2013/08/26,14404,163.87,13.52,177.39
7138,2013/08/04,3218,61.03,5.03,66.06
7139,2013/08/17,7916,301.90,24.91,326.81
7140,2013/08/08,7503,222.91,18.39,241.30
7141,2013/08/08,12532,183.89,15.17,199.06
7142,2013/08/13,5076,256.25,21.14,277.39
7143,2013/08/04,19359,77.80,6.42,84.22
7144,2013/08/23,6204,155.08,12.79,167.87
7145,2013/08/09,15588,188.90,15.58,204.48
7146,2013/08/25,10750,238.51,19.68,258.19
7147,2013/08/27,8905,331.18,27.32,358.50
7148,2013/08/13,18572,120.51,9.94,130.45
7149,2013/08/28,5083,120.03,9.90,129.93
7150,2013/08/16,5243,66.11,5.45,71.56
7151,2013/08/17,13432,114.08,9.41,123.49
7152,2013/08/02,815,200.70,16.56,217.26
7153,2013/08/31,4987,318.20,26.25,344.45
7154,2013/08/29,17890,28.22,2.33,30.55
7155,2013/08/10,5488,1.07,0.09,1.16
7156,2013/08/21,19033,140.48,11.59,152.07
7157,2013/08/14,8300,158.88,13.11,171.99
7158,2013/08/17,16890,342.07,28.22,370.29
7159,2013/08/17,15716,69.96,5.77,75.73
7160,2013/08/23,4967,181.93,15.01,196.94
7161,2013/08/04,670,390.03,32.18,422.21
7162,2013/08/12,4067,105.60,8.71,114.31
7163,2013/08/04,19330,77.19,6.37,83.56
7164,2013/08/06,2290,205.35,16.94,222.29
7165,2013/08/10,17050,44.29,3.65,47.94
7166,2013/08/03,6407,217.24,17.92,235.16
7167,2013/08/25,6981,34.35,2.83,37.18
7168,2013/08/15,1394,116.25,9.59,125.84
7169,2013/08/02,4288,76.42,6.30,82.72
7170,2013/08/20,12321,187.93,15.50,203.43
7171,2013/08/24,8263,264.60,21.83,286.43
7172,2013/08/14,17380,139.67,11.52,151.19
7173,2013/08/30,1095,116.24,9.59,125.83
7174,2013/08/11,663,366.02,30.20,396.22
7175,2013/08/31,17483,363.99,30.03,394.02
7176,2013/08/01,17608,392.16,32.35,424.51
7177,2013/08/07,12297,295.48,24.38,319.86
7178,2013/08/02,10118,311.43,25.69,337.12
7179,2013/08/27,10452,292.18,24.10,316.28
7180,2013/08/13,15212,284.79,23.50,308.29
7181,2013/08/03,7735,397.13,32.76,429.89
7182,2013/08/31,4187,244.76,20.19,264.95
7183,2013/08/24,1848,326.46,26.93,353.39
7184,2013/08/05,8604,85.91,7.09,93.00
7185,2013/08/16,13402,24.53,2.02,26.55
7186,2013/08/06,9002,68.37,5.64,74.01
7187,2013/08/19,7524,357.84,29.52,387.36
7188,2013/08/14,16151,185.67,15.32,200.99
7189,2013/08/03,9531,387.53,31.97,419.50
7190,2013/08/01,16679,306.83,25.31,332.14
7191,2013/08/13,12745,23.45,1.93,25.38
7192,2013/08/07,19654,235.23,19.41,254.64
7193,2013/08/26,13270,80.51,6.64,87.15
7194,2013/08/25,3395,379.78,31.33,411.11
7195,2013/08/08,1713,181.65,14.99,196.64
7196,2013/08/17,5155,105.76,8.73,114.49
7197,2013/08/03,19821,380.55,31.40,411.95
7198,2013/08/09,4279,133.96,11.05,145.01
7199,2013/08/15,3731,200.63,16.55,217.18
7200,2013/08/21,12459,300.43,24.79,325.22
7201,2013/08/10,11873,331.41,27.34,358.75
7202,2013/08/07,4533,189.99,15.67,205.66
7203,2013/08/08,7771,279.87,23.09,302.96
7204,2013/08/07,1053,55.05,4.54,59.59
7205,2013/08/22,2275,183.32,15.12,198.44
7206,2013/08/28,6081,5.00,0.41,5.41
7207,2013/08/07,5662,115.80,9.55,125.35
7208,2013/08/17,5469,223.99,18.48,242.47
7209,2013/08/15,11965,54.29,4.48,58.77
7210,2013/08/15,13402,53.92,4.45,58.37
7211,2013/08/09,19959,121.31,10.01,131.32
7212,2013/08/18,6270,350.16,28.89,379.05
7213,2013/08/20,15593,391.06,32.26,423.32
7214,2013/08/07,11839,112.01,9.24,121.25
7215,2013/08/10,4263,124.44,10.27,134.71
7216,2013/08/07,13479,144.74,11.94,156.68
7217,2013/08/20,3352,24.60,2.03,26.63
7218,2013/08/02,15176,223.90,18.47,242.37
7219,2013/08/04,10831,398.25,32.86,431.11
7220,2013/08/24,19704,72.38,5.97,78.35
7221,2013/08/30,17181,195.77,16.15,211.92
7222,2013/08/17,4058,289.86,23.91,313.77
7223,2013/08/29,10958,201.30,16.61,217.91
7224,2013/08/09,938,389.63,32.14,421.77
7225,2013/08/20,11536,98.18,8.10,106.28
7226,2013/08/01,2365,78.14,6.45,84.59
7227,2013/08/12,18712,265.25,21.88,287.13
7228,2013/08/27,14653,292.81,24.16,316.97
7229,2013/08/01,17746,92.75,7.65,100.40
7230,2013/08/15,14021,126.10,10.40,136.50
7231,2013/08/29,16053,249.41,20.58,269.99
7232,2013/08/28,15972,382.28,31.54,413.82
7233,2013/08/20,3350,209.06,17.25,226.31
7234,2013/08/01,13031,385.06,31.77,416.83
7235,2013/08/24,15742,37.91,3.13,41.04
7236,2013/08/13,18437,157.03,12.95,169.98
7237,2013/08/29,2482,30.58,2.52,33.10
7238,2013/08/22,9990,386.40,31.88,418.28
7239,2013/08/23,419,89.70,7.40,97.10
7240,2013/08/06,19484,14.78,1.22,16.00
7241,2013/08/27,19380,63.20,5.21,68.41
7242,2013/08/02,8061,107.51,8.87,116.38
7243,2013/08/19,16462,203.50,16.79,220.29
7244,2013/08/05,934,345.16,28.48,373.64
7245,2013/08/30,12094,23.39,1.93,25.32
7246,2013/08/12,1461,176.38,14.55,190.93
7247,2013/08/06,5335,200.48,16.54,217.02
7248,2013/08/17,19970,388.18,32.02,420.20
7249,2013/08/27,9827,281.44,23.22,304.66
7250,2013/08/02,13091,235.65,19.44,255.09
7251,2013/08/04,12892,31.04,2.56,33.60
7252,2013/08/22,12304,355.52,29.33,384.85
7253,2013/08/24,12654,385.54,31.81,417.35
7254,2013/08/10,13238,332.28,27.41,359.69
7255,2013/08/10,12335,56.63,4.67,61.30
7256,2013/08/19,13720,182.62,15.07,197.69
7257,2013/08/28,16025,106.48,8.78,115.26
7258,2013/08/01,13538,345.37,28.49,373.86
7259,2013/08/11,11169,112.08,9.25,121.33
7260,2013/08/12,6954,373.88,30.85,404.73
7261,2013/08/14,18040,119.80,9.88,129.68
7262,2013/08/21,7026,216.93,17.90,234.83
7263,2013/08/14,16670,61.67,5.09,66.76
7264,2013/08/11,502,2.89,0.24,3.13
7265,2013/08/30,7519,65.56,5.41,70.97
7266,2013/08/08,6496,23.99,1.98,25.97
7267,2013/08/01,12658,163.85,13.52,177.37
7268,2013/08/08,17138,367.63,30.33,397.96
7269,2013/08/12,5908,82.43,6.80,89.23
7270,2013/08/24,4850,162.58,13.41,175.99
7271,2013/08/27,4198,75.17,6.20,81.37
7272,2013/08/31,18670,242.26,19.99,262.25
7273,2013/08/21,3958,95.92,7.91,103.83
7274,2013/08/12,10812,357.79,29.52,387.31
7275,2013/08/21,4158,374.54,30.90,405.44
7276,2013/08/18,9700,13.24,1.09,14.33
7277,2013/08/07,19935,110.42,9.11,119.53
7278,2013/08/02,19163,256.83,21.19,278.02
7279,2013/08/05,12841,158.88,13.11,171.99
7280,2013/08/06,15192,274.78,22.67,297.45
7281,2013/08/05,10728,45.80,3.78,49.58
7282,2013/08/11,2072,132.95,10.97,143.92
7283,2013/08/05,8413,278.29,22.96,301.25
7284,2013/08/16,19487,2.50,0.21,2.71
7285,2013/08/01,2868,65.30,5.39,70.69
7286,2013/08/22,9028,56.71,4.68,61.39
7287,2013/08/14,5724,30.59,2.52,33.11
7288,2013/08/10,8334,386.82,31.91,418.73
7289,2013/08/30,7158,75.08,6.19,81.27
7290,2013/08/15,16300,63.38,5.23,68.61
7291,2013/08/25,16251,269.26,22.21,291.47
7292,2013/08/11,1769,377.39,31.13,408.52
7293,2013/08/24,11975,155.41,12.82,168.23
7294,2013/08/29,10425,124.98,10.31,135.29
7295,2013/08/18,16802,250.85,20.70,271.55
7296,2013/08/14,9749,288.45,23.80,312.25
7297,2013/08/17,176,7.67,0.63,8.30
7298,2013/08/28,11338,374.58,30.90,405.48
7299,2013/08/24,9260,190.16,15.69,205.85
7300,2013/08/18,19006,223.37,18.43,241.80
7301,2013/08/13,4985,4.52,0.37,4.89
7302,2013/08/08,12028,293.65,24.23,317.88
7303,2013/08/14,2235,290.99,24.01,315.00
7304,2013/08/27,19091,221.27,18.25,239.52
7305,2013/08/04,18907,213.49,17.61,231.10
7306,2013/08/02,6835,179.44,14.80,194.24
7307,2013/08/09,4238,158.61,13.09,171.70
7308,2013/08/07,19300,386.68,31.90,418.58
7309,2013/08/19,2846,267.91,22.10,290.01
7310,2013/08/20,14765,40.34,3.33,43.67
7311,2013/08/26,6472,311.55,25.70,337.25
7312,2013/08/18,2691,277.68,22.91,300.59
7313,2013/08/21,6109,287.94,23.76,311.70
7314,2013/08/06,13523,352.59,29.09,381.68
7315,2013/08/11,12371,362.56,29.91,392.47
7316,2013/08/18,7118,245.81,20.28,266.09
7317,2013/08/07,4436,319.55,26.36,345.91
7318,2013/08/20,18839,7.35,0.61,7.96
7319,2013/08/19,10533,52.40,4.32,56.72
7320,2013/08/28,14152,163.17,13.46,176.63
7321,2013/08/09,15403,163.56,13.49,177.05
7322,2013/08/16,18928,313.16,25.84,339.00
7323,2013/08/06,19317,162.16,13.38,175.54
7324,2013/08/02,8558,311.11,25.67,336.78
7325,2013/08/27,6249,318.15,26.25,344.40
7326,2013/08/08,1019,72.04,5.94,77.98
7327,2013/08/03,18676,363.79,30.01,393.80
7328,2013/08/21,15853,378.56,31.23,409.79
7329,2013/08/01,11559,91.62,7.56,99.18
7330,2013/08/17,2907,55.64,4.59,60.23
7331,2013/08/10,4658,43.36,3.58,46.94
7332,2013/08/05,4862,76.29,6.29,82.58
7333,2013/08/26,11082,317.95,26.23,344.18
7334,2013/08/01,2000,48.41,3.99,52.40
7335,2013/08/01,18308,195.85,16.16,212.01
7336,2013/08/10,17572,291.24,24.03,315.27
7337,2013/08/15,2058,69.50,5.73,75.23
7338,2013/08/17,16076,213.13,17.58,230.71
7339,2013/08/04,2856,196.38,16.20,212.58
7340,2013/08/24,8108,136.85,11.29,148.14
7341,2013/08/18,5180,379.00,31.27,410.27
7342,2013/08/21,7432,52.54,4.33,56.87
7343,2013/08/23,4822,100.40,8.28,108.68
7344,2013/08/07,15305,220.68,18.21,238.89
7345,2013/08/28,4398,308.09,25.42,333.51
7346,2013/08/26,6286,282.18,23.28,305.46
7347,2013/08/07,1840,227.87,18.80,246.67
7348,2013/08/27,6426,136.04,11.22,147.26
7349,2013/08/20,8620,164.37,13.56,177.93
7350,2013/08/16,2725,331.31,27.33,358.64
7351,2013/08/18,5212,78.18,6.45,84.63
7352,2013/08/23,4020,26.79,2.21,29.00
7353,2013/08/03,19686,29.13,2.40,31.53
7354,2013/08/08,11445,374.46,30.89,405.35
7355,2013/08/27,10878,290.58,23.97,314.55
7356,2013/08/11,7665,351.52,29.00,380.52
7357,2013/08/27,9508,271.36,22.39,293.75
7358,2013/08/28,3300,258.16,21.30,279.46
7359,2013/08/15,12462,162.06,13.37,175.43
7360,2013/08/16,18903,52.11,4.30,56.41
7361,2013/08/22,8020,269.23,22.21,291.44
7362,2013/08/05,15999,383.11,31.61,414.72
7363,2013/08/05,12070,179.44,14.80,194.24
7364,2013/08/03,16601,261.77,21.60,283.37
7365,2013/08/17,431,214.42,17.69,232.11
7366,2013/08/17,6916,212.27,17.51,229.78
7367,2013/08/27,15463,395.06,32.59,427.65
7368,2013/08/30,2393,352.85,29.11,381.96
7369,2013/08/25,9526,262.42,21.65,284.07
7370,2013/08/14,8686,84.85,7.00,91.85
7371,2013/08/11,8569,193.65,15.98,209.63
7372,2013/08/04,14048,56.24,4.64,60.88
7373,2013/08/26,1725,217.48,17.94,235.42
7374,2013/08/26,13583,350.96,28.95,379.91
7375,2013/08/09,969,27.98,2.31,30.29
7376,2013/08/02,14601,368.33,30.39,398.72
7377,2013/08/18,7072,85.44,7.05,92.49
7378,2013/08/05,2846,107.76,8.89,116.65
7379,2013/08/21,14196,82.85,6.84,89.69
7380,2013/08/24,14919,357.62,29.50,387.12
7381,2013/08/10,4199,368.47,30.40,398.87
7382,2013/08/13,814,208.11,17.17,225.28
7383,2013/08/04,2368,289.30,23.87,313.17
7384,2013/08/20,19573,192.10,15.85,207.95
7385,2013/08/03,15395,291.16,24.02,315.18
7386,2013/08/03,708,164.31,13.56,177.87
7387,2013/08/23,19705,69.56,5.74,75.30
7388,2013/08/20,12820,333.47,27.51,360.98
7389,2013/08/31,19379,236.47,19.51,255.98
7390,2013/08/17,9150,39.90,3.29,43.19
7391,2013/08/18,3758,51.77,4.27,56.04
7392,2013/08/27,8580,133.25,10.99,144.24
7393,2013/08/22,17609,181.08,14.94,196.02
7394,2013/08/01,18777,185.96,15.34,201.30
7395,2013/08/31,14900,97.36,8.03,105.39
7396,2013/08/11,3786,149.22,12.31,161.53
7397,2013/08/15,1844,232.12,19.15,251.27
7398,2013/08/28,8165,275.92,22.76,298.68
7399,2013/08/24,17987,263.71,21.76,285.47
7400,2013/08/09,18148,129.87,10.71,140.58
7401,2013/08/06,3010,81.06,6.69,87.75
7402,2013/08/26,14666,46.29,3.82,50.11
7403,2013/08/25,14356,58.08,4.79,62.87
7404,2013/08/30,9429,344.41,28.41,372.82
7405,2013/08/11,2490,105.21,8.68,113.89
7406,2013/08/26,8930,222.73,18.38,241.11
7407,2013/08/06,2805,30.04,2.48,32.52
7408,2013/08/20,14792,217.78,17.97,235.75
7409,2013/08/23,8370,180.45,14.89,195.34
7410,2013/08/05,7712,275.73,22.75,298.48
7411,2013/08/01,3786,219.06,18.07,237.13
7412,2013/08/13,15920,75.44,6.22,81.66
7413,2013/08/15,16119,185.81,15.33,201.14
7414,2013/08/08,13603,88.05,7.26,95.31
7415,2013/08/14,1534,352.78,29.10,381.88
7416,2013/08/15,17031,318.49,26.28,344.77
7417,2013/08/13,19162,311.41,25.69,337.10
7418,2013/08/24,19857,49.41,4.08,53.49
7419,2013/08/08,9616,239.45,19.75,259.20
7420,2013/08/24,11940,351.94,29.04,380.98
7421,2013/08/16,3023,358.39,29.57,387.96
7422,2013/08/10,11804,8.34,0.69,9.03
7423,2013/08/09,5613,248.09,20.47,268.56
7424,2013/08/01,15642,34.33,2.83,37.16
7425,2013/08/28,18528,19.04,1.57,20.61
7426,2013/08/01,12199,382.08,31.52,413.60
7427,2013/08/21,17369,25.45,2.10,27.55
7428,2013/08/29,16602,181.85,15.00,196.85
7429,2013/08/03,14607,220.99,18.23,239.22
7430,2013/08/22,11744,7.63,0.63,8.26
7431,2013/08/07,8035,182.92,15.09,198.01
7432,2013/08/10,7844,316.22,26.09,342.31
7433,2013/08/30,18944,306.49,25.29,331.78
7434,2013/08/18,2567,90.27,7.45,97.72
7435,2013/08/03,12123,259.64,21.42,281.06
7436,2013/08/19,16299,231.73,19.12,250.85
7437,2013/08/04,19618,371.98,30.69,402.67
7438,2013/08/12,15065,245.73,20.27,266.00
7439,2013/08/07,16836,320.57,26.45,347.02
7440,2013/08/28,741,26.98,2.23,29.21
7441,2013/08/04,2875,85.25,7.03,92.28
7442,2013/08/17,17776,379.06,31.27,410.33
7443,2013/08/04,5086,319.30,26.34,345.64
7444,2013/08/21,12487,248.58,20.51,269.09
7445,2013/08/09,15515,97.13,8.01,105.14
7446,2013/08/21,9272,139.43,11.50,150.93
7447,2013/08/21,17531,171.06,14.11,185.17
7448,2013/08/03,13485,288.39,23.79,312.18
7449,2013/08/28,18378,219.83,18.14,237.97
7450,2013/08/01,17125,357.35,29.48,386.83
7451,2013/08/10,13279,286.16,23.61,309.77
7452,2013/08/09,18658,112.00,9.24,121.24
7453,2013/08/07,359,124.11,10.24,134.35
7454,2013/08/24,3154,329.38,27.17,356.55
7455,2013/08/20,14320,353.71,29.18,382.89
7456,2013/08/11,3454,376.21,31.04,407.25
7457,2013/08/27,5551,106.92,8.82,115.74
7458,2013/08/21,11601,292.96,24.17,317.13
7459,2013/08/03,5773,285.64,23.57,309.21
7460,2013/08/29,801,325.12,26.82,351.94
7461,2013/08/17,3629,246.71,20.35,267.06
7462,2013/08/17,5903,257.99,21.28,279.27
7463,2013/08/20,16863,314.33,25.93,340.26
7464,2013/08/27,12803,176.42,14.55,190.97
7465,2013/08/27,5748,131.55,10.85,142.40
7466,2013/08/29,2783,369.61,30.49,400.10
7467,2013/08/18,14027,199.74,16.48,216.22
7468,2013/08/15,1421,109.24,9.01,118.25
7469,2013/08/11,989,144.42,11.91,156.33
7470,2013/08/28,17191,180.17,14.86,195.03
7471,2013/08/20,19767,326.22,26.91,353.13
7472,2013/08/22,11414,121.25,10.00,131.25
7473,2013/08/21,17908,51.66,4.26,55.92
7474,2013/08/25,13574,289.20,23.86,313.06
7475,2013/08/08,14959,257.69,21.26,278.95
7476,2013/08/15,16463,371.94,30.69,402.63
7477,2013/08/10,18547,148.60,12.26,160.86
7478,2013/08/02,17838,334.04,27.56,361.60
7479,2013/08/08,4729,162.10,13.37,175.47
7480,2013/08/26,7396,292.51,24.13,316.64
7481,2013/08/17,6196,355.93,29.36,385.29
7482,2013/08/02,13555,155.09,12.79,167.88
7483,2013/08/10,8511,318.02,26.24,344.26
7484,2013/08/18,8352,51.88,4.28,56.16
7485,2013/08/20,5414,56.73,4.68,61.41
7486,2013/08/17,12839,283.20,23.36,306.56
7487,2013/08/13,3255,252.82,20.86,273.68
7488,2013/08/06,15773,119.50,9.86,129.36
7489,2013/08/15,19404,335.19,27.65,362.84
7490,2013/08/23,6415,211.84,17.48,229.32
7491,2013/08/08,13161,27.85,2.30,30.15
7492,2013/08/10,16680,63.61,5.25,68.86
7493,2013/08/28,5090,158.35,13.06,171.41
7494,2013/08/25,509,349.62,28.84,378.46
7495,2013/08/02,5216,375.73,31.00,406.73
7496,2013/08/29,4922,277.97,22.93,300.90
7497,2013/08/12,13359,211.23,17.43,228.66
7498,2013/08/09,10436,232.91,19.22,252.13
7499,2013/08/01,18865,378.59,31.23,409.82
7500,2013/08/17,10695,151.59,12.51,164.10
7501,2013/08/18,10050,148.51,12.25,160.76
7502,2013/08/31,13055,197.75,16.31,214.06
7503,2013/08/10,18996,112.26,9.26,121.52
7504,2013/08/28,6000,148.50,12.25,160.75
7505,2013/08/01,19299,242.26,19.99,262.25
7506,2013/08/01,18869,91.88,7.58,99.46
7507,2013/08/19,15983,190.91,15.75,206.66
7508,2013/08/09,19706,362.92,29.94,392.86
7509,2013/08/09,7870,332.11,27.40,359.51
7510,2013/08/06,15582,376.99,31.10,408.09
7511,2013/08/23,1848,328.53,27.10,355.63
7512,2013/08/29,18069,385.13,31.77,416.90
7513,2013/08/24,3758,330.17,27.24,357.41
7514,2013/08/25,2217,220.34,18.18,238.52
7515,2013/08/09,5169,38.73,3.20,41.93
7516,2013/08/27,12595,45.48,3.75,49.23
7517,2013/08/30,14587,259.60,21.42,281.02
7518,2013/08/25,1030,166.69,13.75,180.44
7519,2013/08/22,7571,54.62,4.51,59.13
7520,2013/08/12,5795,376.39,31.05,407.44
7521,2013/08/16,2863,69.79,5.76,75.55
7522,2013/08/12,14618,186.05,15.35,201.40
7523,2013/08/26,17023,395.47,32.63,428.10
7524,2013/08/21,1337,257.97,21.28,279.25
7525,2013/08/13,7452,84.03,6.93,90.96
7526,2013/08/04,4594,121.60,10.03,131.63
7527,2013/08/15,6802,364.15,30.04,394.19
7528,2013/08/02,9771,172.41,14.22,186.63
7529,2013/08/03,6234,79.92,6.59,86.51
7530,2013/08/25,2109,215.21,17.75,232.96
7531,2013/08/30,13533,250.44,20.66,271.10
7532,2013/08/28,4469,366.73,30.26,396.99
7533,2013/08/29,11148,330.40,27.26,357.66
7534,2013/08/22,18180,22.23,1.83,24.06
7535,2013/08/25,18370,305.99,25.24,331.23
7536,2013/08/19,14525,218.35,18.01,236.36
7537,2013/08/25,4844,333.56,27.52,361.08
7538,2013/08/01,18648,385.27,31.78,417.05
7539,2013/08/12,13434,37.04,3.06,40.10
7540,2013/08/16,4303,8.82,0.73,9.55
7541,2013/08/19,3034,51.46,4.25,55.71
7542,2013/08/24,11121,230.33,19.00,249.33
7543,2013/08/27,5434,38.87,3.21,42.08
7544,2013/08/11,18051,17.15,1.41,18.56
7545,2013/08/31,13251,256.81,21.19,278.00
7546,2013/08/31,17454,218.96,18.06,237.02
7547,2013/08/16,18170,131.15,10.82,141.97
7548,2013/08/24,8221,146.15,12.06,158.21
7549,2013/08/03,11875,331.12,27.32,358.44
7550,2013/08/19,16369,320.08,26.41,346.49
7551,2013/08/16,13367,222.70,18.37,241.07
7552,2013/08/22,5432,31.82,2.63,34.45
7553,2013/08/15,1248,121.44,10.02,131.46
7554,2013/08/18,13744,333.77,27.54,361.31
7555,2013/08/13,9185,388.07,32.02,420.09
7556,2013/08/13,3244,338.35,27.91,366.26
7557,2013/08/02,18618,236.49,19.51,256.00
7558,2013/08/19,8970,188.03,15.51,203.54
7559,2013/08/27,6459,299.66,24.72,324.38
7560,2013/08/18,16192,343.38,28.33,371.71
7561,2013/08/04,11397,207.72,17.14,224.86
7562,2013/08/10,14526,396.24,32.69,428.93
7563,2013/08/22,18619,196.13,16.18,212.31
7564,2013/08/06,10293,155.23,12.81,168.04
7565,2013/08/11,12213,253.06,20.88,273.94
7566,2013/08/16,731,105.62,8.71,114.33
7567,2013/08/15,6528,337.03,27.80,364.83
7568,2013/08/09,8879,265.76,21.93,287.69
7569,2013/08/09,14525,48.29,3.98,52.27
7570,2013/08/28,11059,213.48,17.61,231.09
7571,2013/08/12,3795,105.83,8.73,114.56
7572,2013/08/05,13692,326.35,26.92,353.27
7573,2013/08/17,10301,24.50,2.02,26.52
7574,2013/08/15,16332,28.43,2.35,30.78
7575,2013/08/16,2085,95.27,7.86,103.13
7576,2013/08/24,516,234.13,19.32,253.45
7577,2013/08/09,16537,201.99,16.66,218.65
7578,2013/08/21,18341,154.09,12.71,166.80
7579,2013/08/05,13422,346.30,28.57,374.87
7580,2013/08/10,10491,379.12,31.28,410.40
7581,2013/08/21,19650,295.30,24.36,319.66
7582,2013/08/10,17910,214.13,17.67,231.80
7583,2013/08/28,762,207.02,17.08,224.10
7584,2013/08/14,14639,318.86,26.31,345.17
7585,2013/08/29,17046,177.65,14.66,192.31
7586,2013/08/05,5332,182.94,15.09,198.03
7587,2013/08/22,2841,64.29,5.30,69.59
7588,2013/08/30,8394,192.47,15.88,208.35
7589,2013/08/25,3812,381.25,31.45,412.70
7590,2013/08/30,14956,381.31,31.46,412.77
7591,2013/08/11,7057,323.78,26.71,350.49
7592,2013/08/25,5974,5.88,0.49,6.37
7593,2013/08/02,15887,93.44,7.71,101.15
7594,2013/08/27,7713,224.74,18.54,243.28
7595,2013/08/08,4705,301.23,24.85,326.08
7596,2013/08/10,1882,305.38,25.19,330.57
7597,2013/08/13,5772,322.68,26.62,349.30
7598,2013/08/31,12713,96.01,7.92,103.93
7599,2013/08/29,11353,159.42,13.15,172.57
7600,2013/08/16,15471,259.43,21.40,280.83
7601,2013/08/22,11059,105.65,8.72,114.37
7602,2013/08/28,12208,362.10,29.87,391.97
7603,2013/08/20,2398,52.31,4.32,56.63
7604,2013/08/16,1920,47.09,3.88,50.97
7605,2013/08/09,19485,168.71,13.92,182.63
7606,2013/08/02,5117,291.81,24.07,315.88
7607,2013/08/03,12931,203.32,16.77,220.09
7608,2013/08/03,9957,343.44,28.33,371.77
7609,2013/08/18,18944,13.65,1.13,14.78
7610,2013/08/09,16502,227.63,18.78,246.41
7611,2013/08/03,15666,343.24,28.32,371.56
7612,2013/08/31,15477,17.83,1.47,19.30
7613,2013/08/27,2823,393.21,32.44,425.65
7614,2013/08/10,3671,71.12,5.87,76.99
7615,2013/08/09,15326,163.71,13.51,177.22
7616,2013/08/14,18174,252.97,20.87,273.84
7617,2013/08/19,9341,20.27,1.67,21.94
7618,2013/08/17,4396,50.22,4.14,54.36
7619,2013/08/06,18757,317.20,26.17,343.37
7620,2013/08/02,18052,356.36,29.40,385.76
7621,2013/08/07,14994,369.87,30.51,400.38
7622,2013/08/28,11622,161.66,13.34,175.00
7623,2013/08/26,14417,172.76,14.25,187.01
7624,2013/08/04,16812,30.39,2.51,32.90
7625,2013/08/29,11412,347.28,28.65,375.93
7626,2013/08/10,17056,156.47,12.91,169.38
7627,2013/08/06,10889,111.67,9.21,120.88
7628,2013/08/30,8376,126.77,10.46,137.23
7629,2013/08/04,15388,261.66,21.59,283.25
7630,2013/08/04,4266,102.53,8.46,110.99
7631,2013/08/21,6780,265.78,21.93,287.71
7632,2013/08/17,3469,77.69,6.41,84.10
7633,2013/08/11,8909,346.78,28.61,375.39
7634,2013/08/01,6945,154.32,12.73,167.05
7635,2013/08/14,13950,210.42,17.36,227.78
7636,2013/08/06,7092,179.12,14.78,193.90
7637,2013/08/14,6128,113.06,9.33,122.39
7638,2013/08/16,7345,42.76,3.53,46.29
7639,2013/08/22,18547,196.39,16.20,212.59
7640,2013/08/22,10271,322.90,26.64,349.54
7641,2013/08/31,4633,273.37,22.55,295.92
7642,2013/08/25,15376,133.64,11.03,144.67
7643,2013/08/07,12855,329.97,27.22,357.19
7644,2013/08/14,13198,266.14,21.96,288.10
7645,2013/08/03,10996,146.18,12.06,158.24
7646,2013/08/03,768,109.54,9.04,118.58
7647,2013/08/23,11953,10.69,0.88,11.57
7648,2013/08/03,2073,60.95,5.03,65.98
7649,2013/08/25,17168,70.18,5.79,75.97
7650,2013/08/18,8356,254.79,21.02,275.81
7651,2013/08/16,13858,263.91,21.77,285.68
7652,2013/08/29,13561,386.38,31.88,418.26
7653,2013/08/09,16834,45.20,3.73,48.93
7654,2013/08/13,3117,162.47,13.40,175.87
7655,2013/08/12,10250,153.46,12.66,166.12
7656,2013/08/01,4881,35.43,2.92,38.35
7657,2013/08/08,1831,388.84,32.08,420.92
7658,2013/08/17,19869,34.12,2.81,36.93
7659,2013/08/03,17716,305.09,25.17,330.26
7660,2013/08/22,12908,203.94,16.83,220.77
7661,2013/08/14,17655,292.75,24.15,316.90
7662,2013/08/16,10296,56.52,4.66,61.18
7663,2013/08/05,19049,322.04,26.57,348.61
7664,2013/08/27,7508,0.50,0.04,0.54
7665,2013/08/22,14761,352.86,29.11,381.97
7666,2013/08/18,15669,367.14,30.29,397.43
7667,2013/08/05,18952,167.26,13.80,181.06
7668,2013/08/07,6442,308.50,25.45,333.95
7669,2013/08/16,10338,366.26,30.22,396.48
7670,2013/08/03,14673,296.15,24.43,320.58
7671,2013/08/20,8087,36.84,3.04,39.88
7672,2013/08/16,4135,323.31,26.67,349.98
7673,2013/08/18,10528,130.66,10.78,141.44
7674,2013/08/30,656,37.65,3.11,40.76
7675,2013/08/26,18100,96.86,7.99,104.85
7676,2013/08/01,2469,191.75,15.82,207.57
7677,2013/08/16,16560,368.16,30.37,398.53
7678,2013/08/27,15008,35.13,2.90,38.03
7679,2013/08/06,5662,106.76,8.81,115.57
7680,2013/08/18,8511,226.33,18.67,245.00
7681,2013/08/05,531,109.37,9.02,118.39
7682,2013/08/01,5419,302.62,24.97,327.59
7683,2013/08/19,5365,75.97,6.27,82.24
7684,2013/08/07,6800,101.97,8.41,110.38
7685,2013/08/16,9504,299.29,24.69,323.98
7686,2013/08/19,487,2.36,0.19,2.55
7687,2013/08/07,12603,143.45,11.83,155.28
7688,2013/08/04,4101,209.47,17.28,226.75
7689,2013/08/06,18633,322.44,26.60,349.04
7690,2013/08/13,4505,84.22,6.95,91.17
7691,2013/08/15,9132,149.02,12.29,161.31
7692,2013/08/23,11290,302.20,24.93,327.13
7693,2013/08/16,14613,336.02,27.72,363.74
7694,2013/08/28,7283,276.14,22.78,298.92
7695,2013/08/01,117,53.95,4.45,58.40
7696,2013/08/17,16321,41.01,3.38,44.39
7697,2013/08/25,4689,108.14,8.92,117.06
7698,2013/08/26,8025,2.93,0.24,3.17
7699,2013/08/24,18359,37.11,3.06,40.17
7700,2013/08/27,11285,89.15,7.35,96.50
7701,2013/08/13,15639,29.77,2.46,32.23
7702,2013/08/08,3383,26.42,2.18,28.60
7703,2013/08/13,16121,103.87,8.57,112.44
7704,2013/08/19,611,25.64,2.12,27.76
7705,2013/08/06,1011,129.38,10.67,140.05
7706,2013/08/30,15077,0.79,0.07,0.86
7707,2013/08/07,16347,372.74,30.75,403.49
7708,2013/08/31,4317,176.97,14.60,191.57
7709,2013/08/23,17907,65.29,5.39,70.68
7710,2013/08/09,18294,181.18,14.95,196.13
7711,2013/08/30,9253,76.94,6.35,83.29
7712,2013/08/13,1080,159.09,13.12,172.21
7713,2013/08/31,8450,382.08,31.52,413.60
7714,2013/08/01,11561,78.86,6.51,85.37
7715,2013/08/21,18731,1.12,0.09,1.21
7716,2013/08/09,2846,100.39,8.28,108.67
7717,2013/08/20,7853,13.62,1.12,14.74
7718,2013/08/10,1502,14.41,1.19,15.60
7719,2013/08/07,5931,293.66,24.23,317.89
7720,2013/08/02,1337,153.28,12.65,165.93
7721,2013/08/21,9315,359.61,29.67,389.28
7722,2013/08/05,13139,318.57,26.28,344.85
7723,2013/08/26,17591,175.33,14.46,189.79
7724,2013/08/17,10193,340.19,28.07,368.26
7725,2013/08/29,2084,152.52,12.58,165.10
7726,2013/08/26,14239,111.79,9.22,121.01
7727,2013/08/29,10734,254.27,20.98,275.25
7728,2013/08/04,16599,348.53,28.75,377.28
7729,2013/08/12,19775,238.72,19.69,258.41
7730,2013/08/24,2880,333.26,27.49,360.75
7731,2013/08/18,9515,327.80,27.04,354.84
7732,2013/08/07,11030,122.77,10.13,132.90
7733,2013/08/07,15894,68.95,5.69,74.64
7734,2013/08/10,7621,9.92,0.82,10.74
7735,2013/08/24,15386,210.26,17.35,227.61
7736,2013/08/08,2262,331.86,27.38,359.24
7737,2013/08/29,14959,123.35,10.18,133.53
7738,2013/08/13,90,274.18,22.62,296.80
7739,2013/08/05,17549,124.73,10.29,135.02
7740,2013/08/23,2851,181.68,14.99,196.67
7741,2013/08/08,15534,239.21,19.73,258.94
7742,2013/08/24,14030,343.52,28.34,371.86
7743,2013/08/31,12559,324.51,26.77,351.28
7744,2013/08/29,9836,86.05,7.10,93.15
7745,2013/08/23,19808,135.42,11.17,146.59
7746,2013/08/22,16194,334.18,27.57,361.75
7747,2013/08/02,1486,58.52,4.83,63.35
7748,2013/08/08,15530,267.95,22.11,290.06
7749,2013/08/28,14809,91.33,7.53,98.86
7750,2013/08/04,3161,37.02,3.05,40.07
7751,2013/08/23,16551,133.07,10.98,144.05
7752,2013/08/13,8121,265.30,21.89,287.19
7753,2013/08/24,8538,337.74,27.86,365.60
7754,2013/08/22,524,153.44,12.66,166.10
7755,2013/08/13,3893,120.91,9.98,130.89
7756,2013/08/13,17052,11.10,0.92,12.02
7757,2013/08/20,9193,170.00,14.03,184.03
7758,2013/08/13,5485,230.74,19.04,249.78
7759,2013/08/22,12184,65.24,5.38,70.62
7760,2013/08/12,14083,98.14,8.10,106.24
7761,2013/08/15,6872,275.40,22.72,298.12
7762,2013/08/04,6151,7.26,0.60,7.86
7763,2013/08/31,12703,70.22,5.79,76.01
7764,2013/08/04,5172,61.50,5.07,66.57
7765,2013/08/17,12434,19.03,1.57,20.60
7766,2013/08/31,1912,355.88,29.36,385.24
7767,2013/08/20,6161,241.79,19.95,261.74
7768,2013/08/14,8784,253.58,20.92,274.50
7769,2013/08/17,8280,35.02,2.89,37.91
7770,2013/08/28,6285,295.16,24.35,319.51
7771,2013/08/24,17511,9.78,0.81,10.59
7772,2013/08/26,16130,350.44,28.91,379.35
7773,2013/08/10,3134,391.63,32.31,423.94
7774,2013/08/06,14624,287.46,23.72,311.18
7775,2013/08/10,16741,318.87,26.31,345.18
7776,2013/08/04,4849,93.84,7.74,101.58
7777,2013/08/23,18602,292.28,24.11,316.39
7778,2013/08/13,17723,308.83,25.48,334.31
7779,2013/08/14,12415,204.49,16.87,221.36
7780,2013/08/18,8117,392.68,32.40,425.08
7781,2013/08/12,8500,80.57,6.65,87.22
7782,2013/08/12,12316,332.26,27.41,359.67
7783,2013/08/20,11360,173.74,14.33,188.07
7784,2013/08/02,4302,346.21,28.56,374.77
7785,2013/08/28,8984,90.32,7.45,97.77
7786,2013/08/18,6967,131.00,10.81,141.81
7787,2013/08/02,14216,35.93,2.96,38.89
7788,2013/08/13,941,178.30,14.71,193.01
7789,2013/08/26,14343,200.65,16.55,217.20
7790,2013/08/02,3522,173.18,14.29,187.47
7791,2013/08/28,167,141.06,11.64,152.70
7792,2013/08/12,11624,195.31,16.11,211.42
7793,2013/08/28,18059,17.95,1.48,19.43
7794,2013/08/17,733,85.95,7.09,93.04
7795,2013/08/27,1497,380.45,31.39,411.84
7796,2013/08/05,7068,34.43,2.84,37.27
7797,2013/08/18,5175,276.11,22.78,298.89
7798,2013/08/04,13031,91.61,7.56,99.17
7799,2013/08/14,14323,165.24,13.63,178.87
7800,2013/08/02,9047,207.80,17.14,224.94
7801,2013/08/04,17810,353.88,29.20,383.08
7802,2013/08/23,9850,69.90,5.77,75.67
7803,2013/08/20,8125,383.50,31.64,415.14
7804,2013/08/31,839,8.36,0.69,9.05
7805,2013/08/20,15575,258.51,21.33,279.84
7806,2013/08/11,3276,179.48,14.81,194.29
7807,2013/08/09,41,152.99,12.62,165.61
7808,2013/08/31,9648,81.28,6.71,87.99
7809,2013/08/14,1416,353.75,29.18,382.93
7810,2013/08/27,19315,112.09,9.25,121.34
7811,2013/08/18,10390,264.86,21.85,286.71
7812,2013/08/20,13871,96.01,7.92,103.93
7813,2013/08/03,12483,368.66,30.41,399.07
7814,2013/08/16,8067,363.52,29.99,393.51
7815,2013/08/24,422,185.69,15.32,201.01
7816,2013/08/20,13935,273.06,22.53,295.59
7817,2013/08/02,4152,395.62,32.64,428.26
7818,2013/08/05,15051,48.36,3.99,52.35
7819,2013/08/01,4222,123.93,10.22,134.15
7820,2013/08/26,10565,71.36,5.89,77.25
7821,2013/08/22,5832,320.73,26.46,347.19
7822,2013/08/03,7229,243.52,20.09,263.61
7823,2013/08/12,3432,28.14,2.32,30.46
7824,2013/08/08,19191,79.57,6.56,86.13
7825,2013/08/11,7410,69.19,5.71,74.90
7826,2013/08/21,15001,346.09,28.55,374.64
7827,2013/08/18,15202,8.98,0.74,9.72
7828,2013/08/30,4630,316.22,26.09,342.31
7829,2013/08/05,4525,87.67,7.23,94.90
7830,2013/08/28,684,95.75,7.90,103.65
7831,2013/08/07,5638,351.07,28.96,380.03
7832,2013/08/03,11789,87.56,7.22,94.78
7833,2013/08/13,887,13.62,1.12,14.74
7834,2013/08/10,5043,149.39,12.32,161.71
7835,2013/08/09,15139,282.14,23.28,305.42
7836,2013/08/01,11528,385.70,31.82,417.52
7837,2013/08/29,16155,245.53,20.26,265.79
7838,2013/08/25,17568,41.87,3.45,45.32
7839,2013/08/24,2623,223.38,18.43,241.81
7840,2013/08/18,9812,170.26,14.05,184.31
7841,2013/08/24,8169,223.51,18.44,241.95
7842,2013/08/24,17982,300.30,24.77,325.07
7843,2013/08/13,16766,254.94,21.03,275.97
7844,2013/08/11,3798,122.89,10.14,133.03
7845,2013/08/19,9005,227.33,18.75,246.08
7846,2013/08/06,3128,7.18,0.59,7.77
7847,2013/08/24,18419,50.61,4.18,54.79
7848,2013/08/16,154,273.99,22.60,296.59
7849,2013/08/09,15483,242.10,19.97,262.07
7850,2013/08/22,8721,199.85,16.49,216.34
7851,2013/08/31,8121,288.30,23.78,312.08
7852,2013/08/19,10512,116.21,9.59,125.80
7853,2013/08/03,289,289.35,23.87,313.22
7854,2013/08/10,2907,378.61,31.24,409.85
7855,2013/08/03,16636,176.89,14.59,191.48
7856,2013/08/23,6611,32.50,2.68,35.18
7857,2013/08/14,15654,206.53,17.04,223.57
7858,2013/08/03,3212,344.76,28.44,373.20
7859,2013/08/31,7621,186.62,15.40,202.02
7860,2013/08/28,14903,276.79,22.84,299.63
7861,2013/08/19,8705,82.01,6.77,88.78
7862,2013/08/10,18098,243.77,20.11,263.88
7863,2013/08/10,7390,365.47,30.15,395.62
7864,2013/08/23,12875,392.73,32.40,425.13
7865,2013/08/13,19173,127.54,10.52,138.06
7866,2013/08/23,15471,36.95,3.05,40.00
7867,2013/08/17,1288,105.70,8.72,114.42
7868,2013/08/26,9781,141.71,11.69,153.40
7869,2013/08/04,14764,198.44,16.37,214.81
7870,2013/08/03,4750,170.37,14.06,184.43
7871,2013/08/24,17882,271.54,22.40,293.94
7872,2013/08/19,10793,353.19,29.14,382.33
7873,2013/08/15,12666,95.09,7.84,102.93
7874,2013/08/05,9721,317.95,26.23,344.18
7875,2013/08/28,4592,324.23,26.75,350.98
7876,2013/08/30,328,81.99,6.76,88.75
7877,2013/08/20,6746,71.81,5.92,77.73
7878,2013/08/18,2735,56.78,4.68,61.46
7879,2013/08/15,2156,174.79,14.42,189.21
7880,2013/08/18,2747,79.43,6.55,85.98
7881,2013/08/15,7756,129.33,10.67,140.00
7882,2013/08/28,10114,277.36,22.88,300.24
7883,2013/08/21,9265,340.41,28.08,368.49
7884,2013/08/29,9471,258.91,21.36,280.27
7885,2013/08/23,19971,42.65,3.52,46.17
7886,2013/08/12,18428,357.96,29.53,387.49
7887,2013/08/16,13356,111.35,9.19,120.54
7888,2013/08/02,12467,339.04,27.97,367.01
7889,2013/08/12,15365,41.28,3.41,44.69
7890,2013/08/10,10689,164.16,13.54,177.70
7891,2013/08/19,13159,165.87,13.68,179.55
7892,2013/08/20,4662,347.71,28.69,376.40
7893,2013/08/21,18867,399.71,32.98,432.69
7894,2013/08/11,2666,113.91,9.40,123.31
7895,2013/08/07,6617,25.07,2.07,27.14
7896,2013/08/02,13121,172.02,14.19,186.21
7897,2013/08/09,13504,168.54,13.90,182.44
7898,2013/08/30,16170,79.06,6.52,85.58
7899,2013/08/20,3315,228.90,18.88,247.78
7900,2013/08/02,11221,135.47,11.18,146.65
7901,2013/08/27,6821,296.54,24.46,321.00
7902,2013/08/07,18118,270.04,22.28,292.32
7903,2013/08/04,1264,303.25,25.02,328.27
7904,2013/08/02,734,239.47,19.76,259.23
7905,2013/08/20,13104,66.30,5.47,71.77
7906,2013/08/13,8603,398.32,32.86,431.18
7907,2013/08/09,18034,69.91,5.77,75.68
7908,2013/08/23,3464,361.90,29.86,391.76
7909,2013/08/14,8640,166.13,13.71,179.84
7910,2013/08/03,5682,275.41,22.72,298.13
7911,2013/08/20,13746,364.11,30.04,394.15
7912,2013/08/22,698,352.76,29.10,381.86
7913,2013/08/09,6569,193.75,15.98,209.73
7914,2013/08/12,11621,225.16,18.58,243.74
7915,2013/08/05,13990,361.30,29.81,391.11
7916,2013/08/21,968,387.58,31.98,419.56
7917,2013/08/10,17019,13.87,1.14,15.01
7918,2013/08/28,9999,51.19,4.22,55.41
7919,2013/08/05,11941,58.47,4.82,63.29
7920,2013/08/06,8406,50.37,4.16,54.53
7921,2013/08/14,5392,73.19,6.04,79.23
7922,2013/08/25,16363,374.39,30.89,405.28
7923,2013/08/26,1378,263.63,21.75,285.38
7924,2013/08/25,14063,27.73,2.29,30.02
7925,2013/08/08,17213,311.90,25.73,337.63
7926,2013/08/01,2225,209.02,17.24,226.26
7927,2013/08/19,7914,291.76,24.07,315.83
7928,2013/08/04,11623,248.80,20.53,269.33
7929,2013/08/08,17835,86.00,7.10,93.09
7930,2013/08/27,18514,73.90,6.10,80.00
7931,2013/08/15,6586,338.13,27.90,366.03
7932,2013/08/29,4818,213.92,17.65,231.57
7933,2013/08/18,5284,84.57,6.98,91.55
7934,2013/08/14,6981,73.71,6.08,79.79
7935,2013/08/19,208,270.71,22.33,293.04
7936,2013/08/22,12468,214.57,17.70,232.27
7937,2013/08/16,9089,57.56,4.75,62.31
7938,2013/08/19,6105,110.65,9.13,119.78
7939,2013/08/05,1559,293.79,24.24,318.03
7940,2013/08/20,9475,167.12,13.79,180.91
7941,2013/08/12,15522,76.83,6.34,83.17
7942,2013/08/06,472,271.20,22.37,293.57
7943,2013/08/28,18575,191.04,15.76,206.80
7944,2013/08/25,6359,41.32,3.41,44.73
7945,2013/08/05,7378,161.99,13.36,175.35
7946,2013/08/18,5939,364.54,30.07,394.61
7947,2013/08/06,9534,229.22,18.91,248.13
7948,2013/08/16,5444,204.47,16.87,221.34
7949,2013/08/31,8332,389.66,32.15,421.81
7950,2013/08/19,3103,92.58,7.64,100.22
7951,2013/08/11,18456,175.26,14.46,189.72
7952,2013/08/16,4686,149.90,12.37,162.27
7953,2013/08/20,10778,63.48,5.24,68.72
7954,2013/08/02,19865,19.69,1.62,21.31
7955,2013/08/02,115,305.00,25.16,330.16
7956,2013/08/18,11341,241.17,19.90,261.07
7957,2013/08/08,953,196.42,16.20,212.62
7958,2013/08/09,7676,0.26,0.02,0.28
7959,2013/08/31,2743,229.58,18.94,248.52
7960,2013/08/09,8425,184.14,15.19,199.33
7961,2013/08/15,19955,378.51,31.23,409.74
7962,2013/08/12,7666,356.51,29.41,385.92
7963,2013/08/21,1606,54.40,4.49,58.89
7964,2013/08/19,19953,183.23,15.12,198.35
7965,2013/08/17,12653,92.71,7.65,100.36
7966,2013/08/05,11585,378.87,31.26,410.13
7967,2013/08/03,7023,149.42,12.33,161.75
7968,2013/08/06,10696,305.87,25.23,331.10
7969,2013/08/30,17595,97.95,8.08,106.03
7970,2013/08/30,5536,134.22,11.07,145.29
7971,2013/08/20,15172,225.07,18.57,243.64
7972,2013/08/16,14644,37.31,3.08,40.39
7973,2013/08/31,3260,19.51,1.61,21.12
7974,2013/08/06,3920,99.86,8.24,108.10
7975,2013/08/07,3266,77.02,6.35,83.37
7976,2013/08/29,4115,163.16,13.46,176.62
7977,2013/08/15,876,234.38,19.34,253.72
7978,2013/08/08,9441,31.02,2.56,33.58
7979,2013/08/04,11901,224.32,18.51,242.83
7980,2013/08/24,8193,264.08,21.79,285.87
7981,2013/08/07,19222,321.80,26.55,348.35
7982,2013/08/17,9484,94.74,7.82,102.56
7983,2013/08/25,11306,276.25,22.79,299.04
7984,2013/08/17,11521,53.06,4.38,57.44
7985,2013/08/08,245,74.18,6.12,80.30
7986,2013/08/14,3378,22.41,1.85,24.26
7987,2013/08/10,3261,394.82,32.57,427.39
7988,2013/08/14,10634,63.36,5.23,68.59
7989,2013/08/24,11860,306.83,25.31,332.14
7990,2013/08/15,11485,51.39,4.24,55.63
7991,2013/08/29,12841,355.28,29.31,384.59
7992,2013/08/04,8912,25.47,2.10,27.57
7993,2013/08/26,4356,251.24,20.73,271.97
7994,2013/08/27,12537,242.91,20.04,262.95
7995,2013/08/15,6935,343.47,28.34,371.81
7996,2013/08/12,7266,397.84,32.82,430.66
7997,2013/08/02,2735,283.89,23.42,307.31
7998,2013/08/24,15401,280.79,23.17,303.96
7999,2013/08/24,2993,360.98,29.78,390.76
8000,2013/08/15,810,56.78,4.68,61.46
