11001,2013/12/16,4497,362.76,29.93,392.69
11002,2013/12/26,11426,359.72,29.68,389.40
11003,2013/12/08,11638,45.03,3.71,48.74
11004,2013/12/27,14033,281.37,23.21,304.58
11005,2013/12/20,206,292.09,24.10,316.19
11006,2013/12/16,765,288.57,23.81,312.38
11007,2013/12/28,7841,295.97,24.42,320.39
11008,2013/12/20,10922,308.73,25.47,334.20
11009,2013/12/31,6230,57.80,4.77,62.57
11010,2013/12/29,1607,77.18,6.37,83.55
11011,2013/12/15,7012,14.01,1.16,15.17
11012,2013/12/07,16550,255.75,21.10,276.85
11013,2013/12/16,13136,273.49,22.56,296.05
11014,2013/12/02,15762,70.87,5.85,76.72
11015,2013/12/04,16347,148.98,12.29,161.27
11016,2013/12/30,14103,55.42,4.57,59.99
11017,2013/12/27,19304,210.84,17.39,228.23
11018,2013/12/30,16609,92.16,7.60,99.76
11019,2013/12/30,13421,127.94,10.56,138.50
11020,2013/12/06,11449,9.86,0.81,10.67
11021,2013/12/27,16103,71.34,5.89,77.23
11022,2013/12/18,8722,71.29,5.88,77.17
11023,2013/12/30,9004,205.72,16.97,222.69
11024,2013/12/17,9574,185.38,15.29,200.67
11025,2013/12/23,9780,30.27,2.50,32.77
11026,2013/12/01,10180,303.64,25.05,328.69
11027,2013/12/09,12197,338.75,27.95,366.70
11028,2013/12/25,17611,218.05,17.99,236.04
11029,2013/12/13,5410,256.31,21.15,277.46
11030,2013/12/14,9523,214.54,17.70,232.24
11031,2013/12/26,108,140.59,11.60,152.19
11032,2013/12/01,12797,162.26,13.39,175.65
11033,2013/12/30,10383,157.88,13.03,170.91
11034,2013/12/21,17065,185.77,15.33,201.10
11035,2013/12/30,19836,128.46,10.60,139.06
11036,2013/12/16,8337,334.37,27.59,361.96
11037,2013/12/12,19152,23.32,1.92,25.24
11038,2013/12/09,14679,2.06,0.17,2.23
11039,2013/12/17,6032,370.51,30.57,401.08
11040,2013/12/20,16171,220.20,18.17,238.37
11041,2013/12/10,18129,83.24,6.87,90.11
11042,2013/12/08,7674,168.28,13.88,182.16
11043,2013/12/27,9187,198.50,16.38,214.88
11044,2013/12/30,12304,66.25,5.47,71.72
11045,2013/12/28,7910,380.14,31.36,411.50
11046,2013/12/04,15736,251.93,20.78,272.71
11047,2013/12/02,17594,181.99,15.01,197.00
11048,2013/12/17,13268,236.27,19.49,255.76
11049,2013/12/01,862,262.56,21.66,284.22
11050,2013/12/24,17849,12.11,1.00,13.11
11051,2013/12/01,14365,335.71,27.70,363.41
11052,2013/12/15,392,48.86,4.03,52.89
11053,2013/12/28,3772,339.17,27.98,367.15
11054,2013/12/10,14937,58.15,4.80,62.95
11055,2013/12/21,16282,233.11,19.23,252.34
11056,2013/12/07,3868,8.86,0.73,9.59
11057,2013/12/05,4205,169.37,13.97,183.34
11058,2013/12/26,136,52.66,4.34,57.00
11059,2013/12/31,5081,364.52,30.07,394.59
11060,2013/12/12,5849,26.37,2.18,28.55
11061,2013/12/16,1846,319.48,26.36,345.84
11062,2013/12/13,9126,299.33,24.69,324.02
11063,2013/12/18,1477,297.23,24.52,321.75
11064,2013/12/27,12057,270.33,22.30,292.63
11065,2013/12/23,4019,240.42,19.83,260.25
11066,2013/12/14,7778,396.08,32.68,428.76
11067,2013/12/05,12032,348.99,28.79,377.78
11068,2013/12/23,2131,34.66,2.86,37.52
11069,2013/12/08,3162,120.56,9.95,130.51
11070,2013/12/12,16893,319.17,26.33,345.50
11071,2013/12/30,3113,51.78,4.27,56.05
11072,2013/12/30,1209,85.06,7.02,92.08
11073,2013/12/12,8522,22.49,1.86,24.35
11074,2013/12/30,15874,203.22,16.77,219.99
11075,2013/12/07,12080,255.32,21.06,276.38
11076,2013/12/16,1149,7.71,0.64,8.35
11077,2013/12/18,6621,329.71,27.20,356.91
11078,2013/12/27,18249,262.02,21.62,283.64
11079,2013/12/09,9516,152.38,12.57,164.95
11080,2013/12/19,13262,92.83,7.66,100.49
11081,2013/12/15,10505,363.53,29.99,393.52
11082,2013/12/24,11661,95.22,7.86,103.08
11083,2013/12/08,4614,24.00,1.98,25.98
11084,2013/12/01,6293,138.22,11.40,149.62
11085,2013/12/26,5850,149.97,12.37,162.34
11086,2013/12/18,5768,107.27,8.85,116.12
11087,2013/12/14,7929,202.57,16.71,219.28
11088,2013/12/16,9868,161.22,13.30,174.52
11089,2013/12/13,9555,286.25,23.62,309.87
11090,2013/12/17,10775,139.39,11.50,150.89
11091,2013/12/16,6579,112.16,9.25,121.41
11092,2013/12/20,4676,131.42,10.84,142.26
11093,2013/12/26,6924,226.36,18.67,245.03
11094,2013/12/04,2364,300.88,24.82,325.70
11095,2013/12/16,11491,155.81,12.85,168.66
11096,2013/12/31,5731,34.07,2.81,36.88
11097,2013/12/14,10853,3.18,0.26,3.44
11098,2013/12/18,5314,53.75,4.43,58.18
11099,2013/12/20,19754,146.03,12.05,158.08
11100,2013/12/08,16949,236.20,19.49,255.69
11101,2013/12/14,9176,129.55,10.69,140.24
11102,2013/12/17,12251,38.68,3.19,41.87
11103,2013/12/20,12268,12.88,1.06,13.94
11104,2013/12/31,7140,161.88,13.36,175.24
11105,2013/12/17,9727,8.16,0.67,8.83
11106,2013/12/09,11611,70.91,5.85,76.76
11107,2013/12/19,3560,35.62,2.94,38.56
11108,2013/12/06,6533,96.45,7.96,104.41
11109,2013/12/14,2264,123.74,10.21,133.95
11110,2013/12/20,13754,154.55,12.75,167.30
11111,2013/12/22,14571,257.58,21.25,278.83
11112,2013/12/19,10843,86.76,7.16,93.92
11113,2013/12/26,11545,285.89,23.59,309.48
11114,2013/12/24,5237,202.45,16.70,219.15
11115,2013/12/13,12128,285.35,23.54,308.89
11116,2013/12/10,19963,338.01,27.89,365.90
11117,2013/12/22,2110,188.60,15.56,204.16
11118,2013/12/13,11509,289.69,23.90,313.59
11119,2013/12/26,18650,317.94,26.23,344.17
11120,2013/12/22,5439,71.25,5.88,77.13
11121,2013/12/06,5402,357.37,29.48,386.85
11122,2013/12/21,245,149.29,12.32,161.61
11123,2013/12/19,16427,257.07,21.21,278.28
11124,2013/12/31,19287,131.34,10.84,142.18
11125,2013/12/05,9592,388.62,32.06,420.68
11126,2013/12/04,12644,58.64,4.84,63.48
11127,2013/12/27,12899,361.63,29.83,391.46
11128,2013/12/12,18960,271.63,22.41,294.04
11129,2013/12/12,10300,24.04,1.98,26.02
11130,2013/12/02,1772,156.69,12.93,169.62
11131,2013/12/05,15864,157.56,13.00,170.56
11132,2013/12/18,16836,354.91,29.28,384.19
11133,2013/12/24,19001,364.86,30.10,394.96
11134,2013/12/16,7504,227.56,18.77,246.33
11135,2013/12/13,9752,212.93,17.57,230.50
11136,2013/12/07,492,313.29,25.85,339.14
11137,2013/12/02,10643,13.94,1.15,15.09
11138,2013/12/18,16746,338.98,27.97,366.95
11139,2013/12/26,7191,326.86,26.97,353.83
11140,2013/12/13,2509,267.31,22.05,289.36
11141,2013/12/22,10118,234.93,19.38,254.31
11142,2013/12/18,7378,16.56,1.37,17.93
11143,2013/12/02,12620,346.68,28.60,375.28
11144,2013/12/30,11909,298.99,24.67,323.66
11145,2013/12/23,14155,317.45,26.19,343.64
11146,2013/12/21,3580,92.02,7.59,99.61
11147,2013/12/01,8287,119.01,9.82,128.83
11148,2013/12/25,14031,34.49,2.85,37.34
11149,2013/12/29,3667,162.94,13.44,176.38
11150,2013/12/04,7184,45.49,3.75,49.24
11151,2013/12/29,4842,299.88,24.74,324.62
11152,2013/12/27,8366,352.53,29.08,381.61
11153,2013/12/11,6958,33.98,2.80,36.78
11154,2013/12/09,16307,370.61,30.58,401.19
11155,2013/12/20,586,291.39,24.04,315.43
11156,2013/12/25,16833,280.45,23.14,303.59
11157,2013/12/23,12198,252.58,20.84,273.42
11158,2013/12/24,3929,271.90,22.43,294.33
11159,2013/12/04,9681,343.00,28.30,371.30
11160,2013/12/28,18409,368.00,30.36,398.36
11161,2013/12/01,19076,198.06,16.34,214.40
11162,2013/12/10,12442,351.56,29.00,380.56
11163,2013/12/27,18962,194.76,16.07,210.83
11164,2013/12/02,12856,301.46,24.87,326.33
11165,2013/12/09,7493,280.27,23.12,303.39
11166,2013/12/27,6700,69.01,5.69,74.70
11167,2013/12/22,10725,179.09,14.77,193.86
11168,2013/12/31,6421,141.79,11.70,153.49
11169,2013/12/21,17322,242.50,20.01,262.51
11170,2013/12/25,8321,211.45,17.44,228.89
11171,2013/12/05,5240,78.67,6.49,85.16
11172,2013/12/17,12785,153.92,12.70,166.62
11173,2013/12/29,3282,209.51,17.28,226.79
11174,2013/12/03,16602,296.86,24.49,321.35
11175,2013/12/17,10047,358.02,29.54,387.56
11176,2013/12/23,3841,56.20,4.64,60.84
11177,2013/12/26,1125,333.24,27.49,360.73
11178,2013/12/19,704,288.13,23.77,311.90
11179,2013/12/30,6652,261.83,21.60,283.43
11180,2013/12/08,14226,101.81,8.40,110.21
11181,2013/12/22,10285,315.93,26.06,341.99
11182,2013/12/11,16584,59.32,4.89,64.21
11183,2013/12/14,7580,75.15,6.20,81.35
11184,2013/12/06,13850,392.70,32.40,425.10
11185,2013/12/04,17236,48.10,3.97,52.07
11186,2013/12/13,9402,266.17,21.96,288.13
11187,2013/12/07,16568,211.95,17.49,229.44
11188,2013/12/23,6048,160.76,13.26,174.02
11189,2013/12/19,4810,97.06,8.01,105.07
11190,2013/12/21,9120,399.82,32.99,432.81
11191,2013/12/30,14376,320.71,26.46,347.17
11192,2013/12/13,13592,255.20,21.05,276.25
11193,2013/12/15,17880,15.59,1.29,16.88
11194,2013/12/08,9659,316.81,26.14,342.95
11195,2013/12/14,955,183.24,15.12,198.36
11196,2013/12/06,17395,92.60,7.64,100.24
11197,2013/12/30,16797,204.00,16.83,220.83
11198,2013/12/20,16603,51.99,4.29,56.28
11199,2013/12/05,12094,32.87,2.71,35.58
11200,2013/12/04,127,168.29,13.88,182.17
11201,2013/12/29,14309,298.86,24.66,323.52
11202,2013/12/04,13489,232.04,19.14,251.18
11203,2013/12/23,19861,135.96,11.22,147.18
11204,2013/12/22,7958,327.67,27.03,354.70
11205,2013/12/02,9050,0.48,0.04,0.52
11206,2013/12/27,19969,92.74,7.65,100.39
11207,2013/12/23,9751,39.42,3.25,42.67
11208,2013/12/10,8159,396.55,32.72,429.27
11209,2013/12/31,16669,90.95,7.50,98.45
11210,2013/12/06,10291,285.32,23.54,308.86
11211,2013/12/06,15678,247.58,20.43,268.01
11212,2013/12/06,16068,141.33,11.66,152.99
11213,2013/12/17,18456,161.68,13.34,175.02
11214,2013/12/12,2883,350.03,28.88,378.91
11215,2013/12/05,18283,280.57,23.15,303.72
11216,2013/12/15,11000,147.42,12.16,159.58
11217,2013/12/02,15491,360.37,29.73,390.10
11218,2013/12/24,11838,76.34,6.30,82.64
11219,2013/12/07,6214,67.30,5.55,72.85
11220,2013/12/26,14417,136.38,11.25,147.63
11221,2013/12/16,4634,389.56,32.14,421.70
11222,2013/12/10,9591,202.66,16.72,219.38
11223,2013/12/09,4905,328.70,27.12,355.82
11224,2013/12/01,130,209.06,17.25,226.31
11225,2013/12/20,4166,47.31,3.90,51.21
11226,2013/12/03,13332,370.56,30.57,401.13
11227,2013/12/04,10635,359.29,29.64,388.93
11228,2013/12/11,6826,209.38,17.27,226.65
11229,2013/12/10,18311,130.67,10.78,141.45
11230,2013/12/21,9904,118.86,9.81,128.67
11231,2013/12/30,5598,316.96,26.15,343.11
11232,2013/12/31,12088,95.62,7.89,103.51
11233,2013/12/24,10478,318.20,26.25,344.45
11234,2013/12/24,11265,174.63,14.41,189.04
11235,2013/12/28,5241,261.94,21.61,283.55
11236,2013/12/31,6486,286.76,23.66,310.42
11237,2013/12/10,9984,97.64,8.06,105.70
11238,2013/12/18,2589,302.15,24.93,327.08
11239,2013/12/07,12419,334.39,27.59,361.98
11240,2013/12/18,11993,215.45,17.77,233.22
11241,2013/12/18,4110,270.14,22.29,292.43
11242,2013/12/02,18828,45.35,3.74,49.09
11243,2013/12/22,5580,158.61,13.09,171.70
11244,2013/12/28,11419,123.74,10.21,133.95
11245,2013/12/25,2723,185.36,15.29,200.65
11246,2013/12/01,6654,272.76,22.50,295.26
11247,2013/12/24,14804,145.30,11.99,157.29
11248,2013/12/04,7110,277.04,22.86,299.90
11249,2013/12/09,3128,333.93,27.55,361.48
11250,2013/12/05,18929,16.68,1.38,18.06
11251,2013/12/28,3633,342.78,28.28,371.06
11252,2013/12/17,6537,290.87,24.00,314.87
11253,2013/12/01,2132,62.77,5.18,67.95
11254,2013/12/19,1195,294.06,24.26,318.32
11255,2013/12/01,9687,135.42,11.17,146.59
11256,2013/12/29,18172,90.74,7.49,98.23
11257,2013/12/25,16755,200.82,16.57,217.39
11258,2013/12/07,10750,108.68,8.97,117.65
11259,2013/12/19,4247,119.63,9.87,129.50
11260,2013/12/14,13336,253.39,20.90,274.29
11261,2013/12/09,11825,286.79,23.66,310.45
11262,2013/12/06,11370,342.34,28.24,370.58
11263,2013/12/07,19114,191.97,15.84,207.81
11264,2013/12/25,330,207.18,17.09,224.27
11265,2013/12/27,6756,170.13,14.04,184.17
11266,2013/12/26,1832,61.27,5.05,66.32
11267,2013/12/13,10065,83.04,6.85,89.89
11268,2013/12/10,1381,373.46,30.81,404.27
11269,2013/12/02,10137,304.29,25.10,329.39
11270,2013/12/29,5701,106.06,8.75,114.81
11271,2013/12/10,13168,263.74,21.76,285.50
11272,2013/12/05,14028,215.46,17.78,233.24
11273,2013/12/17,10393,384.81,31.75,416.56
11274,2013/12/14,18150,233.47,19.26,252.73
11275,2013/12/26,10801,137.81,11.37,149.18
11276,2013/12/22,14743,264.91,21.86,286.77
11277,2013/12/07,12945,383.88,31.67,415.55
11278,2013/12/08,44,127.27,10.50,137.77
11279,2013/12/06,15897,335.66,27.69,363.35
11280,2013/12/22,18557,153.03,12.62,165.65
11281,2013/12/01,17756,262.21,21.63,283.84
11282,2013/12/11,18106,50.40,4.16,54.56
11283,2013/12/17,12158,302.91,24.99,327.90
11284,2013/12/09,15378,172.59,14.24,186.83
11285,2013/12/16,18899,260.15,21.46,281.61
11286,2013/12/07,6641,114.51,9.45,123.96
11287,2013/12/12,16379,397.63,32.80,430.43
11288,2013/12/28,12204,148.83,12.28,161.11
11289,2013/12/28,10502,150.87,12.45,163.32
11290,2013/12/27,10514,198.14,16.35,214.49
11291,2013/12/01,14711,377.35,31.13,408.48
11292,2013/12/19,8956,7.94,0.66,8.60
11293,2013/12/07,12954,212.11,17.50,229.61
11294,2013/12/11,794,114.16,9.42,123.58
11295,2013/12/12,10377,129.66,10.70,140.36
11296,2013/12/11,9822,148.35,12.24,160.59
11297,2013/12/10,7886,371.60,30.66,402.26
11298,2013/12/27,18310,316.41,26.10,342.51
11299,2013/12/02,3543,155.92,12.86,168.78
11300,2013/12/09,6199,152.20,12.56,164.76
11301,2013/12/30,4586,348.18,28.72,376.90
11302,2013/12/05,16994,297.17,24.52,321.69
11303,2013/12/31,2763,314.07,25.91,339.98
11304,2013/12/19,13968,163.99,13.53,177.52
11305,2013/12/30,4748,376.98,31.10,408.08
11306,2013/12/16,19409,102.78,8.48,111.26
11307,2013/12/23,11157,81.22,6.70,87.92
11308,2013/12/31,12180,154.32,12.73,167.05
11309,2013/12/24,17407,1.97,0.16,2.13
11310,2013/12/20,818,12.65,1.04,13.69
11311,2013/12/22,6350,304.14,25.09,329.23
11312,2013/12/25,18007,316.16,26.08,342.24
11313,2013/12/06,10421,154.57,12.75,167.32
11314,2013/12/02,15863,186.97,15.43,202.40
11315,2013/12/04,14969,93.88,7.75,101.63
11316,2013/12/31,1367,93.12,7.68,100.80
11317,2013/12/26,15614,113.02,9.32,122.34
11318,2013/12/30,11052,129.56,10.69,140.25
11319,2013/12/27,17805,336.23,27.74,363.97
11320,2013/12/05,15582,363.31,29.97,393.28
11321,2013/12/04,19096,142.87,11.79,154.66
11322,2013/12/05,16869,39.67,3.27,42.94
11323,2013/12/10,12853,195.54,16.13,211.67
11324,2013/12/01,3726,213.51,17.61,231.12
11325,2013/12/29,12343,269.46,22.23,291.69
11326,2013/12/11,17516,267.40,22.06,289.46
11327,2013/12/27,17570,19.77,1.63,21.40
11328,2013/12/23,15106,238.12,19.64,257.76
11329,2013/12/02,11827,201.70,16.64,218.34
11330,2013/12/02,19648,202.81,16.73,219.54
11331,2013/12/16,13049,124.95,10.31,135.26
11332,2013/12/05,8606,203.93,16.82,220.75
11333,2013/12/30,16893,159.62,13.17,172.79
11334,2013/12/26,17336,194.85,16.08,210.93
11335,2013/12/21,1736,159.49,13.16,172.65
11336,2013/12/19,7992,212.37,17.52,229.89
11337,2013/12/13,16327,328.31,27.09,355.40
11338,2013/12/23,14189,222.18,18.33,240.51
11339,2013/12/27,6440,227.89,18.80,246.69
11340,2013/12/16,2318,379.85,31.34,411.19
11341,2013/12/03,3518,330.71,27.28,357.99
11342,2013/12/03,15458,316.26,26.09,342.35
11343,2013/12/28,155,219.00,18.07,237.07
11344,2013/12/24,12684,207.43,17.11,224.54
11345,2013/12/04,13881,234.80,19.37,254.17
11346,2013/12/02,11613,371.36,30.64,402.00
11347,2013/12/09,3225,371.41,30.64,402.05
11348,2013/12/14,15017,139.70,11.53,151.23
11349,2013/12/01,18709,264.04,21.78,285.82
11350,2013/12/25,3903,47.46,3.92,51.38
11351,2013/12/07,8060,197.75,16.31,214.06
11352,2013/12/06,8723,19.04,1.57,20.61
11353,2013/12/08,1290,373.74,30.83,404.57
11354,2013/12/05,3378,267.04,22.03,289.07
11355,2013/12/07,16224,38.45,3.17,41.62
11356,2013/12/29,14461,226.40,18.68,245.08
11357,2013/12/08,3295,246.54,20.34,266.88
11358,2013/12/13,3424,384.74,31.74,416.48
11359,2013/12/06,8343,106.43,8.78,115.21
11360,2013/12/17,1072,325.14,26.82,351.96
11361,2013/12/09,16298,114.13,9.42,123.55
11362,2013/12/15,6299,284.52,23.47,307.99
11363,2013/12/20,12730,154.95,12.78,167.73
11364,2013/12/12,6546,327.08,26.98,354.06
11365,2013/12/18,10041,117.27,9.67,126.94
11366,2013/12/24,16035,89.23,7.36,96.59
11367,2013/12/10,13921,128.34,10.59,138.93
11368,2013/12/26,14403,245.69,20.27,265.96
11369,2013/12/01,6896,393.67,32.48,426.15
11370,2013/12/26,2280,335.23,27.66,362.89
11371,2013/12/06,6989,241.77,19.95,261.72
11372,2013/12/04,18617,15.28,1.26,16.54
11373,2013/12/24,15922,311.43,25.69,337.12
11374,2013/12/28,10597,356.12,29.38,385.50
11375,2013/12/31,9716,172.55,14.24,186.79
11376,2013/12/09,7494,393.65,32.48,426.13
11377,2013/12/08,15538,7.18,0.59,7.77
11378,2013/12/17,14544,123.37,10.18,133.55
11379,2013/12/16,17916,276.46,22.81,299.27
11380,2013/12/26,15945,287.13,23.69,310.82
11381,2013/12/02,797,209.74,17.30,227.04
11382,2013/12/16,8824,168.73,13.92,182.65
11383,2013/12/15,7681,125.53,10.36,135.89
11384,2013/12/13,17002,39.86,3.29,43.15
11385,2013/12/17,7588,391.54,32.30,423.84
11386,2013/12/01,727,34.69,2.86,37.55
11387,2013/12/27,2628,45.00,3.71,48.71
11388,2013/12/10,6816,165.70,13.67,179.37
11389,2013/12/14,11618,302.19,24.93,327.12
11390,2013/12/07,14318,145.29,11.99,157.28
11391,2013/12/20,831,213.13,17.58,230.71
11392,2013/12/08,9658,269.72,22.25,291.97
11393,2013/12/26,3888,364.48,30.07,394.55
11394,2013/12/07,12574,255.70,21.10,276.80
11395,2013/12/07,18331,198.44,16.37,214.81
11396,2013/12/02,10501,66.49,5.49,71.98
11397,2013/12/28,5125,183.66,15.15,198.81
11398,2013/12/04,8341,205.21,16.93,222.14
11399,2013/12/28,10799,293.68,24.23,317.91
11400,2013/12/19,5411,0.91,0.08,0.99
11401,2013/12/19,669,373.53,30.82,404.35
11402,2013/12/14,12790,132.76,10.95,143.71
11403,2013/12/09,12295,144.39,11.91,156.30
11404,2013/12/28,13505,98.00,8.09,106.09
11405,2013/12/15,14550,6.89,0.57,7.46
11406,2013/12/30,19135,70.02,5.78,75.80
11407,2013/12/12,17736,149.01,12.29,161.30
11408,2013/12/20,15720,245.68,20.27,265.95
11409,2013/12/01,11923,373.22,30.79,404.01
11410,2013/12/30,4539,303.22,25.02,328.24
11411,2013/12/04,18739,52.09,4.30,56.39
11412,2013/12/03,19051,294.71,24.31,319.02
11413,2013/12/28,2993,137.41,11.34,148.75
11414,2013/12/16,15545,240.36,19.83,260.19
11415,2013/12/13,11891,330.34,27.25,357.59
11416,2013/12/04,777,9.15,0.75,9.90
11417,2013/12/14,2512,62.61,5.17,67.78
11418,2013/12/29,16235,167.45,13.81,181.26
11419,2013/12/07,8816,81.63,6.73,88.36
11420,2013/12/12,1935,200.45,16.54,216.99
11421,2013/12/27,13810,257.83,21.27,279.10
11422,2013/12/08,8334,172.94,14.27,187.21
11423,2013/12/05,10214,46.61,3.85,50.46
11424,2013/12/31,7562,28.19,2.33,30.52
11425,2013/12/02,10202,356.64,29.42,386.06
11426,2013/12/15,14211,170.85,14.10,184.95
11427,2013/12/23,10599,337.09,27.81,364.90
11428,2013/12/29,5687,104.96,8.66,113.62
11429,2013/12/03,8979,272.68,22.50,295.18
11430,2013/12/05,16473,162.69,13.42,176.11
11431,2013/12/04,14214,341.38,28.16,369.54
11432,2013/12/12,14618,106.27,8.77,115.04
11433,2013/12/15,10475,261.12,21.54,282.66
11434,2013/12/18,15416,205.64,16.97,222.61
11435,2013/12/04,19146,125.91,10.39,136.30
11436,2013/12/14,6144,103.76,8.56,112.32
11437,2013/12/10,4173,251.31,20.73,272.04
11438,2013/12/17,9278,63.84,5.27,69.11
11439,2013/12/29,9161,306.13,25.26,331.39
11440,2013/12/19,7471,362.08,29.87,391.95
11441,2013/12/22,16525,8.36,0.69,9.05
11442,2013/12/22,17447,232.64,19.19,251.83
11443,2013/12/15,5996,34.00,2.81,36.80
11444,2013/12/28,10580,272.41,22.47,294.88
11445,2013/12/25,7644,263.04,21.70,284.74
11446,2013/12/13,18562,289.39,23.87,313.26
11447,2013/12/30,2038,312.58,25.79,338.37
11448,2013/12/13,1953,270.22,22.29,292.51
11449,2013/12/04,10461,244.84,20.20,265.04
11450,2013/12/14,13291,255.85,21.11,276.96
11451,2013/12/18,10899,332.55,27.44,359.99
11452,2013/12/05,15695,106.34,8.77,115.11
11453,2013/12/31,10871,24.05,1.98,26.03
11454,2013/12/12,16610,126.10,10.40,136.50
11455,2013/12/10,12309,8.06,0.66,8.72
11456,2013/12/11,13241,357.42,29.49,386.91
11457,2013/12/12,3372,1.15,0.09,1.24
11458,2013/12/06,5032,151.87,12.53,164.40
11459,2013/12/24,12640,369.58,30.49,400.07
11460,2013/12/16,17903,315.14,26.00,341.14
11461,2013/12/04,4604,136.26,11.24,147.50
11462,2013/12/10,10943,355.37,29.32,384.69
11463,2013/12/29,13513,45.18,3.73,48.91
11464,2013/12/25,6457,56.12,4.63,60.75
11465,2013/12/23,42,202.29,16.69,218.98
11466,2013/12/14,2218,110.72,9.13,119.85
11467,2013/12/14,1568,153.06,12.63,165.69
11468,2013/12/13,4460,340.57,28.10,368.67
11469,2013/12/18,5575,207.54,17.12,224.66
11470,2013/12/17,12982,139.48,11.51,150.99
11471,2013/12/30,18765,242.49,20.01,262.50
11472,2013/12/12,8044,326.32,26.92,353.24
11473,2013/12/25,15691,58.67,4.84,63.51
11474,2013/12/09,11091,279.26,23.04,302.30
11475,2013/12/19,17685,353.72,29.18,382.90
11476,2013/12/17,4858,2.94,0.24,3.18
11477,2013/12/21,14517,283.14,23.36,306.50
11478,2013/12/06,19483,37.44,3.09,40.53
11479,2013/12/16,2385,320.93,26.48,347.41
11480,2013/12/15,5563,169.39,13.97,183.36
11481,2013/12/10,9639,342.07,28.22,370.29
11482,2013/12/24,4413,211.91,17.48,229.39
11483,2013/12/31,539,187.51,15.47,202.98
11484,2013/12/03,16633,376.17,31.03,407.20
11485,2013/12/07,1942,381.96,31.51,413.47
11486,2013/12/07,15203,329.49,27.18,356.67
11487,2013/12/28,14859,121.05,9.99,131.04
11488,2013/12/25,16036,150.20,12.39,162.59
11489,2013/12/25,13336,124.63,10.28,134.91
11490,2013/12/03,13701,217.44,17.94,235.38
11491,2013/12/11,155,311.85,25.73,337.58
11492,2013/12/01,10385,81.52,6.73,88.25
11493,2013/12/14,200,7.49,0.62,8.11
11494,2013/12/27,11775,113.56,9.37,122.93
11495,2013/12/01,4151,172.59,14.24,186.83
11496,2013/12/24,10617,244.75,20.19,264.94
11497,2013/12/28,757,12.73,1.05,13.78
11498,2013/12/25,17406,283.78,23.41,307.19
11499,2013/12/04,6320,98.04,8.09,106.13
11500,2013/12/03,1166,369.09,30.45,399.54
11501,2013/12/03,14728,162.96,13.44,176.40
11502,2013/12/20,6307,16.27,1.34,17.61
11503,2013/12/22,18238,154.51,12.75,167.26
11504,2013/12/10,3010,370.26,30.55,400.81
11505,2013/12/22,18517,302.48,24.95,327.43
11506,2013/12/22,11000,134.26,11.08,145.34
11507,2013/12/17,5090,110.69,9.13,119.82
11508,2013/12/03,7056,380.23,31.37,411.60
11509,2013/12/24,17615,21.56,1.78,23.34
11510,2013/12/19,13884,333.83,27.54,361.37
11511,2013/12/24,9003,207.68,17.13,224.81
11512,2013/12/27,9516,54.37,4.49,58.86
11513,2013/12/13,17996,230.54,19.02,249.56
11514,2013/12/08,10665,116.99,9.65,126.64
11515,2013/12/01,18472,386.84,31.91,418.75
11516,2013/12/24,18316,332.78,27.45,360.23
11517,2013/12/21,796,391.88,32.33,424.21
11518,2013/12/20,6949,193.69,15.98,209.67
11519,2013/12/28,17975,399.87,32.99,432.86
11520,2013/12/31,112,45.01,3.71,48.72
11521,2013/12/30,467,304.81,25.15,329.96
11522,2013/12/06,15815,277.76,22.92,300.68
11523,2013/12/06,7070,162.81,13.43,176.24
11524,2013/12/02,13868,243.71,20.11,263.82
11525,2013/12/04,11962,2.78,0.23,3.01
11526,2013/12/21,1438,343.92,28.37,372.29
11527,2013/12/12,11330,151.92,12.53,164.45
11528,2013/12/08,1116,305.91,25.24,331.15
11529,2013/12/02,3774,319.27,26.34,345.61
11530,2013/12/09,19253,138.67,11.44,150.11
11531,2013/12/31,1432,66.15,5.46,71.61
11532,2013/12/24,6916,294.83,24.32,319.15
11533,2013/12/15,1798,230.10,18.98,249.08
11534,2013/12/30,16966,350.66,28.93,379.59
11535,2013/12/24,11895,281.20,23.20,304.40
11536,2013/12/18,3816,251.78,20.77,272.55
11537,2013/12/16,8844,378.12,31.19,409.31
11538,2013/12/27,5193,301.27,24.85,326.12
11539,2013/12/27,8943,151.13,12.47,163.60
11540,2013/12/19,17383,57.49,4.74,62.23
11541,2013/12/05,1962,289.69,23.90,313.59
11542,2013/12/26,721,276.96,22.85,299.81
11543,2013/12/26,3943,134.60,11.10,145.70
11544,2013/12/20,16965,320.82,26.47,347.29
11545,2013/12/23,4553,182.94,15.09,198.03
11546,2013/12/28,12112,191.72,15.82,207.54
11547,2013/12/20,19202,251.11,20.72,271.83
11548,2013/12/05,19294,94.31,7.78,102.09
11549,2013/12/16,8921,80.58,6.65,87.23
11550,2013/12/24,9854,246.49,20.34,266.83
11551,2013/12/29,594,99.35,8.20,107.55
11552,2013/12/01,5767,355.12,29.30,384.42
11553,2013/12/20,12667,255.19,21.05,276.24
11554,2013/12/02,3217,338.20,27.90,366.10
11555,2013/12/19,2592,190.52,15.72,206.24
11556,2013/12/29,13794,245.09,20.22,265.31
11557,2013/12/30,3840,80.83,6.67,87.50
11558,2013/12/20,7468,90.10,7.43,97.53
11559,2013/12/06,8226,111.93,9.23,121.16
11560,2013/12/21,5432,10.20,0.84,11.04
11561,2013/12/22,9444,160.92,13.28,174.20
11562,2013/12/03,5885,312.41,25.77,338.18
11563,2013/12/17,19663,228.04,18.81,246.85
11564,2013/12/14,19648,72.47,5.98,78.45
11565,2013/12/20,3744,206.35,17.02,223.37
11566,2013/12/03,3784,361.68,29.84,391.52
11567,2013/12/17,4146,290.78,23.99,314.77
11568,2013/12/24,6782,349.00,28.79,377.79
11569,2013/12/02,5634,59.08,4.87,63.95
11570,2013/12/03,3481,329.04,27.15,356.19
11571,2013/12/05,10611,373.73,30.83,404.56
11572,2013/12/06,9288,389.21,32.11,421.32
11573,2013/12/26,11969,23.18,1.91,25.09
11574,2013/12/30,16260,26.98,2.23,29.21
11575,2013/12/31,15728,79.12,6.53,85.65
11576,2013/12/17,3750,348.68,28.77,377.45
11577,2013/12/17,6045,388.55,32.06,420.61
11578,2013/12/09,4347,302.91,24.99,327.90
11579,2013/12/09,1364,72.81,6.01,78.82
11580,2013/12/14,10609,345.65,28.52,374.17
11581,2013/12/12,10047,150.00,12.38,162.38
11582,2013/12/06,3692,141.96,11.71,153.67
11583,2013/12/19,1187,342.99,28.30,371.29
11584,2013/12/05,16945,368.30,30.38,398.68
11585,2013/12/06,9309,359.83,29.69,389.52
11586,2013/12/07,10936,303.61,25.05,328.66
11587,2013/12/05,13281,354.78,29.27,384.05
11588,2013/12/25,4549,48.99,4.04,53.03
11589,2013/12/24,16506,324.10,26.74,350.84
11590,2013/12/10,820,366.89,30.27,397.16
11591,2013/12/05,13802,70.32,5.80,76.12
11592,2013/12/13,14978,212.59,17.54,230.13
11593,2013/12/30,1795,321.82,26.55,348.37
11594,2013/12/17,9541,205.56,16.96,222.52
11595,2013/12/17,16507,96.65,7.97,104.62
11596,2013/12/10,7448,216.08,17.83,233.91
11597,2013/12/29,10272,299.31,24.69,324.00
11598,2013/12/20,3617,28.21,2.33,30.54
11599,2013/12/04,14200,214.89,17.73,232.62
11600,2013/12/06,4765,379.52,31.31,410.83
11601,2013/12/07,5605,373.25,30.79,404.04
11602,2013/12/10,9838,102.05,8.42,110.47
11603,2013/12/02,1294,133.78,11.04,144.82
11604,2013/12/06,10541,163.71,13.51,177.22
11605,2013/12/03,5047,373.92,30.85,404.77
11606,2013/12/17,10056,137.04,11.31,148.35
11607,2013/12/21,17198,362.87,29.94,392.81
11608,2013/12/18,4397,109.59,9.04,118.63
11609,2013/12/04,2924,116.24,9.59,125.83
11610,2013/12/25,5386,45.97,3.79,49.76
11611,2013/12/16,7901,213.47,17.61,231.08
11612,2013/12/09,18567,343.94,28.38,372.32
11613,2013/12/30,16623,64.22,5.30,69.52
11614,2013/12/18,1772,92.67,7.65,100.32
11615,2013/12/14,14621,127.29,10.50,137.79
11616,2013/12/11,10172,233.50,19.26,252.76
11617,2013/12/15,18033,209.75,17.30,227.05
11618,2013/12/29,4644,271.13,22.37,293.50
11619,2013/12/18,13506,116.13,9.58,125.71
11620,2013/12/17,13800,151.40,12.49,163.89
11621,2013/12/20,12138,256.73,21.18,277.91
11622,2013/12/13,7759,184.05,15.18,199.23
11623,2013/12/01,19528,365.92,30.19,396.11
11624,2013/12/22,62,229.36,18.92,248.28
11625,2013/12/05,15347,110.35,9.10,119.45
11626,2013/12/19,668,49.69,4.10,53.79
11627,2013/12/08,5384,224.92,18.56,243.48
11628,2013/12/23,1628,70.95,5.85,76.80
11629,2013/12/18,8467,328.97,27.14,356.11
11630,2013/12/23,5747,52.77,4.35,57.12
11631,2013/12/21,10821,144.46,11.92,156.38
11632,2013/12/31,12150,231.72,19.12,250.84
11633,2013/12/10,12043,235.06,19.39,254.45
11634,2013/12/22,1354,347.96,28.71,376.67
11635,2013/12/14,18769,59.80,4.93,64.73
11636,2013/12/09,5419,376.07,31.03,407.10
11637,2013/12/02,17679,73.48,6.06,79.54
11638,2013/12/08,234,244.52,20.17,264.69
11639,2013/12/30,10425,102.62,8.47,111.09
11640,2013/12/30,522,76.58,6.32,82.90
11641,2013/12/02,9511,222.60,18.36,240.96
11642,2013/12/09,8691,237.89,19.63,257.52
11643,2013/12/25,9447,127.67,10.53,138.20
11644,2013/12/03,6605,358.20,29.55,387.75
11645,2013/12/25,19168,225.73,18.62,244.35
11646,2013/12/23,11220,102.55,8.46,111.01
11647,2013/12/28,13724,296.90,24.49,321.39
11648,2013/12/05,11246,308.80,25.48,334.28
11649,2013/12/25,18457,251.34,20.74,272.08
11650,2013/12/07,12126,101.44,8.37,109.81
11651,2013/12/23,3409,344.75,28.44,373.19
11652,2013/12/16,3892,194.85,16.08,210.93
11653,2013/12/24,5246,26.80,2.21,29.01
11654,2013/12/18,2733,65.30,5.39,70.69
11655,2013/12/06,15183,139.12,11.48,150.60
11656,2013/12/25,19960,177.83,14.67,192.50
11657,2013/12/18,4927,8.28,0.68,8.96
11658,2013/12/14,12096,196.32,16.20,212.52
11659,2013/12/16,1930,358.37,29.57,387.94
11660,2013/12/22,17074,10.37,0.86,11.23
11661,2013/12/26,14431,308.95,25.49,334.44
11662,2013/12/23,7278,15.60,1.29,16.89
11663,2013/12/25,1513,236.45,19.51,255.96
11664,2013/12/18,17326,213.82,17.64,231.46
11665,2013/12/04,6135,293.30,24.20,317.50
11666,2013/12/04,4591,345.69,28.52,374.21
11667,2013/12/15,4463,87.22,7.20,94.42
11668,2013/12/20,9897,399.89,32.99,432.88
11669,2013/12/21,12431,100.05,8.25,108.30
11670,2013/12/09,5198,151.54,12.50,164.04
11671,2013/12/26,16085,214.10,17.66,231.76
11672,2013/12/10,3608,286.59,23.64,310.23
11673,2013/12/15,555,149.86,12.36,162.22
11674,2013/12/07,13479,156.94,12.95,169.89
11675,2013/12/23,357,121.51,10.02,131.53
11676,2013/12/04,18377,102.50,8.46,110.96
11677,2013/12/31,19719,171.87,14.18,186.05
11678,2013/12/09,9417,347.11,28.64,375.75
11679,2013/12/17,8005,246.40,20.33,266.73
11680,2013/12/19,3149,182.79,15.08,197.87
11681,2013/12/06,18418,140.22,11.57,151.79
11682,2013/12/17,9628,157.42,12.99,170.41
11683,2013/12/12,12986,233.51,19.26,252.77
11684,2013/12/14,13909,141.07,11.64,152.71
11685,2013/12/08,11479,147.98,12.21,160.19
11686,2013/12/08,3825,153.61,12.67,166.28
11687,2013/12/09,8809,219.38,18.10,237.48
11688,2013/12/03,10405,266.14,21.96,288.10
11689,2013/12/22,11737,255.37,21.07,276.44
11690,2013/12/19,18151,382.16,31.53,413.69
11691,2013/12/03,4414,283.80,23.41,307.21
11692,2013/12/19,172,351.05,28.96,380.01
11693,2013/12/25,8077,303.88,25.07,328.95
11694,2013/12/02,4176,398.59,32.88,431.47
11695,2013/12/06,82,356.98,29.45,386.43
11696,2013/12/16,16523,335.53,27.68,363.21
11697,2013/12/29,1990,263.75,21.76,285.51
11698,2013/12/03,10527,215.47,17.78,233.25
11699,2013/12/06,8954,399.53,32.96,432.49
11700,2013/12/09,7154,88.24,7.28,95.52
11701,2013/12/23,7753,145.27,11.98,157.25
11702,2013/12/01,15837,106.93,8.82,115.75
11703,2013/12/01,10307,217.44,17.94,235.38
11704,2013/12/18,18487,236.69,19.53,256.22
11705,2013/12/24,9818,385.31,31.79,417.10
11706,2013/12/22,13369,304.75,25.14,329.89
11707,2013/12/29,5122,15.33,1.26,16.59
11708,2013/12/07,16254,229.82,18.96,248.78
11709,2013/12/01,6351,364.91,30.11,395.02
11710,2013/12/14,14153,107.37,8.86,116.23
11711,2013/12/20,13740,161.60,13.33,174.93
11712,2013/12/07,348,23.19,1.91,25.10
11713,2013/12/31,14910,310.53,25.62,336.15
11714,2013/12/20,12877,112.87,9.31,122.18
11715,2013/12/04,16906,91.53,7.55,99.08
11716,2013/12/22,17088,59.19,4.88,64.07
11717,2013/12/01,13586,64.70,5.34,70.04
11718,2013/12/25,4741,96.69,7.98,104.67
11719,2013/12/25,8205,355.34,29.32,384.66
11720,2013/12/14,5758,111.48,9.20,120.68
11721,2013/12/29,13481,369.45,30.48,399.93
11722,2013/12/19,2947,379.54,31.31,410.85
11723,2013/12/16,8046,267.19,22.04,289.23
11724,2013/12/18,2744,122.03,10.07,132.10
11725,2013/12/02,4826,189.07,15.60,204.67
11726,2013/12/08,15206,124.04,10.23,134.27
11727,2013/12/11,16288,172.93,14.27,187.20
11728,2013/12/18,7657,337.55,27.85,365.40
11729,2013/12/09,3213,222.92,18.39,241.31
11730,2013/12/21,12264,292.56,24.14,316.70
11731,2013/12/24,702,266.83,22.01,288.84
11732,2013/12/26,10635,300.51,24.79,325.30
11733,2013/12/11,5682,107.70,8.89,116.59
11734,2013/12/31,2397,358.59,29.58,388.17
11735,2013/12/30,13233,341.30,28.16,369.46
11736,2013/12/31,13454,355.24,29.31,384.55
11737,2013/12/02,13149,348.03,28.71,376.74
11738,2013/12/07,15745,185.65,15.32,200.97
11739,2013/12/17,16941,297.02,24.50,321.52
11740,2013/12/30,12753,166.27,13.72,179.99
11741,2013/12/02,927,77.81,6.42,84.23
11742,2013/12/18,19235,237.25,19.57,256.82
11743,2013/12/13,7684,54.32,4.48,58.80
11744,2013/12/10,6256,393.19,32.44,425.63
11745,2013/12/11,3133,307.91,25.40,333.31
11746,2013/12/20,16531,25.69,2.12,27.81
11747,2013/12/17,16452,70.50,5.82,76.32
11748,2013/12/07,15957,29.88,2.47,32.35
11749,2013/12/24,12782,298.76,24.65,323.41
11750,2013/12/20,2264,137.61,11.35,148.96
11751,2013/12/04,2231,364.95,30.11,395.06
11752,2013/12/30,14351,13.86,1.14,15.00
11753,2013/12/20,12108,226.43,18.68,245.11
11754,2013/12/11,4878,195.86,16.16,212.02
11755,2013/12/17,9457,334.52,27.60,362.12
11756,2013/12/31,7696,194.16,16.02,210.18
11757,2013/12/25,19154,354.74,29.27,384.01
11758,2013/12/22,11820,79.62,6.57,86.19
11759,2013/12/18,14235,90.68,7.48,98.16
11760,2013/12/08,18775,94.32,7.78,102.10
11761,2013/12/31,12798,169.23,13.96,183.19
11762,2013/12/13,15164,229.81,18.96,248.77
11763,2013/12/12,16332,68.16,5.62,73.78
11764,2013/12/03,6584,133.11,10.98,144.09
11765,2013/12/13,7191,382.17,31.53,413.70
11766,2013/12/18,5053,261.68,21.59,283.27
11767,2013/12/28,5019,372.35,30.72,403.07
11768,2013/12/23,7751,93.52,7.72,101.24
11769,2013/12/08,3449,107.94,8.91,116.85
11770,2013/12/31,3727,306.97,25.33,332.30
11771,2013/12/23,15023,40.01,3.30,43.31
11772,2013/12/20,18355,248.18,20.47,268.65
11773,2013/12/15,4646,189.26,15.61,204.87
11774,2013/12/27,9970,161.59,13.33,174.92
11775,2013/12/16,3267,260.63,21.50,282.13
11776,2013/12/06,5569,140.10,11.56,151.66
11777,2013/12/31,11721,1.20,0.10,1.30
11778,2013/12/19,18574,302.60,24.96,327.56
11779,2013/12/08,12300,42.60,3.51,46.11
11780,2013/12/09,6285,348.41,28.74,377.15
11781,2013/12/19,6756,258.69,21.34,280.03
11782,2013/12/22,8516,185.97,15.34,201.31
11783,2013/12/22,18581,100.42,8.28,108.70
11784,2013/12/14,10779,269.27,22.21,291.48
11785,2013/12/26,16915,349.35,28.82,378.17
11786,2013/12/16,44,98.58,8.13,106.71
11787,2013/12/17,13478,173.29,14.30,187.59
11788,2013/12/18,18753,139.53,11.51,151.04
11789,2013/12/04,8701,264.09,21.79,285.88
11790,2013/12/24,5791,20.32,1.68,22.00
11791,2013/12/03,13277,338.53,27.93,366.46
11792,2013/12/16,6464,27.85,2.30,30.15
11793,2013/12/03,19862,223.69,18.45,242.14
11794,2013/12/19,10769,181.46,14.97,196.43
11795,2013/12/01,3270,156.38,12.90,169.28
11796,2013/12/21,16253,252.40,20.82,273.22
11797,2013/12/30,2054,365.43,30.15,395.58
11798,2013/12/05,15110,20.37,1.68,22.05
11799,2013/12/27,10782,191.36,15.79,207.15
11800,2013/12/06,5909,285.61,23.56,309.17
11801,2013/12/17,18497,251.35,20.74,272.09
11802,2013/12/19,1226,112.04,9.24,121.28
11803,2013/12/19,7579,139.93,11.54,151.47
11804,2013/12/25,5704,250.55,20.67,271.22
11805,2013/12/26,9649,288.50,23.80,312.30
11806,2013/12/03,9776,363.09,29.95,393.04
11807,2013/12/18,2871,12.38,1.02,13.40
11808,2013/12/28,5311,135.29,11.16,146.45
11809,2013/12/17,5084,344.66,28.43,373.09
11810,2013/12/16,472,257.89,21.28,279.17
11811,2013/12/14,994,227.25,18.75,246.00
11812,2013/12/10,16988,294.91,24.33,319.24
11813,2013/12/15,15090,394.55,32.55,427.10
11814,2013/12/05,8126,296.23,24.44,320.67
11815,2013/12/13,6792,90.78,7.49,98.27
11816,2013/12/02,11102,295.12,24.35,319.47
11817,2013/12/21,4794,255.57,21.08,276.65
11818,2013/12/06,5999,299.40,24.70,324.10
11819,2013/12/09,11057,257.27,21.22,278.49
11820,2013/12/03,9068,291.51,24.05,315.56
11821,2013/12/04,17633,64.01,5.28,69.29
11822,2013/12/28,1451,212.02,17.49,229.51
11823,2013/12/03,19210,211.10,17.42,228.52
11824,2013/12/31,9587,178.09,14.69,192.78
11825,2013/12/18,13113,22.29,1.84,24.13
11826,2013/12/24,2082,363.68,30.00,393.68
11827,2013/12/13,10737,183.45,15.13,198.58
11828,2013/12/28,6357,193.77,15.99,209.76
11829,2013/12/25,6374,312.34,25.77,338.11
11830,2013/12/07,9372,65.04,5.37,70.41
11831,2013/12/09,9721,281.31,23.21,304.52
11832,2013/12/06,14365,253.72,20.93,274.65
11833,2013/12/04,11254,39.25,3.24,42.49
11834,2013/12/27,6891,164.96,13.61,178.57
11835,2013/12/22,2064,185.97,15.34,201.31
11836,2013/12/21,509,361.06,29.79,390.85
11837,2013/12/19,8208,77.37,6.38,83.75
11838,2013/12/12,692,280.72,23.16,303.88
11839,2013/12/12,11200,212.26,17.51,229.77
11840,2013/12/09,13615,332.17,27.40,359.57
11841,2013/12/09,6385,315.95,26.07,342.02
11842,2013/12/15,2419,84.59,6.98,91.57
11843,2013/12/06,18819,367.35,30.31,397.66
11844,2013/12/01,785,15.43,1.27,16.70
11845,2013/12/05,12095,110.66,9.13,119.79
11846,2013/12/05,10376,217.99,17.98,235.97
11847,2013/12/23,773,378.69,31.24,409.93
11848,2013/12/27,9470,108.00,8.91,116.91
11849,2013/12/02,1681,318.75,26.30,345.05
11850,2013/12/21,14816,30.70,2.53,33.23
11851,2013/12/30,11920,310.37,25.61,335.98
11852,2013/12/31,4678,108.93,8.99,117.92
11853,2013/12/30,15871,12.85,1.06,13.91
11854,2013/12/29,18065,265.27,21.88,287.15
11855,2013/12/17,10163,277.59,22.90,300.49
11856,2013/12/23,9311,86.19,7.11,93.30
11857,2013/12/18,12222,68.82,5.68,74.50
11858,2013/12/01,3119,319.73,26.38,346.11
11859,2013/12/13,4145,368.61,30.41,399.02
11860,2013/12/10,17240,116.47,9.61,126.08
11861,2013/12/05,17151,274.40,22.64,297.04
11862,2013/12/28,17679,381.30,31.46,412.76
11863,2013/12/22,19887,167.31,13.80,181.11
11864,2013/12/01,1917,345.15,28.47,373.62
11865,2013/12/05,17236,134.31,11.08,145.39
11866,2013/12/10,2718,261.07,21.54,282.61
11867,2013/12/28,16111,342.46,28.25,370.71
11868,2013/12/19,14130,37.89,3.13,41.02
11869,2013/12/18,15785,248.20,20.48,268.68
11870,2013/12/14,913,212.10,17.50,229.60
11871,2013/12/16,7594,92.95,7.67,100.62
11872,2013/12/31,1990,356.73,29.43,386.16
11873,2013/12/25,12484,304.85,25.15,330.00
11874,2013/12/27,17590,179.54,14.81,194.35
11875,2013/12/01,8482,88.72,7.32,96.04
11876,2013/12/27,3855,124.95,10.31,135.26
11877,2013/12/02,17297,285.43,23.55,308.98
11878,2013/12/28,7617,266.35,21.97,288.32
11879,2013/12/22,3504,98.05,8.09,106.14
11880,2013/12/27,17300,191.02,15.76,206.78
11881,2013/12/02,4748,366.05,30.20,396.25
11882,2013/12/01,16690,105.06,8.67,113.73
11883,2013/12/05,2847,388.41,32.04,420.45
11884,2013/12/10,19912,36.40,3.00,39.40
11885,2013/12/02,11164,246.60,20.34,266.94
11886,2013/12/19,1339,76.55,6.32,82.87
11887,2013/12/15,2919,85.04,7.02,92.06
11888,2013/12/03,10899,340.98,28.13,369.11
11889,2013/12/02,1871,361.11,29.79,390.90
11890,2013/12/17,19252,349.55,28.84,378.39
11891,2013/12/10,6076,340.98,28.13,369.11
11892,2013/12/27,12479,391.06,32.26,423.32
11893,2013/12/22,2111,343.86,28.37,372.23
11894,2013/12/19,13402,342.68,28.27,370.95
11895,2013/12/26,9163,128.96,10.64,139.60
11896,2013/12/08,10146,338.78,27.95,366.73
11897,2013/12/06,4549,109.78,9.06,118.84
11898,2013/12/18,16858,162.44,13.40,175.84
11899,2013/12/23,4087,370.21,30.54,400.75
11900,2013/12/10,13581,44.66,3.68,48.34
11901,2013/12/20,7352,200.80,16.57,217.37
11902,2013/12/26,16899,239.50,19.76,259.26
11903,2013/12/18,12177,264.42,21.81,286.23
11904,2013/12/21,18497,256.82,21.19,278.01
11905,2013/12/20,4012,60.65,5.00,65.65
11906,2013/12/05,15627,177.06,14.61,191.67
11907,2013/12/10,1134,280.75,23.16,303.91
11908,2013/12/27,1719,122.57,10.11,132.68
11909,2013/12/01,4568,290.47,23.96,314.43
11910,2013/12/17,14345,333.14,27.48,360.62
11911,2013/12/11,7964,25.58,2.11,27.69
11912,2013/12/08,16246,199.13,16.43,215.56
11913,2013/12/04,11240,368.67,30.42,399.09
11914,2013/12/10,8921,2.07,0.17,2.24
11915,2013/12/17,11329,283.69,23.40,307.09
11916,2013/12/29,2687,111.57,9.20,120.77
11917,2013/12/28,589,247.28,20.40,267.68
11918,2013/12/31,10100,344.92,28.46,373.38
11919,2013/12/30,19126,239.86,19.79,259.65
11920,2013/12/23,2638,214.23,17.67,231.90
11921,2013/12/30,15513,55.86,4.61,60.47
11922,2013/12/28,2733,97.30,8.03,105.33
11923,2013/12/28,1269,63.05,5.20,68.25
11924,2013/12/31,6047,154.39,12.74,167.13
11925,2013/12/05,2386,51.65,4.26,55.91
11926,2013/12/05,13848,200.27,16.52,216.79
11927,2013/12/25,11438,92.59,7.64,100.23
11928,2013/12/12,9728,213.54,17.62,231.16
11929,2013/12/03,12777,75.56,6.23,81.79
11930,2013/12/11,17479,129.41,10.68,140.09
11931,2013/12/12,4610,171.75,14.17,185.92
11932,2013/12/15,15707,48.57,4.01,52.58
11933,2013/12/19,12166,207.82,17.15,224.97
11934,2013/12/01,10065,26.00,2.15,28.14
11935,2013/12/27,2493,138.67,11.44,150.11
11936,2013/12/15,17647,268.90,22.18,291.08
11937,2013/12/09,15483,308.92,25.49,334.41
11938,2013/12/10,560,140.41,11.58,151.99
11939,2013/12/09,10195,238.76,19.70,258.46
11940,2013/12/15,4996,371.37,30.64,402.01
11941,2013/12/01,19972,389.97,32.17,422.14
11942,2013/12/02,1243,334.80,27.62,362.42
11943,2013/12/08,11091,219.67,18.12,237.79
11944,2013/12/06,16475,354.21,29.22,383.43
11945,2013/12/17,17292,274.34,22.63,296.97
11946,2013/12/09,19068,378.08,31.19,409.27
11947,2013/12/10,5760,27.65,2.28,29.93
11948,2013/12/06,13518,194.54,16.05,210.59
11949,2013/12/11,16475,5.77,0.48,6.25
11950,2013/12/31,15356,381.83,31.50,413.33
11951,2013/12/12,1535,73.15,6.03,79.18
11952,2013/12/23,5436,81.30,6.71,88.01
11953,2013/12/03,11088,180.44,14.89,195.33
11954,2013/12/24,1049,167.02,13.78,180.80
11955,2013/12/10,2012,189.49,15.63,205.12
11956,2013/12/08,4182,330.40,27.26,357.66
11957,2013/12/17,15663,306.44,25.28,331.72
11958,2013/12/11,1640,37.96,3.13,41.09
11959,2013/12/08,17290,89.46,7.38,96.84
11960,2013/12/29,8663,344.45,28.42,372.87
11961,2013/12/02,3439,158.64,13.09,171.73
11962,2013/12/01,14344,127.42,10.51,137.93
11963,2013/12/18,9729,92.88,7.66,100.54
11964,2013/12/06,13194,123.60,10.20,133.80
11965,2013/12/15,19991,228.64,18.86,247.50
11966,2013/12/12,2943,302.08,24.92,327.00
11967,2013/12/04,12037,361.96,29.86,391.82
11968,2013/12/11,19372,171.00,14.11,185.11
11969,2013/12/13,3135,110.18,9.09,119.27
11970,2013/12/29,121,219.32,18.09,237.41
11971,2013/12/02,12943,355.16,29.30,384.46
11972,2013/12/14,1695,277.73,22.91,300.64
11973,2013/12/05,8887,43.26,3.57,46.83
11974,2013/12/30,13972,23.97,1.98,25.95
11975,2013/12/12,6655,231.65,19.11,250.76
11976,2013/12/03,18473,96.04,7.92,103.96
11977,2013/12/31,7050,27.88,2.30,30.18
11978,2013/12/11,13595,142.19,11.73,153.92
11979,2013/12/08,5675,374.87,30.93,405.80
11980,2013/12/01,9262,56.10,4.63,60.73
11981,2013/12/16,14017,51.42,4.24,55.66
11982,2013/12/27,15172,220.33,18.18,238.51
11983,2013/12/24,12057,375.28,30.96,406.24
11984,2013/12/31,10205,33.68,2.78,36.46
11985,2013/12/18,13522,7.10,0.59,7.69
11986,2013/12/11,1509,242.03,19.97,262.00
11987,2013/12/11,1377,194.56,16.05,210.61
11988,2013/12/13,11438,5.75,0.47,6.22
11989,2013/12/08,18765,194.95,16.08,211.03
11990,2013/12/29,19502,352.14,29.05,381.19
11991,2013/12/07,17705,67.69,5.58,73.27
11992,2013/12/21,14287,366.74,30.26,397.00
11993,2013/12/22,6407,52.55,4.34,56.89
11994,2013/12/26,9598,189.74,15.65,205.39
11995,2013/12/16,12643,35.02,2.89,37.91
11996,2013/12/28,15270,158.58,13.08,171.66
11997,2013/12/26,1180,198.05,16.34,214.39
11998,2013/12/06,17427,33.81,2.79,36.60
11999,2013/12/25,1485,175.34,14.47,189.81
12000,2013/12/15,7393,205.09,16.92,222.01
