19356,1001,4380
19356,1001,3538
19356,1001,2678
19356,1001,4440
19356,1001,1777
19356,1001,5667
19356,1001,2599
19356,1001,9182
19356,1001,8996
9043,1002,9276
9043,1002,1402
9043,1002,7382
9043,1002,594
9043,1002,2636
9043,1002,6816
9043,1002,7872
9043,1002,8425
403,1003,5819
403,1003,5462
403,1003,2676
403,1003,753
403,1003,8979
16509,1004,9171
16509,1004,769
16509,1004,6597
16509,1004,4738
16509,1004,9576
16509,1004,2906
16509,1004,4920
10292,1005,7971
10292,1005,9020
10292,1005,8072
10292,1005,8465
8489,1006,1426
8489,1006,6997
7186,1007,7006
7186,1007,1585
7186,1007,3173
7186,1007,2607
7186,1007,1651
7186,1007,5394
7186,1007,4376
7186,1007,268
7186,1007,4186
17328,1008,711
17328,1008,9275
17328,1008,6596
17328,1008,1300
17328,1008,2490
8149,1009,579
4458,1010,1851
4458,1010,1719
4458,1010,8405
4458,1010,851
4458,1010,4568
4458,1010,2702
4458,1010,8229
9649,1011,7017
9649,1011,2589
9649,1011,2054
9649,1011,4919
13660,1012,4136
13660,1012,9165
13660,1012,8830
19359,1013,3507
19359,1013,1605
19359,1013,147
19359,1013,6560
19359,1013,8873
19359,1013,3616
11339,1014,8302
11339,1014,9706
11339,1014,7096
12519,1015,3828
12519,1015,8383
12519,1015,7780
12519,1015,7467
12519,1015,3624
12519,1015,3973
12519,1015,3250
12519,1015,3760
3433,1016,4592
3433,1016,458
3433,1016,4000
3433,1016,8139
3433,1016,3813
3433,1016,2577
1918,1017,2848
1918,1017,6450
1918,1017,2017
1918,1017,6655
1918,1017,3268
1918,1017,2133
1918,1017,2130
13443,1018,1019
13443,1018,2154
13443,1018,3377
13443,1018,6991
13443,1018,3605
1083,1019,4944
1083,1019,6230
1083,1019,216
1083,1019,2227
1083,1019,3297
1083,1019,1056
1083,1019,9026
1083,1019,2148
1083,1019,9799
3904,1020,7918
3904,1020,3362
3904,1020,5591
3904,1020,2064
3904,1020,31
3904,1020,8726
3904,1020,3968
12389,1021,553
12389,1021,7866
12389,1021,8678
16953,1022,429
16953,1022,5550
16953,1022,4818
16953,1022,9868
16953,1022,9183
16953,1022,9341
16953,1022,8939
16953,1022,5473
9231,1023,7055
9231,1023,2909
9231,1023,9232
9231,1023,4935
9231,1023,63
9231,1023,1480
9231,1023,3619
9231,1023,8836
9231,1023,5939
10243,1024,4335
10243,1024,6250
10243,1024,2479
10243,1024,4423
10243,1024,2687
10243,1024,1232
10243,1024,6398
10243,1024,7181
14487,1025,7734
14487,1025,2310
14487,1025,1503
14487,1025,5273
14487,1025,3371
15410,1026,7512
15410,1026,8037
15410,1026,9538
15410,1026,3411
15410,1026,6318
6997,1027,742
6997,1027,316
6997,1027,3654
6997,1027,5044
6997,1027,875
8489,1028,1949
8489,1028,8813
8489,1028,9660
8489,1028,1394
9608,1029,4612
9608,1029,7387
9608,1029,6234
9608,1029,6340
19986,1030,5150
19986,1030,1961
16366,1031,9885
16366,1031,5703
16366,1031,345
16366,1031,8742
16366,1031,1900
16366,1031,1804
18380,1032,7318
18380,1032,2689
18380,1032,8596
18380,1032,5565
18380,1032,1913
18380,1032,4397
18161,1033,2577
18161,1033,5137
18161,1033,5246
18161,1033,837
18161,1033,2585
18161,1033,3657
11841,1034,4524
11841,1034,3066
11841,1034,3182
11841,1034,6865
11841,1034,6155
11841,1034,1299
11841,1034,342
11841,1034,7455
11841,1034,1896
14282,1035,4286
14282,1035,9314
14282,1035,1543
14282,1035,3863
14282,1035,290
14282,1035,1491
14282,1035,1505
16738,1036,9630
16738,1036,2
16738,1036,4811
16738,1036,2889
16738,1036,46
16738,1036,3848
16738,1036,5401
16738,1036,5565
14214,1037,7279
14214,1037,8324
14214,1037,9503
14214,1037,3442
14214,1037,8197
14214,1037,9627
14214,1037,4272
14214,1037,7797
14214,1037,7083
14256,1038,3641
14256,1038,7769
14256,1038,9527
14256,1038,6312
14256,1038,3782
14256,1038,1532
14256,1038,2360
14256,1038,1933
14256,1038,2522
4296,1039,1775
4296,1039,2363
4296,1039,6437
11696,1040,660
11696,1040,8830
11696,1040,9400
11696,1040,5570
11696,1040,8731
11696,1040,5286
11696,1040,8135
11696,1040,6891
11696,1040,7347
10604,1041,1054
10604,1041,3436
10604,1041,9691
10604,1041,3338
10604,1041,9046
15751,1042,3016
15751,1042,5613
15751,1042,6852
9973,1043,5643
9973,1043,5625
9973,1043,764
9973,1043,3026
9973,1043,6343
9973,1043,9308
9973,1043,5882
9973,1043,3511
9973,1043,6643
1648,1044,575
1648,1044,7565
1648,1044,5486
1648,1044,2413
1648,1044,127
1648,1044,9064
19654,1045,1645
19654,1045,5989
19654,1045,2930
19654,1045,3598
19654,1045,6798
19654,1045,2983
19654,1045,1064
19654,1045,5419
19654,1045,6546
4062,1046,5632
4062,1046,9534
12070,1047,5562
12070,1047,6711
12070,1047,7119
12070,1047,3420
12070,1047,6080
12070,1047,955
12070,1047,9818
12070,1047,1020
12070,1047,3657
5442,1048,4199
5442,1048,5112
8744,1049,4187
8744,1049,610
8744,1049,6879
8744,1049,537
13232,1050,5678
13232,1050,1416
13232,1050,5568
13232,1050,4263
13232,1050,7793
13232,1050,5388
13232,1050,9086
13232,1050,5723
13232,1050,4871
18115,1051,9955
18115,1051,1789
18115,1051,7995
18115,1051,7108
5570,1052,9483
7490,1053,7603
7490,1053,5902
7490,1053,4083
7490,1053,5696
18294,1054,3208
18294,1054,5627
18294,1054,8456
18294,1054,5228
18294,1054,2131
18294,1054,8348
18294,1054,5902
18294,1054,5383
7157,1055,7162
7157,1055,5867
7157,1055,3454
7157,1055,198
7157,1055,710
7157,1055,8498
7157,1055,6174
7157,1055,8913
7157,1055,7745
19751,1056,848
19751,1056,6370
19751,1056,6918
19751,1056,9808
19751,1056,7124
19751,1056,4676
19751,1056,8214
19751,1056,4552
10522,1057,9178
10522,1057,1318
10522,1057,7422
10522,1057,2231
10522,1057,8938
10522,1057,6154
10522,1057,6127
6089,1058,5891
6089,1058,2791
6089,1058,581
6089,1058,8696
6089,1058,9417
6089,1058,394
19142,1059,7662
19142,1059,4964
19142,1059,3864
19142,1059,1120
19142,1059,3685
19142,1059,2541
6017,1060,600
6017,1060,6747
6017,1060,9316
6017,1060,6314
6017,1060,2834
6017,1060,4768
7192,1061,9846
7192,1061,3830
7192,1061,2182
7192,1061,3727
12535,1062,9276
12535,1062,8666
12535,1062,9396
17422,1063,7443
17422,1063,4076
17422,1063,1106
17422,1063,5806
17422,1063,4292
17422,1063,2706
17422,1063,9361
6176,1064,9355
6176,1064,7750
6176,1064,7404
6176,1064,8506
6176,1064,1829
5367,1065,6372
5367,1065,5162
5367,1065,1359
11299,1066,3771
11299,1066,9495
11299,1066,9066
11299,1066,2106
11299,1066,6568
7941,1067,769
7941,1067,5118
7941,1067,783
7941,1067,9231
7941,1067,3053
7941,1067,4631
13064,1068,1139
13064,1068,7954
14040,1069,5441
14040,1069,2631
14040,1069,1420
4377,1070,8467
4377,1070,5212
4377,1070,4937
19135,1071,6099
19135,1071,9422
19135,1071,6568
19135,1071,7871
19135,1071,4395
19135,1071,14
19135,1071,6202
15242,1072,9810
16553,1073,5974
16553,1073,7013
16553,1073,835
16553,1073,5508
16553,1073,2426
16553,1073,4170
16553,1073,2304
16553,1073,6231
12489,1074,8890
12489,1074,4616
12489,1074,9230
12489,1074,8984
12489,1074,2701
12489,1074,1515
12489,1074,6581
14830,1075,4348
14830,1075,7172
14830,1075,9634
11729,1076,2109
11729,1076,8345
5920,1077,7385
171,1078,8760
171,1078,3597
171,1078,9727
171,1078,7738
171,1078,2455
4177,1079,7953
4177,1079,4499
4177,1079,3259
9638,1080,5609
9638,1080,2909
9638,1080,3274
4066,1081,7528
4066,1081,9644
4066,1081,4750
4066,1081,175
4066,1081,4187
4066,1081,489
4066,1081,5114
4066,1081,2199
6514,1082,5749
6514,1082,6822
6514,1082,7963
6514,1082,7296
16491,1083,8922
16491,1083,4921
16491,1083,1769
16491,1083,1012
16491,1083,9654
16491,1083,8094
16491,1083,6487
16491,1083,3139
16491,1083,3549
18594,1084,7954
18594,1084,4867
18594,1084,5287
18594,1084,3494
18594,1084,6650
3141,1085,6666
3141,1085,2708
3141,1085,8597
3141,1085,1086
3141,1085,1093
3141,1085,9401
3141,1085,552
11359,1086,8770
11359,1086,7141
1269,1087,3050
18272,1088,6233
18272,1088,5190
18272,1088,4614
18272,1088,9913
18272,1088,499
18272,1088,348
18272,1088,6664
18272,1088,6730
10998,1089,9555
10998,1089,3953
10998,1089,396
5202,1090,1472
5202,1090,8195
5202,1090,7200
5202,1090,2936
6869,1091,4485
6869,1091,3149
6869,1091,1875
6869,1091,6713
6869,1091,2645
6869,1091,7413
6869,1091,5191
6869,1091,3600
19473,1092,2107
19473,1092,8542
2954,1093,4911
2954,1093,1229
2954,1093,5929
15606,1094,5454
15606,1094,3589
15606,1094,2946
15606,1094,676
15606,1094,7246
15606,1094,6282
15606,1094,2966
3014,1095,2984
3014,1095,7353
3014,1095,6951
3014,1095,7290
3014,1095,2958
13324,1096,3011
13324,1096,9003
13324,1096,7589
13324,1096,2502
13324,1096,763
13324,1096,4928
12126,1097,1049
12126,1097,8974
12126,1097,6113
12126,1097,6982
12126,1097,8804
18972,1098,5622
18972,1098,5333
18972,1098,5569
18972,1098,4302
18972,1098,7756
18972,1098,6852
8044,1099,8886
8044,1099,2244
8044,1099,8195
8044,1099,3784
5174,1100,2073
5174,1100,9583
5174,1100,1330
13796,1101,4967
13796,1101,1682
13796,1101,8275
13796,1101,5841
13796,1101,4499
13796,1101,6813
10016,1102,185
10016,1102,8955
10016,1102,9917
10016,1102,7019
10016,1102,8721
10016,1102,4416
4505,1103,7845
12237,1104,3138
12237,1104,2598
12237,1104,1053
12237,1104,4959
12237,1104,1549
12237,1104,3007
12237,1104,444
12237,1104,1530
501,1105,1289
501,1105,9092
501,1105,1271
501,1105,8285
501,1105,3054
501,1105,1175
501,1105,2408
6920,1106,9611
5234,1107,5541
5234,1107,4149
5234,1107,2785
5234,1107,4804
5234,1107,1017
5234,1107,3020
5234,1107,830
7766,1108,74
7766,1108,536
7766,1108,5269
7766,1108,7315
7766,1108,9991
7766,1108,7496
7766,1108,242
8781,1109,4350
8781,1109,388
8781,1109,9698
8781,1109,7654
8781,1109,4712
8781,1109,4411
8968,1110,699
16025,1111,1569
3621,1112,6201
3621,1112,863
3621,1112,3403
3621,1112,5917
3621,1112,4658
18737,1113,3481
18737,1113,2522
18737,1113,7366
18737,1113,590
18737,1113,1233
18737,1113,7422
18737,1113,219
18737,1113,4611
1624,1114,1362
1624,1114,5101
1624,1114,919
1624,1114,850
15328,1115,4486
15328,1115,2008
15328,1115,8326
19116,1116,2359
19116,1116,5111
19116,1116,6290
19116,1116,7781
19116,1116,1949
19116,1116,8525
19116,1116,6421
14541,1117,4934
14541,1117,8541
14541,1117,1681
14541,1117,1271
14541,1117,3145
14541,1117,9564
3843,1118,8891
3843,1118,398
3843,1118,8866
14780,1119,6834
14780,1119,9505
14780,1119,2138
1356,1120,1226
1356,1120,9084
1356,1120,5648
1356,1120,6767
1356,1120,568
1356,1120,5137
1356,1120,6797
1356,1120,6129
1356,1120,7882
14555,1121,3481
14555,1121,709
14555,1121,8119
14555,1121,6296
14555,1121,7184
14555,1121,7104
14555,1121,1891
14555,1121,4914
14555,1121,5588
1449,1122,6259
1449,1122,9752
1449,1122,3010
1449,1122,1418
9797,1123,517
9797,1123,1504
9797,1123,961
9797,1123,4334
12447,1124,4881
12447,1124,5348
12447,1124,7125
12447,1124,6265
12447,1124,1355
12447,1124,7524
12447,1124,8820
12447,1124,1550
12447,1124,3840
8712,1125,1169
8712,1125,5096
8712,1125,426
8712,1125,1725
8712,1125,9917
8712,1125,7641
9531,1126,8149
9531,1126,1059
9531,1126,1269
9531,1126,4614
9531,1126,1387
12585,1127,2702
12585,1127,8999
12585,1127,9478
12585,1127,7847
12585,1127,664
12585,1127,7808
13172,1128,1629
13172,1128,5482
13172,1128,6890
13172,1128,2566
13172,1128,9568
13172,1128,9956
13172,1128,245
13172,1128,1439
875,1129,9862
875,1129,7422
875,1129,6353
875,1129,8829
875,1129,1815
875,1129,7956
6874,1130,187
19508,1131,4556
19508,1131,4228
1938,1132,7188
1938,1132,5173
1938,1132,6818
1938,1132,9838
1938,1132,904
1938,1132,7544
1316,1133,663
1316,1133,9921
5138,1134,5463
5138,1134,2786
5138,1134,8830
5138,1134,7885
5138,1134,5510
5138,1134,626
5138,1134,4582
10970,1135,4344
10970,1135,6174
10970,1135,8433
10970,1135,9121
10970,1135,9006
5279,1136,501
5279,1136,7687
5279,1136,149
5279,1136,5347
5279,1136,8629
5279,1136,7986
11916,1137,1474
11916,1137,5758
11916,1137,9678
11916,1137,4484
11916,1137,2545
11916,1137,154
11916,1137,6129
11916,1137,9851
15075,1138,3109
15075,1138,5039
15075,1138,7279
15075,1138,4947
15075,1138,8982
15075,1138,2263
15075,1138,6680
15075,1138,8103
15075,1138,2212
9511,1139,8222
9511,1139,3609
9511,1139,8833
9511,1139,5610
9511,1139,2222
14521,1140,285
14521,1140,7089
14521,1140,9044
14521,1140,9722
15648,1141,411
15648,1141,4338
15648,1141,2544
15648,1141,8690
15648,1141,632
15648,1141,8994
15648,1141,2315
15648,1141,4960
15648,1141,8475
17518,1142,8025
17518,1142,8226
17518,1142,5582
17518,1142,5570
17518,1142,5180
17518,1142,4898
17518,1142,2465
17518,1142,2077
5417,1143,8950
5417,1143,3802
5417,1143,9403
2377,1144,63
16577,1145,3886
16577,1145,3243
16577,1145,8354
16577,1145,8583
16577,1145,5582
16577,1145,1973
1300,1146,1641
1300,1146,6227
1300,1146,7840
17750,1147,7935
17750,1147,582
17750,1147,1268
9019,1148,2650
9019,1148,6285
9019,1148,2775
9019,1148,7406
9019,1148,8907
1095,1149,1591
1095,1149,236
1095,1149,1447
1095,1149,6115
1095,1149,1612
5758,1150,7389
5758,1150,6700
5970,1151,1243
5970,1151,5728
5970,1151,4842
5970,1151,697
5970,1151,8873
5970,1151,2145
5970,1151,6108
5970,1151,5033
5970,1151,2972
14184,1152,8325
10050,1153,8010
10050,1153,1175
13805,1154,1089
13805,1154,5305
13805,1154,2384
13805,1154,9069
13805,1154,1040
13805,1154,713
19262,1155,9713
8981,1156,6080
8981,1156,9345
8981,1156,1715
8981,1156,4157
10492,1157,5207
10492,1157,8719
19517,1158,3770
19517,1158,2431
19517,1158,9391
13139,1159,697
13139,1159,1218
13139,1159,9967
13139,1159,275
13139,1159,4047
13139,1159,9369
13139,1159,7511
13139,1159,8855
1883,1160,3741
1883,1160,6351
1883,1160,4631
1883,1160,8314
1883,1160,2310
1883,1160,7687
1883,1160,7659
15251,1161,1749
15251,1161,9563
15251,1161,1142
19993,1162,938
19993,1162,1773
19993,1162,9045
19993,1162,850
19993,1162,3863
12344,1163,9178
4450,1164,5547
10219,1165,2182
10219,1165,8055
10219,1165,2496
10219,1165,4771
10219,1165,3670
10219,1165,2391
10219,1165,7491
10219,1165,3683
15583,1166,9559
15583,1166,3828
18750,1167,4485
18750,1167,5598
18750,1167,303
18750,1167,2149
18750,1167,2644
18750,1167,7067
18750,1167,735
16451,1168,8323
16451,1168,2306
16451,1168,9738
16451,1168,8302
16451,1168,816
1815,1169,3259
1815,1169,4091
1815,1169,5713
1815,1169,6359
1815,1169,3158
1815,1169,4669
1815,1169,2882
17184,1170,6727
12930,1171,31
12930,1171,6379
12930,1171,5908
12930,1171,395
12930,1171,4903
12930,1171,2727
12930,1171,724
7763,1172,7775
7763,1172,9139
7763,1172,3983
7763,1172,333
18972,1173,6941
18972,1173,660
18972,1173,175
18972,1173,6162
18972,1173,5733
18972,1173,5055
11557,1174,9660
14868,1175,7326
14868,1175,2579
14868,1175,136
14868,1175,7144
8170,1176,7404
7131,1177,4630
7131,1177,1131
7131,1177,6092
11502,1178,3185
11502,1178,4667
14491,1179,1299
14491,1179,1039
14491,1179,9397
14491,1179,1382
16641,1180,992
16641,1180,5814
16641,1180,1304
16641,1180,795
16641,1180,7655
1679,1181,1350
1679,1181,1413
1679,1181,1013
1679,1181,4831
8455,1182,1028
8455,1182,3423
8455,1182,3347
8455,1182,6390
8455,1182,6536
14661,1183,6851
14661,1183,9559
14661,1183,9621
14661,1183,7823
14661,1183,426
14661,1183,3744
14661,1183,888
14661,1183,9484
1023,1184,1906
1023,1184,404
1023,1184,8844
1023,1184,5988
1023,1184,4270
1023,1184,8627
16369,1185,9093
16369,1185,8046
16369,1185,8319
16369,1185,4774
16369,1185,9253
16369,1185,7698
16369,1185,4768
13347,1186,4969
13347,1186,5153
13347,1186,2472
13347,1186,2896
13347,1186,543
13347,1186,9283
13347,1186,7301
13347,1186,1687
11,1187,9212
11,1187,6923
11,1187,8208
12033,1188,4230
12033,1188,7229
12033,1188,4288
12033,1188,8805
12033,1188,799
161,1189,8455
161,1189,118
161,1189,3242
161,1189,9012
161,1189,3640
3695,1190,7864
4187,1191,1475
4187,1191,1901
5398,1192,2780
5398,1192,3034
5398,1192,4413
5398,1192,7580
5398,1192,404
5398,1192,107
5398,1192,2526
5398,1192,5891
7510,1193,5848
7510,1193,6947
7510,1193,9064
7510,1193,7602
7510,1193,1547
8651,1194,5559
8651,1194,4300
9407,1195,8748
9276,1196,8393
9276,1196,4568
9276,1196,4001
9276,1196,1563
9276,1196,362
9276,1196,2918
9276,1196,6392
9276,1196,6234
9276,1196,2181
12961,1197,1184
12961,1197,8658
12961,1197,6917
12961,1197,4569
12961,1197,8524
12961,1197,7867
12961,1197,7202
12961,1197,4606
9934,1198,6875
9934,1198,8881
9934,1198,9115
9934,1198,4900
9934,1198,7541
9934,1198,4807
9934,1198,4491
9934,1198,8655
6447,1199,6184
6771,1200,2150
6771,1200,3355
6771,1200,3241
6771,1200,4398
6771,1200,3337
6771,1200,3182
6771,1200,239
6771,1200,8066
5112,1201,3963
5112,1201,1325
5112,1201,1368
5112,1201,3288
5112,1201,894
5112,1201,3539
5112,1201,9142
5112,1201,3120
15035,1202,1030
2536,1203,6313
2536,1203,9314
2536,1203,5954
2536,1203,5498
2536,1203,7968
2536,1203,4787
2536,1203,2016
11109,1204,2447
11109,1204,6527
11109,1204,9359
11109,1204,26
17436,1205,5476
17436,1205,4973
17436,1205,2790
17436,1205,8065
17436,1205,8204
17436,1205,5153
17436,1205,7287
4582,1206,6436
4582,1206,9233
4582,1206,4738
4582,1206,3993
4582,1206,8981
4582,1206,3481
4582,1206,9825
9594,1207,5723
9594,1207,9683
9670,1208,2004
9670,1208,7420
9670,1208,2978
9670,1208,9896
9670,1208,6819
1622,1209,3517
1622,1209,420
1622,1209,1833
1622,1209,8138
1622,1209,420
1622,1209,7388
1622,1209,7787
1622,1209,4937
1622,1209,359
15558,1210,1635
15558,1210,5477
15558,1210,6196
11184,1211,8468
11184,1211,6121
11184,1211,5506
11851,1212,6027
11851,1212,8495
11851,1212,609
1797,1213,4165
1797,1213,1133
1797,1213,6720
1797,1213,5921
1797,1213,2920
1797,1213,8763
1797,1213,8464
1797,1213,1688
1797,1213,9142
14521,1214,3166
14521,1214,6885
14521,1214,8178
14521,1214,4673
14521,1214,4358
14521,1214,3076
19592,1215,5779
19592,1215,6382
19592,1215,7126
19592,1215,9426
17134,1216,5827
17134,1216,4629
17134,1216,6533
17134,1216,2768
17134,1216,6302
17134,1216,9519
17134,1216,6277
17134,1216,6150
17935,1217,4706
17935,1217,2711
17935,1217,382
17935,1217,645
17935,1217,704
17935,1217,7904
17935,1217,4232
17935,1217,5523
16580,1218,5730
4012,1219,6762
4012,1219,6122
4012,1219,8146
4012,1219,1454
4012,1219,2659
4012,1219,2994
4012,1219,1030
17867,1220,1466
17867,1220,5321
17867,1220,4039
17867,1220,5858
17867,1220,5787
6746,1221,3350
6746,1221,4452
6746,1221,967
6746,1221,2353
6746,1221,7739
6746,1221,6929
6746,1221,9042
6746,1221,7703
18336,1222,4679
18336,1222,7927
18336,1222,8822
18336,1222,7400
18336,1222,7085
18336,1222,9130
18336,1222,1557
5048,1223,6150
5048,1223,9627
5048,1223,5993
5048,1223,332
4285,1224,9275
4285,1224,2006
4285,1224,8077
10953,1225,6894
10953,1225,8433
10953,1225,4132
10953,1225,975
10953,1225,4644
10953,1225,840
10953,1225,201
10953,1225,2939
1749,1226,3826
1749,1226,928
1749,1226,9149
1749,1226,6659
16161,1227,8631
16161,1227,9825
1598,1228,7923
1598,1228,5769
17415,1229,9582
17415,1229,7961
17415,1229,3277
17415,1229,9239
17415,1229,7893
4746,1230,3747
7142,1231,4370
7142,1231,5394
7142,1231,8964
7142,1231,415
18139,1232,398
18139,1232,2857
18139,1232,4433
18139,1232,6099
18139,1232,7992
18139,1232,4698
18139,1232,9135
18139,1232,4576
18139,1232,2015
12770,1233,8677
12770,1233,6625
12770,1233,3668
12770,1233,8162
12770,1233,5943
17599,1234,894
17599,1234,3555
16505,1235,6697
16505,1235,2226
16505,1235,5375
16505,1235,5096
16505,1235,7758
16505,1235,7723
2781,1236,2643
18880,1237,670
18880,1237,148
14130,1238,3117
14130,1238,1680
14130,1238,7885
14130,1238,7638
14130,1238,4121
14130,1238,6754
19237,1239,644
457,1240,2045
457,1240,9597
457,1240,211
5376,1241,1862
5376,1241,7715
5376,1241,9975
8192,1242,5940
8192,1242,9098
8192,1242,1176
8192,1242,5051
8192,1242,9971
8192,1242,1730
8192,1242,6354
8192,1242,4207
8192,1242,6319
15120,1243,481
15120,1243,860
7173,1244,3067
7173,1244,175
7173,1244,9665
7173,1244,1906
7173,1244,9995
7173,1244,5084
7173,1244,3891
7173,1244,3051
7173,1244,8002
14510,1245,8369
14510,1245,950
14510,1245,7865
14510,1245,2815
14510,1245,9505
14510,1245,2907
14510,1245,8045
19902,1246,1827
11435,1247,3815
11435,1247,5168
11435,1247,9064
11435,1247,2774
11435,1247,9505
11435,1247,6661
18952,1248,5357
18952,1248,2760
18952,1248,5264
5101,1249,4921
5101,1249,896
5101,1249,3359
5101,1249,536
5101,1249,86
5719,1250,6583
318,1251,3240
318,1251,9974
318,1251,1926
318,1251,9787
318,1251,7788
318,1251,457
318,1251,2158
11034,1252,4043
11034,1252,1570
17201,1253,2293
17201,1253,5749
17201,1253,9571
17201,1253,3985
17201,1253,4986
17201,1253,4782
5139,1254,5277
5139,1254,2998
18120,1255,5208
8431,1256,9805
11108,1257,4542
11108,1257,1949
11108,1257,6498
15373,1258,9332
15373,1258,5198
15373,1258,1287
15373,1258,1388
13191,1259,811
13191,1259,9628
13191,1259,212
13191,1259,6169
13191,1259,4865
13191,1259,7402
13191,1259,238
13191,1259,3545
13191,1259,1585
1832,1260,3245
1832,1260,5648
1832,1260,8675
1832,1260,1228
4076,1261,2654
4076,1261,150
4076,1261,4987
4076,1261,9533
4076,1261,1828
4076,1261,6287
4076,1261,4307
5028,1262,5919
5028,1262,4343
5028,1262,6664
5028,1262,544
5028,1262,1911
5028,1262,9929
5164,1263,1405
5164,1263,1457
5164,1263,5418
5164,1263,707
5164,1263,8657
5164,1263,9575
16723,1264,393
16723,1264,5012
16723,1264,9868
16723,1264,4947
9751,1265,7458
17723,1266,9798
17723,1266,1637
17723,1266,9845
17723,1266,5518
17723,1266,7165
17723,1266,7781
17723,1266,6492
17723,1266,6523
12780,1267,8168
19634,1268,9510
19634,1268,1368
19634,1268,6920
17113,1269,8850
12028,1270,5687
12028,1270,5589
12028,1270,8228
12028,1270,8599
12028,1270,991
12028,1270,6505
12028,1270,6583
12184,1271,8325
12184,1271,1082
12184,1271,2220
12184,1271,8915
12184,1271,9941
12184,1271,7084
12184,1271,5965
12184,1271,6899
12184,1271,4978
7152,1272,342
7152,1272,9402
7152,1272,5092
7152,1272,3017
2682,1273,38
2682,1273,1698
2682,1273,8787
2682,1273,7502
2682,1273,1812
2682,1273,8640
2682,1273,5020
2682,1273,3835
2682,1273,7193
15070,1274,4459
14951,1275,8816
14951,1275,4909
14951,1275,1304
14951,1275,7806
14951,1275,8243
14951,1275,5961
9200,1276,8217
9200,1276,1182
9200,1276,6845
9200,1276,2945
14806,1277,4878
7388,1278,2548
706,1279,5660
706,1279,5952
706,1279,7887
706,1279,8227
706,1279,7313
706,1279,1513
8913,1280,1860
8913,1280,3600
8913,1280,8767
8913,1280,431
5956,1281,3331
5956,1281,4346
5956,1281,2546
5956,1281,3425
5956,1281,5012
5956,1281,6535
5956,1281,1060
5956,1281,6481
17285,1282,5063
17285,1282,1099
17285,1282,9162
17285,1282,8528
921,1283,9720
921,1283,6829
921,1283,3044
921,1283,2697
921,1283,1904
921,1283,379
921,1283,7278
921,1283,5362
2363,1284,601
19526,1285,9717
19526,1285,3380
19526,1285,9115
11885,1286,6195
11885,1286,1963
11885,1286,7292
11885,1286,1061
12844,1287,7604
12844,1287,5264
12844,1287,3731
12844,1287,7967
12844,1287,2575
11909,1288,9054
8836,1289,2479
8836,1289,1125
8836,1289,4877
8153,1290,8777
8153,1290,7180
8153,1290,4414
8153,1290,3696
8153,1290,1410
8153,1290,64
8153,1290,2225
8153,1290,4077
1819,1291,3937
1819,1291,5637
1819,1291,7947
4573,1292,976
4573,1292,2062
4573,1292,7407
4573,1292,9065
4573,1292,8856
4573,1292,7373
19195,1293,876
19195,1293,8647
19195,1293,413
19195,1293,4748
19195,1293,7643
19195,1293,6562
19195,1293,4980
11911,1294,4110
11911,1294,9277
11911,1294,3026
795,1295,9995
795,1295,5046
795,1295,9146
795,1295,7442
795,1295,6275
795,1295,5607
795,1295,4883
19726,1296,5818
19726,1296,2347
19726,1296,9760
19726,1296,3102
19726,1296,9756
19726,1296,3182
19726,1296,4060
19726,1296,8642
19726,1296,4046
2976,1297,3678
2976,1297,2988
2976,1297,5120
2976,1297,8423
2976,1297,1338
2976,1297,6275
2976,1297,4168
2976,1297,5307
2976,1297,8819
4000,1298,5176
4000,1298,7183
4000,1298,8298
4000,1298,710
4000,1298,9051
4000,1298,8594
4000,1298,2947
4000,1298,3832
10337,1299,8852
10337,1299,4461
10337,1299,7045
10337,1299,9220
10337,1299,5280
10337,1299,9141
10337,1299,1599
10337,1299,9677
773,1300,4774
773,1300,7392
773,1300,7845
773,1300,9089
773,1300,6391
10485,1301,9401
10485,1301,6163
10485,1301,2579
3439,1302,8042
3439,1302,1205
13485,1303,874
13485,1303,4453
13485,1303,8310
13485,1303,8714
13485,1303,8238
13485,1303,9943
13485,1303,20
12365,1304,7624
12365,1304,8524
12365,1304,8982
12365,1304,1094
12365,1304,910
12365,1304,6929
12365,1304,9786
8477,1305,7779
8477,1305,704
8477,1305,2370
8477,1305,8726
8477,1305,9990
8477,1305,8572
12391,1306,5716
12391,1306,4846
12391,1306,4794
12391,1306,9862
12391,1306,6361
12391,1306,9524
12391,1306,3887
12391,1306,57
1519,1307,1406
1519,1307,6034
1519,1307,9359
1519,1307,9348
9948,1308,9582
9948,1308,3324
9948,1308,7995
9948,1308,6098
9948,1308,2834
9948,1308,8409
16930,1309,9224
16930,1309,6584
16930,1309,2473
3661,1310,945
3661,1310,6345
11853,1311,303
11853,1311,1045
11853,1311,2929
11853,1311,2021
11853,1311,598
11853,1311,9802
11853,1311,6623
11853,1311,5048
15040,1312,9350
15040,1312,3049
18787,1313,5320
18787,1313,3457
18787,1313,7787
18787,1313,2022
18787,1313,8379
18787,1313,2053
3709,1314,880
3709,1314,7555
3709,1314,526
3709,1314,2214
10524,1315,4656
10524,1315,3081
10524,1315,8016
10524,1315,5597
10524,1315,1039
10524,1315,6517
10524,1315,1660
18771,1316,3734
18771,1316,9357
18771,1316,1838
18771,1316,4665
18771,1316,9757
18771,1316,9313
7936,1317,3943
7936,1317,8185
18447,1318,8641
18447,1318,7632
18447,1318,8203
18447,1318,3386
18447,1318,9357
18447,1318,3225
18447,1318,2625
18447,1318,5245
18447,1318,8972
15075,1319,9185
14738,1320,6592
10466,1321,2268
10466,1321,5076
10466,1321,8120
10466,1321,8396
10466,1321,5627
10466,1321,9232
10466,1321,3401
11416,1322,6745
11416,1322,6420
11416,1322,2294
11416,1322,4854
8489,1323,1267
8489,1323,1755
8489,1323,2038
8489,1323,775
8489,1323,1218
8489,1323,1453
9707,1324,562
9707,1324,6652
9707,1324,9317
3219,1325,495
3219,1325,930
3219,1325,4661
3219,1325,997
3219,1325,8538
3219,1325,6290
3219,1325,3468
9840,1326,9774
9840,1326,5685
9840,1326,998
629,1327,1924
629,1327,6157
629,1327,5997
629,1327,7030
629,1327,9281
629,1327,7073
629,1327,1061
629,1327,7131
629,1327,868
17645,1328,5429
17645,1328,9556
17645,1328,3852
17645,1328,6741
17645,1328,6667
17645,1328,6167
17645,1328,1082
17645,1328,9908
17645,1328,2821
19786,1329,3255
19786,1329,1726
19786,1329,6982
19786,1329,2945
19786,1329,394
19786,1329,4327
19786,1329,4799
3079,1330,204
3079,1330,6633
3079,1330,5767
3079,1330,9397
11070,1331,2734
11070,1331,6873
11070,1331,5856
17601,1332,7173
17601,1332,5976
17601,1332,9169
17601,1332,3511
17601,1332,6930
17601,1332,209
11951,1333,4562
11951,1333,9931
11951,1333,8566
11951,1333,4775
1262,1334,9431
1262,1334,8783
1262,1334,6950
12238,1335,2725
12238,1335,5799
1596,1336,5194
1596,1336,4302
1596,1336,6512
1596,1336,7788
1596,1336,8306
1596,1336,1917
1596,1336,7668
1596,1336,3556
1012,1337,6625
1012,1337,8611
1012,1337,3889
1012,1337,2282
1012,1337,5208
1012,1337,728
10058,1338,7896
10058,1338,2457
8747,1339,5721
8747,1339,2340
8747,1339,7861
8747,1339,197
8747,1339,2630
8747,1339,3834
12231,1340,7306
12231,1340,8824
12231,1340,4531
12231,1340,3136
12231,1340,7661
12231,1340,8628
12231,1340,9966
12231,1340,1775
8228,1341,7661
8228,1341,2126
8228,1341,8360
8228,1341,6809
8228,1341,2075
8228,1341,9999
8228,1341,5086
19233,1342,2043
19233,1342,72
19233,1342,6714
19233,1342,3097
19233,1342,5723
10159,1343,4632
5983,1344,4567
5983,1344,2944
5983,1344,56
5983,1344,3388
5983,1344,7646
5983,1344,5880
5983,1344,7388
8203,1345,2590
8203,1345,6331
8203,1345,6791
8203,1345,5454
12011,1346,3366
12011,1346,8770
12011,1346,3546
12011,1346,4338
12011,1346,226
12011,1346,3492
12011,1346,1671
12011,1346,2057
16091,1347,9757
16091,1347,2761
16091,1347,8662
16091,1347,7970
16091,1347,4220
16091,1347,6246
16091,1347,1364
9819,1348,1843
9819,1348,213
9819,1348,171
9819,1348,6214
9819,1348,3912
9819,1348,272
9819,1348,8765
9819,1348,1208
19738,1349,8022
19738,1349,6927
19738,1349,1544
19738,1349,9282
19738,1349,3199
10084,1350,376
10084,1350,5763
10084,1350,9585
10084,1350,7785
13098,1351,8075
15628,1352,1773
15628,1352,2433
15628,1352,6220
15628,1352,8752
15628,1352,4836
15628,1352,4460
15628,1352,6298
15628,1352,9379
17927,1353,8820
17927,1353,5759
17927,1353,1081
17927,1353,5163
17927,1353,1647
17927,1353,9392
17927,1353,4096
17927,1353,6736
17927,1353,3538
16746,1354,395
16746,1354,9028
16746,1354,6263
16746,1354,8737
15112,1355,6260
15112,1355,9254
15112,1355,1107
15112,1355,7588
15112,1355,4321
2111,1356,6543
2111,1356,4234
2111,1356,5922
2111,1356,8650
2111,1356,4402
2111,1356,5403
10131,1357,487
10131,1357,1594
5402,1358,3200
5402,1358,7645
5402,1358,6017
5402,1358,1382
5402,1358,1372
5402,1358,7007
11314,1359,570
11314,1359,7783
11314,1359,2712
11314,1359,5193
11314,1359,5431
7611,1360,9768
7611,1360,8541
7611,1360,8209
7611,1360,7055
16853,1361,5720
16853,1361,9781
16853,1361,92
16853,1361,5610
16641,1362,1519
16641,1362,5810
16641,1362,5587
16641,1362,8036
16641,1362,7984
16641,1362,2768
16641,1362,1135
16641,1362,5783
16641,1362,8249
7937,1363,1932
7937,1363,2508
12678,1364,5362
2344,1365,6469
2344,1365,3476
2344,1365,6449
2344,1365,645
2344,1365,6065
2344,1365,5835
2344,1365,7415
2344,1365,8282
426,1366,7754
426,1366,9215
426,1366,5532
16131,1367,6187
16131,1367,2700
16131,1367,6670
14629,1368,3742
14629,1368,6282
9125,1369,4775
9125,1369,4022
6472,1370,7813
6472,1370,3759
6472,1370,9964
6472,1370,5777
6472,1370,9607
6472,1370,1812
17086,1371,1109
17086,1371,4659
17086,1371,8323
17086,1371,3031
14104,1372,288
14104,1372,903
14104,1372,8903
14104,1372,1660
14104,1372,4605
8422,1373,9721
8422,1373,1884
8422,1373,3147
8422,1373,960
18563,1374,2379
18563,1374,4961
18563,1374,7728
18563,1374,9771
18563,1374,3348
18563,1374,3290
18563,1374,7539
18563,1374,2445
4656,1375,1972
4656,1375,9025
19969,1376,9266
19969,1376,71
10061,1377,279
7252,1378,8634
7252,1378,451
7252,1378,4695
14207,1379,1396
14207,1379,497
14207,1379,3390
14207,1379,842
14207,1379,3814
13449,1380,7363
13449,1380,3363
13449,1380,9847
13449,1380,9188
19277,1381,2194
19277,1381,8876
543,1382,8952
543,1382,2258
543,1382,6025
543,1382,706
543,1382,2795
543,1382,4269
543,1382,2869
543,1382,6789
11952,1383,5614
11952,1383,7933
11952,1383,3719
11952,1383,4382
11952,1383,7080
11952,1383,898
6310,1384,9226
6310,1384,4080
6310,1384,3178
6310,1384,2178
17932,1385,4942
17932,1385,1222
17932,1385,713
17932,1385,8363
17932,1385,5964
6086,1386,9074
6086,1386,543
6086,1386,8594
6086,1386,1429
6086,1386,1788
6086,1386,1022
6086,1386,653
18830,1387,9373
18830,1387,8427
18830,1387,2441
18830,1387,4516
18830,1387,9533
18830,1387,1447
18830,1387,8394
18830,1387,1475
135,1388,2741
135,1388,1453
135,1388,4455
135,1388,765
135,1388,1520
135,1388,5258
135,1388,6114
17107,1389,6957
17107,1389,6499
17107,1389,6643
17107,1389,8923
17107,1389,3828
5060,1390,3020
14950,1391,4861
14950,1391,8280
14950,1391,7156
14950,1391,3802
14950,1391,2947
19806,1392,8306
14457,1393,1569
14457,1393,1375
14457,1393,8150
14457,1393,5396
14457,1393,1869
14457,1393,8290
14457,1393,6403
14457,1393,6847
1297,1394,4923
1297,1394,3811
1297,1394,5443
1297,1394,125
18329,1395,6389
9078,1396,7377
9078,1396,9204
9078,1396,3671
9078,1396,2235
9078,1396,9165
9078,1396,1167
9078,1396,7104
9078,1396,6174
9078,1396,5292
10832,1397,4580
10832,1397,3287
10832,1397,2060
14265,1398,4074
14265,1398,8549
14265,1398,830
19988,1399,850
19988,1399,5518
19988,1399,1996
19988,1399,8640
19988,1399,6225
19988,1399,7399
19988,1399,2097
19988,1399,1773
19988,1399,7640
7319,1400,8883
7319,1400,3107
7319,1400,9495
7319,1400,9706
7319,1400,798
12630,1401,7124
12630,1401,1577
12630,1401,6933
12630,1401,4152
12630,1401,9659
12630,1401,3186
8947,1402,9835
8947,1402,2079
8947,1402,9551
8947,1402,4310
10214,1403,1422
10214,1403,6154
10214,1403,3605
10214,1403,1892
10214,1403,6704
10214,1403,9567
10214,1403,1967
10214,1403,3661
10214,1403,7225
14119,1404,1
8620,1405,9417
8620,1405,6836
8620,1405,464
8620,1405,9383
8620,1405,719
8620,1405,4606
8620,1405,7317
18566,1406,4453
18566,1406,2065
18566,1406,1206
18566,1406,3602
18566,1406,531
18566,1406,5516
18566,1406,3021
19713,1407,2846
19713,1407,1403
19713,1407,6426
19713,1407,986
19713,1407,179
19713,1407,3025
19713,1407,2217
8562,1408,803
8562,1408,3660
8562,1408,9854
5750,1409,2732
5750,1409,9335
1475,1410,6746
1475,1410,5195
16438,1411,5696
16438,1411,1395
16438,1411,7727
16438,1411,227
16438,1411,3531
16438,1411,561
16438,1411,2955
11373,1412,1263
11373,1412,732
11373,1412,1024
11373,1412,529
11373,1412,4401
11373,1412,4437
11373,1412,2539
11373,1412,3699
11373,1412,6293
13039,1413,6600
13039,1413,8320
13039,1413,8041
13039,1413,5241
13039,1413,8973
13039,1413,2155
13039,1413,6906
13039,1413,7180
13039,1413,9395
7662,1414,3963
7662,1414,9332
7662,1414,5130
7662,1414,6775
7662,1414,5122
6881,1415,2419
6881,1415,1938
6881,1415,4672
6881,1415,1095
6881,1415,7269
6881,1415,9012
6881,1415,9855
6881,1415,494
6881,1415,7271
13204,1416,2063
13204,1416,6636
13204,1416,4861
13204,1416,625
13204,1416,7304
13204,1416,5958
13204,1416,4434
13204,1416,3333
1203,1417,7265
1203,1417,3090
720,1418,6962
720,1418,5776
720,1418,8414
720,1418,6209
720,1418,362
720,1418,1063
720,1418,9877
8621,1419,9839
7282,1420,7298
7282,1420,5864
7282,1420,4524
7282,1420,7896
7282,1420,5006
7282,1420,509
7282,1420,6084
7282,1420,6693
15512,1421,4776
15512,1421,7737
15512,1421,1257
15512,1421,2281
6710,1422,7519
6710,1422,9328
6710,1422,4144
6710,1422,3527
6710,1422,896
6710,1422,2569
6710,1422,753
6710,1422,3425
15071,1423,8553
15071,1423,4219
12999,1424,9854
12999,1424,2769
12999,1424,8173
12999,1424,9414
5880,1425,6975
15454,1426,2029
19516,1427,5223
19516,1427,6514
19516,1427,2822
19516,1427,2518
19516,1427,526
19516,1427,47
19516,1427,7382
13401,1428,6915
13401,1428,6514
13401,1428,7101
18260,1429,8888
18260,1429,9585
18260,1429,8546
2733,1430,4042
2733,1430,177
2733,1430,3741
2733,1430,3549
2733,1430,4258
2345,1431,5281
2345,1431,3556
2345,1431,1554
2345,1431,2886
4941,1432,8569
4941,1432,5809
4941,1432,1815
4941,1432,8128
3736,1433,6623
3736,1433,3435
3736,1433,4979
3736,1433,7605
3736,1433,1182
3736,1433,266
3736,1433,4834
1462,1434,5173
1462,1434,4654
1462,1434,7275
1462,1434,831
1462,1434,8459
1462,1434,7270
1462,1434,2255
11378,1435,4447
11378,1435,7051
11378,1435,6513
11378,1435,8365
11378,1435,468
11378,1435,2078
11378,1435,9272
7849,1436,393
7849,1436,2957
7849,1436,3830
7849,1436,6858
7849,1436,4118
7849,1436,1773
7849,1436,5461
5022,1437,9827
5022,1437,5078
5022,1437,1756
5022,1437,6384
13326,1438,4217
13326,1438,1697
13326,1438,4194
2101,1439,9720
2101,1439,3381
1199,1440,4331
1199,1440,1663
6836,1441,4444
6836,1441,858
6836,1441,3602
6836,1441,4737
17861,1442,9981
17861,1442,1161
17861,1442,5816
17861,1442,4882
17861,1442,5142
17861,1442,6867
17861,1442,91
17861,1442,8879
17861,1442,1947
12782,1443,5786
12782,1443,8030
12782,1443,5306
12258,1444,8563
12258,1444,9134
12258,1444,5625
12258,1444,9796
12258,1444,6588
12258,1444,238
12258,1444,5192
12258,1444,4580
12258,1444,4557
1926,1445,970
1926,1445,9837
1926,1445,7937
1926,1445,2404
1926,1445,8722
1926,1445,8942
1926,1445,5345
1926,1445,1870
1926,1445,5333
11139,1446,4686
11139,1446,4132
11139,1446,6390
11139,1446,205
11139,1446,6976
11139,1446,3681
11139,1446,7449
19705,1447,819
19705,1447,2677
19705,1447,2985
19705,1447,1302
19705,1447,3003
16274,1448,7850
16274,1448,7814
16274,1448,1889
16274,1448,260
16274,1448,9192
16274,1448,5676
16274,1448,5559
16274,1448,6493
14622,1449,3474
14622,1449,3820
14622,1449,4756
14622,1449,7879
14622,1449,4959
14622,1449,7215
14622,1449,2203
14622,1449,7048
14622,1449,3046
4474,1450,8877
4474,1450,406
4474,1450,1841
4474,1450,2681
4474,1450,6276
4474,1450,1732
4474,1450,929
4474,1450,6918
3754,1451,4686
3754,1451,7370
3754,1451,3075
12057,1452,4659
10127,1453,2066
10127,1453,4229
10127,1453,5732
10127,1453,8437
10127,1453,2447
10127,1453,5468
10127,1453,7232
10127,1453,9918
10127,1453,1233
8614,1454,335
8614,1454,2980
8614,1454,1882
17559,1455,8357
17559,1455,463
17800,1456,4255
17800,1456,9221
18276,1457,6425
18276,1457,4005
18276,1457,9746
18276,1457,4481
18276,1457,9333
18276,1457,2800
18276,1457,5141
18276,1457,1511
18276,1457,5050
8498,1458,5895
8498,1458,4553
8498,1458,6615
8498,1458,4254
8498,1458,2716
8498,1458,7072
8498,1458,4806
8498,1458,1061
787,1459,9782
787,1459,4153
787,1459,4286
3745,1460,208
3745,1460,9266
3745,1460,4462
3745,1460,7778
986,1461,7214
986,1461,9788
986,1461,3485
18263,1462,9919
18263,1462,9742
18263,1462,5026
18263,1462,6077
18263,1462,7146
18263,1462,7823
18263,1462,1044
18263,1462,2291
16378,1463,1159
1892,1464,276
1892,1464,7207
1892,1464,1917
1892,1464,7771
1892,1464,1330
1892,1464,4665
1892,1464,1274
1892,1464,3691
9469,1465,3556
5738,1466,9396
5738,1466,805
5738,1466,5437
5738,1466,7665
5738,1466,3027
5738,1466,9768
5738,1466,1240
5738,1466,3594
5738,1466,8504
4389,1467,6929
4389,1467,6447
4389,1467,7721
4389,1467,3353
4389,1467,5006
4389,1467,7853
6578,1468,5931
6578,1468,4192
6578,1468,714
6578,1468,6796
6578,1468,1335
18098,1469,4984
18098,1469,8481
18098,1469,4906
16515,1470,1006
16515,1470,7391
8561,1471,4197
8561,1471,9463
8561,1471,2182
8561,1471,9217
16782,1472,1529
16782,1472,3473
16782,1472,8978
16782,1472,6210
16782,1472,6635
16782,1472,7135
16782,1472,7448
16782,1472,5591
16782,1472,8806
6004,1473,7912
6004,1473,4768
6004,1473,601
6004,1473,5518
6004,1473,5375
6004,1473,714
6004,1473,7055
6004,1473,7224
7718,1474,1499
7718,1474,6904
7718,1474,8897
15885,1475,6451
2436,1476,7543
2436,1476,992
2436,1476,6314
2436,1476,1764
2436,1476,1396
2436,1476,6634
2436,1476,2846
2436,1476,9019
11845,1477,1632
11845,1477,3254
11845,1477,6818
11845,1477,6966
11845,1477,923
16930,1478,1382
16930,1478,4566
16930,1478,9666
12599,1479,9100
12599,1479,9323
12599,1479,7542
12599,1479,827
12599,1479,7432
8498,1480,8292
8498,1480,7197
8498,1480,3173
8498,1480,3022
8498,1480,3477
8498,1480,7700
19665,1481,4811
19665,1481,7767
19665,1481,4056
19665,1481,4891
19665,1481,4481
19665,1481,8963
5497,1482,7457
5497,1482,5025
5497,1482,4853
5497,1482,5184
5497,1482,5633
18360,1483,5328
6190,1484,8403
6190,1484,8390
6190,1484,8873
6190,1484,6881
14717,1485,5032
14717,1485,8186
14717,1485,3377
14717,1485,8214
14717,1485,6253
14717,1485,8189
14717,1485,596
95,1486,3555
95,1486,4705
95,1486,7898
95,1486,9296
95,1486,9022
95,1486,2136
95,1486,6953
95,1486,4660
16073,1487,7046
16073,1487,4951
16073,1487,3729
16073,1487,8750
16073,1487,5595
18297,1488,1092
18297,1488,6661
18297,1488,3050
10370,1489,2353
10370,1489,1876
10370,1489,7706
10370,1489,4672
10370,1489,5144
10370,1489,9985
10370,1489,5169
1526,1490,9912
1526,1490,558
1526,1490,2741
1526,1490,1392
1526,1490,2900
1526,1490,975
1526,1490,7913
19576,1491,171
19576,1491,37
19576,1491,7025
19576,1491,4187
19576,1491,8756
5702,1492,7320
5702,1492,3872
5702,1492,8532
2862,1493,9342
2862,1493,152
2862,1493,4138
2862,1493,2208
2862,1493,286
2862,1493,9623
2862,1493,2266
2043,1494,3872
2043,1494,5329
2043,1494,9161
15384,1495,9123
15384,1495,3927
15384,1495,5250
15384,1495,5386
15384,1495,6961
15384,1495,3695
15384,1495,9838
4206,1496,3125
4206,1496,6520
4206,1496,2063
4206,1496,8188
18881,1497,6543
18881,1497,6411
18881,1497,6503
18881,1497,4548
18881,1497,1046
9479,1498,8056
9479,1498,1421
9479,1498,7368
9479,1498,9396
9479,1498,1541
9479,1498,5737
9479,1498,2683
9479,1498,9169
9479,1498,2296
17411,1499,365
17411,1499,8027
17411,1499,2236
17411,1499,6149
17411,1499,6826
17411,1499,4297
3330,1500,5553
3330,1500,239
3330,1500,4062
3330,1500,8074
3330,1500,4520
3330,1500,8942
3330,1500,9074
3330,1500,295
16643,1501,5829
16643,1501,9074
16643,1501,1201
16643,1501,902
16643,1501,5035
16643,1501,9365
16643,1501,8027
16643,1501,1876
19898,1502,318
19898,1502,1200
19898,1502,9382
19898,1502,8830
19898,1502,9815
19898,1502,3317
19898,1502,6674
15749,1503,8460
15749,1503,2894
15749,1503,1383
15749,1503,7428
15749,1503,3008
15749,1503,3207
15749,1503,6996
15749,1503,2586
15749,1503,2916
3490,1504,1422
3490,1504,5147
3490,1504,2905
3490,1504,5970
3490,1504,2644
3490,1504,9460
3490,1504,2253
3490,1504,6458
3490,1504,4101
14615,1505,832
14615,1505,4823
14615,1505,2345
14615,1505,5492
14615,1505,4014
14615,1505,59
5927,1506,1628
2176,1507,1931
2176,1507,7339
2176,1507,6708
2176,1507,3338
2176,1507,3598
2176,1507,4877
2176,1507,7917
6817,1508,322
6817,1508,6105
6817,1508,9787
6817,1508,6309
6817,1508,3957
6817,1508,2503
6817,1508,9375
13428,1509,3684
13428,1509,3192
13428,1509,7970
13428,1509,5703
13428,1509,5290
13428,1509,9295
13428,1509,5578
13428,1509,8878
17329,1510,79
17329,1510,2972
4694,1511,9061
5489,1512,26
5489,1512,1025
5489,1512,5133
8855,1513,4044
8855,1513,1621
8855,1513,5911
8855,1513,248
8855,1513,6358
8855,1513,8571
8855,1513,5566
8855,1513,6518
8855,1513,3060
8673,1514,3583
8673,1514,3125
8673,1514,6576
8673,1514,3143
8673,1514,7424
8673,1514,2191
8673,1514,6178
12849,1515,9644
12849,1515,2858
12849,1515,8245
12849,1515,9836
12849,1515,5657
12849,1515,5641
12849,1515,4602
15452,1516,5212
15452,1516,6675
17731,1517,6967
17731,1517,870
17731,1517,148
17731,1517,3719
17731,1517,5723
11115,1518,2763
11115,1518,2931
11115,1518,8132
11115,1518,5091
11115,1518,9817
11115,1518,7152
11115,1518,2937
11115,1518,5356
4645,1519,3380
14196,1520,9061
14196,1520,2526
14196,1520,919
14196,1520,1237
14196,1520,2653
14196,1520,1936
14196,1520,5439
5181,1521,8010
15746,1522,8606
15746,1522,443
15746,1522,6397
10916,1523,7787
10916,1523,4634
10916,1523,8596
10916,1523,8392
10916,1523,5029
10916,1523,2282
10916,1523,6422
10916,1523,4054
10916,1523,4122
83,1524,9341
11475,1525,1196
11475,1525,6926
11475,1525,2555
11475,1525,8006
11475,1525,8845
11475,1525,1681
11475,1525,228
13298,1526,1080
6766,1527,4292
6766,1527,6284
6766,1527,3727
9845,1528,3904
9845,1528,1118
9845,1528,1780
9845,1528,8307
9845,1528,3837
9845,1528,7422
9845,1528,5184
9845,1528,1784
9845,1528,515
18328,1529,7154
18328,1529,8990
18328,1529,2228
18328,1529,5803
19413,1530,1616
19413,1530,2263
19413,1530,6172
7187,1531,5501
7187,1531,9902
7187,1531,1100
7187,1531,5180
4666,1532,3213
4666,1532,4095
4666,1532,1271
4406,1533,4915
2173,1534,4680
2173,1534,2353
2173,1534,1486
2173,1534,6197
2173,1534,1800
2173,1534,9364
2173,1534,3709
2173,1534,7755
3699,1535,7126
9404,1536,4541
9404,1536,8548
9404,1536,3969
9404,1536,3297
9404,1536,3409
9404,1536,8576
9404,1536,7368
13463,1537,4836
13463,1537,1612
13463,1537,5262
13463,1537,4253
13463,1537,2207
14405,1538,2457
14405,1538,2106
10806,1539,185
10806,1539,9050
10806,1539,1697
10806,1539,4284
10806,1539,4720
10806,1539,767
10806,1539,3029
10806,1539,3879
10806,1539,8415
11005,1540,7131
11005,1540,1152
11005,1540,2169
11005,1540,4640
11005,1540,6633
11005,1540,6236
11005,1540,2377
11005,1540,5712
861,1541,6761
861,1541,2079
861,1541,6089
861,1541,6726
861,1541,5996
861,1541,8511
19324,1542,6850
19324,1542,2841
19324,1542,1827
19324,1542,9164
19324,1542,7008
19324,1542,864
19324,1542,5305
19324,1542,8345
848,1543,917
848,1543,1707
434,1544,9879
434,1544,3127
434,1544,9404
434,1544,210
434,1544,5044
4103,1545,4345
4103,1545,2939
4103,1545,1617
4103,1545,3114
4103,1545,9927
4103,1545,3752
6389,1546,8395
3043,1547,7489
3043,1547,4016
3043,1547,8038
4569,1548,1836
4569,1548,1618
4569,1548,7072
4569,1548,7774
4569,1548,8761
4569,1548,8631
4569,1548,4720
4569,1548,684
4569,1548,2208
1326,1549,9328
1326,1549,4656
18479,1550,8168
18479,1550,4744
18479,1550,4937
18479,1550,4517
18479,1550,8814
18479,1550,4235
17909,1551,2069
17909,1551,7728
17909,1551,793
17909,1551,8828
6966,1552,2723
6966,1552,1822
6966,1552,8619
6966,1552,676
6966,1552,8381
6966,1552,6266
1001,1553,9455
1001,1553,5111
5677,1554,7418
5677,1554,3604
5677,1554,536
5677,1554,8624
890,1555,7010
890,1555,397
890,1555,16
890,1555,2584
890,1555,7162
890,1555,9932
890,1555,9780
4940,1556,5953
4940,1556,3418
4940,1556,8159
4940,1556,646
4940,1556,7213
4940,1556,7228
8474,1557,9627
8474,1557,2770
8474,1557,4684
8474,1557,9430
8474,1557,6548
8474,1557,9656
15070,1558,2832
15070,1558,7189
15070,1558,8423
15070,1558,7773
15070,1558,6703
15070,1558,6995
15070,1558,9236
17725,1559,1072
17725,1559,1221
15536,1560,2454
15536,1560,5867
15536,1560,9022
15536,1560,7973
15536,1560,9688
15536,1560,4045
15536,1560,2030
15536,1560,2460
3392,1561,558
3392,1561,2971
8383,1562,1960
8383,1562,2652
8383,1562,3231
8383,1562,7918
11782,1563,2286
11782,1563,4364
11782,1563,3255
11782,1563,3339
11782,1563,8519
11782,1563,8097
11782,1563,7122
5529,1564,7084
5529,1564,4677
5529,1564,1632
19098,1565,5440
19098,1565,2372
19098,1565,1129
19098,1565,2040
19098,1565,3559
4154,1566,1154
4154,1566,9964
4154,1566,804
4154,1566,4696
4154,1566,2441
4154,1566,7623
4154,1566,7279
4154,1566,3621
4154,1566,1343
7429,1567,450
7429,1567,1572
7429,1567,4202
7429,1567,6085
7429,1567,1268
7429,1567,3160
7429,1567,9097
7584,1568,3164
7584,1568,2967
7584,1568,5348
7584,1568,7879
7584,1568,5648
7584,1568,405
7584,1568,1125
7584,1568,1257
7584,1568,4862
1892,1569,8184
1892,1569,7565
1892,1569,7701
1892,1569,1072
1892,1569,2913
1892,1569,9024
8742,1570,1061
8742,1570,6494
8742,1570,547
3606,1571,7261
3606,1571,8126
3606,1571,1715
3606,1571,1577
3606,1571,3589
3606,1571,3298
3606,1571,8828
15702,1572,2222
15702,1572,6129
15702,1572,2671
15702,1572,4748
14134,1573,4247
4745,1574,8682
4745,1574,6927
4745,1574,973
4745,1574,6932
4745,1574,6435
4745,1574,7651
4745,1574,9400
11056,1575,8150
11056,1575,8968
11056,1575,4969
11056,1575,8942
11056,1575,6268
11056,1575,1588
538,1576,2540
538,1576,9674
538,1576,8855
538,1576,5298
538,1576,4632
538,1576,6377
538,1576,225
538,1576,3463
538,1576,7432
4801,1577,1616
4801,1577,580
4801,1577,9073
4801,1577,3472
4801,1577,2552
4801,1577,6210
10128,1578,1569
15890,1579,7475
15890,1579,4075
15890,1579,6570
15890,1579,7307
15890,1579,6541
15890,1579,5673
9489,1580,1899
9489,1580,1608
9489,1580,4999
9489,1580,3173
9489,1580,7868
9489,1580,6296
13945,1581,1112
15362,1582,668
15362,1582,1296
15362,1582,7616
15675,1583,611
15675,1583,1093
15675,1583,7713
11159,1584,8923
11159,1584,2210
11159,1584,1850
11159,1584,1083
11159,1584,1002
3339,1585,8010
18189,1586,2079
18189,1586,3647
18189,1586,7205
12292,1587,1384
12292,1587,8128
12292,1587,3826
12292,1587,6914
12292,1587,6894
12292,1587,9945
10952,1588,8623
10952,1588,6689
10952,1588,3798
10952,1588,1201
10952,1588,1937
10952,1588,8804
10952,1588,4551
11868,1589,9527
11868,1589,3915
11868,1589,337
11868,1589,4355
7877,1590,1533
7877,1590,4533
7877,1590,3985
7877,1590,6987
17847,1591,8294
17847,1591,320
17847,1591,4075
17847,1591,8041
17847,1591,7351
15373,1592,7967
15373,1592,8333
15373,1592,3511
15373,1592,8102
4172,1593,7271
4172,1593,3996
4172,1593,6725
4172,1593,9001
4172,1593,6393
8866,1594,6388
8866,1594,4003
8866,1594,1111
8866,1594,8902
8866,1594,5694
8866,1594,9308
14786,1595,2465
14786,1595,8977
14786,1595,4012
14786,1595,8750
14786,1595,2746
14786,1595,6089
14786,1595,9575
11924,1596,5111
11924,1596,4002
19389,1597,3490
19389,1597,6733
19389,1597,3710
19389,1597,2521
19389,1597,5658
19389,1597,8388
19389,1597,9546
19389,1597,9549
19389,1597,2846
1747,1598,2905
1747,1598,8467
1747,1598,4208
1747,1598,6601
1747,1598,7840
1747,1598,7513
1747,1598,9460
1747,1598,3770
18855,1599,3835
18855,1599,3430
18855,1599,3693
4180,1600,9967
4180,1600,7786
4180,1600,6959
4180,1600,6933
4180,1600,2626
4180,1600,3649
4180,1600,9345
6229,1601,2542
6229,1601,7565
6229,1601,1660
6229,1601,9759
6229,1601,7268
8831,1602,4469
8831,1602,5843
8831,1602,9633
8831,1602,4986
8831,1602,7548
8831,1602,2395
8831,1602,1743
13662,1603,432
13662,1603,8924
13662,1603,7581
9696,1604,9264
9696,1604,2295
9696,1604,8440
9696,1604,5159
9696,1604,913
16922,1605,5353
16922,1605,6479
16922,1605,7353
15568,1606,9876
15568,1606,5513
15568,1606,4517
15568,1606,2205
15568,1606,7260
15568,1606,7512
15568,1606,2636
7097,1607,2009
7097,1607,6825
7097,1607,2114
7097,1607,2721
1256,1608,7459
5943,1609,9431
5943,1609,8859
5943,1609,1146
5943,1609,2390
5943,1609,9040
3707,1610,3446
3707,1610,6700
3707,1610,388
3707,1610,5025
3707,1610,48
3707,1610,85
3707,1610,9400
3707,1610,477
3707,1610,5726
9169,1611,955
9169,1611,5418
5494,1612,2085
5494,1612,2493
5494,1612,853
5494,1612,8204
5494,1612,2072
4314,1613,2804
4314,1613,1395
4314,1613,6141
4314,1613,3114
4314,1613,3521
4314,1613,1725
4314,1613,4063
11822,1614,1204
11822,1614,2553
11822,1614,7652
11822,1614,7934
12173,1615,3638
12173,1615,998
12173,1615,3213
12173,1615,6916
12173,1615,9876
3199,1616,8471
3199,1616,368
3199,1616,4827
3199,1616,5522
3199,1616,3629
3125,1617,7649
3125,1617,1906
3125,1617,9462
3125,1617,6317
3125,1617,41
3125,1617,9001
3125,1617,3668
6083,1618,4099
6083,1618,736
6083,1618,5791
6083,1618,6305
6083,1618,9431
6083,1618,981
6083,1618,1582
6083,1618,7106
6083,1618,9915
12463,1619,9464
12463,1619,6346
12463,1619,7637
12463,1619,6173
12463,1619,7847
12463,1619,5707
2995,1620,917
2995,1620,9941
2995,1620,6597
2995,1620,526
2995,1620,5010
2799,1621,7830
2799,1621,7755
2799,1621,9266
2799,1621,2036
2799,1621,6879
2799,1621,5711
2799,1621,8463
2799,1621,4083
2799,1621,409
700,1622,1872
700,1622,7870
700,1622,7862
700,1622,8281
12220,1623,285
12220,1623,798
12220,1623,5372
12220,1623,2201
12220,1623,262
8689,1624,9344
8689,1624,6748
8689,1624,5702
8689,1624,3661
8689,1624,5502
8689,1624,1712
18728,1625,4771
18728,1625,6656
18728,1625,2496
18728,1625,3245
18728,1625,3110
18728,1625,5360
18728,1625,7850
14386,1626,3432
14386,1626,865
14386,1626,132
3686,1627,1207
3686,1627,1391
3686,1627,215
3686,1627,1546
3686,1627,74
6366,1628,2283
6366,1628,2089
6366,1628,3337
13537,1629,3860
4947,1630,7142
4947,1630,7442
4947,1630,8665
4947,1630,6578
4947,1630,366
4947,1630,5000
4947,1630,9834
4232,1631,9896
4232,1631,5571
4232,1631,9544
6807,1632,5877
6807,1632,5467
6807,1632,8883
6807,1632,1550
6807,1632,564
6807,1632,7757
6807,1632,4779
6807,1632,8700
18469,1633,1858
18469,1633,8265
18469,1633,6543
18469,1633,2505
18469,1633,1212
14177,1634,107
3313,1635,9784
3313,1635,5283
3313,1635,358
3313,1635,9174
11802,1636,2524
11802,1636,2502
11802,1636,7970
11802,1636,6417
11802,1636,2226
11282,1637,7938
11282,1637,8032
11282,1637,859
11282,1637,5383
11282,1637,2377
11282,1637,123
6678,1638,8413
6678,1638,4205
6678,1638,9039
6678,1638,5921
16294,1639,3788
16294,1639,4000
16294,1639,6507
16294,1639,9507
16294,1639,9847
16294,1639,3506
16294,1639,628
5550,1640,6819
5550,1640,1195
467,1641,5689
467,1641,362
8298,1642,5874
8298,1642,8208
8298,1642,6850
8298,1642,268
8298,1642,277
8298,1642,3984
1901,1643,6331
5250,1644,4840
5250,1644,9262
5250,1644,5364
5250,1644,9351
5250,1644,7614
11643,1645,3875
11643,1645,5031
11643,1645,1768
11643,1645,8199
11643,1645,9964
12589,1646,8920
12589,1646,2147
12589,1646,9018
12589,1646,8961
12589,1646,2846
12589,1646,2723
12589,1646,3536
8281,1647,5013
13560,1648,2218
13560,1648,5974
13560,1648,5526
8889,1649,8204
8889,1649,9138
8889,1649,5935
8889,1649,5476
8889,1649,2442
8889,1649,9206
8889,1649,3152
16328,1650,4944
16328,1650,5689
16328,1650,3183
17416,1651,3153
2711,1652,8520
2711,1652,9737
2711,1652,6251
2711,1652,3007
2711,1652,901
2711,1652,9886
2711,1652,4323
18533,1653,6428
18533,1653,312
18533,1653,412
18533,1653,2621
18533,1653,7984
18533,1653,4919
18533,1653,8992
18533,1653,7236
6972,1654,8942
17654,1655,3397
3835,1656,3621
3835,1656,8349
3835,1656,1388
3835,1656,7596
3835,1656,2207
3835,1656,9014
12499,1657,9736
12499,1657,3827
12499,1657,2640
12499,1657,7504
1800,1658,2818
1800,1658,8151
12998,1659,7468
12998,1659,6235
12998,1659,579
12998,1659,872
12998,1659,1498
12998,1659,9917
12998,1659,1629
8536,1660,8493
8536,1660,8313
8536,1660,7051
8536,1660,9233
8536,1660,7568
8536,1660,1700
8536,1660,1574
15616,1661,3057
15616,1661,3212
15616,1661,510
15616,1661,5788
15616,1661,6872
15616,1661,6406
15616,1661,3110
2846,1662,2553
2846,1662,8808
2846,1662,6105
2846,1662,8157
8518,1663,940
8518,1663,8230
8518,1663,3097
8518,1663,7280
8518,1663,877
8518,1663,4581
8518,1663,5191
8518,1663,2180
8685,1664,5738
8685,1664,1786
19885,1665,4201
19885,1665,2863
19885,1665,3546
19885,1665,9292
13141,1666,721
11824,1667,7659
6026,1668,7175
3689,1669,6190
3689,1669,6614
319,1670,6802
319,1670,5505
319,1670,684
319,1670,2433
319,1670,2138
319,1670,8844
319,1670,7138
319,1670,2809
319,1670,3606
11393,1671,7306
11393,1671,876
11393,1671,7069
11393,1671,4079
11393,1671,9452
11393,1671,7188
15743,1672,6545
15743,1672,5867
15743,1672,3115
15743,1672,8745
15743,1672,8716
15743,1672,5907
15468,1673,5751
15468,1673,9272
15468,1673,2552
15468,1673,33
15468,1673,4230
14871,1674,3074
14871,1674,1460
14871,1674,7025
14871,1674,1944
14871,1674,497
14871,1674,8119
14871,1674,5446
14871,1674,4137
19776,1675,2708
5480,1676,9960
5480,1676,5802
5480,1676,8295
5480,1676,6688
5480,1676,7816
5480,1676,4327
5480,1676,9481
5480,1676,419
11727,1677,2467
11727,1677,5251
11727,1677,6068
11727,1677,2295
11727,1677,698
1315,1678,5709
1315,1678,3249
1315,1678,3690
1315,1678,6108
11176,1679,3187
11176,1679,7105
19143,1680,677
19143,1680,2635
19143,1680,8501
19143,1680,8459
19143,1680,3990
19396,1681,2094
19396,1681,5758
19396,1681,9743
19396,1681,3789
19396,1681,7823
9854,1682,4498
9854,1682,753
9854,1682,4451
9854,1682,8145
9854,1682,6720
9854,1682,24
2937,1683,6162
2937,1683,468
2937,1683,701
2937,1683,8501
2937,1683,2792
2937,1683,1464
2937,1683,1250
2937,1683,5514
12533,1684,9654
12533,1684,8944
12533,1684,5670
12533,1684,7082
12533,1684,435
12533,1684,5114
11163,1685,5791
17166,1686,8023
17166,1686,2028
17166,1686,337
17166,1686,9803
17166,1686,9562
17166,1686,324
11985,1687,2366
11985,1687,398
11985,1687,4502
6036,1688,35
6036,1688,7435
6036,1688,2887
6036,1688,7963
6036,1688,8993
6036,1688,8483
6036,1688,9557
6036,1688,8250
8158,1689,6989
8158,1689,1925
8158,1689,5716
8158,1689,7772
17688,1690,5092
17688,1690,2853
17688,1690,518
17688,1690,2892
17688,1690,9115
17688,1690,8304
17688,1690,9418
17688,1690,8550
17688,1690,633
15243,1691,5008
15243,1691,8337
15563,1692,7261
15563,1692,9838
15563,1692,4693
15563,1692,928
15563,1692,9865
16336,1693,4722
16336,1693,4343
16336,1693,1683
16336,1693,2975
16336,1693,6238
16336,1693,2713
16336,1693,763
16336,1693,2357
19233,1694,9729
19233,1694,4830
19233,1694,1377
19233,1694,700
19233,1694,2862
15167,1695,2937
15167,1695,7380
15167,1695,2696
10817,1696,5270
10817,1696,7044
10817,1696,165
10817,1696,4382
10817,1696,9937
2625,1697,1647
2625,1697,662
14669,1698,5690
14669,1698,3199
14669,1698,4408
14669,1698,3794
14669,1698,1751
14669,1698,3149
14669,1698,8970
6704,1699,2564
6704,1699,6186
6704,1699,5008
6704,1699,3236
6704,1699,8190
3199,1700,2389
3199,1700,7078
3199,1700,5165
3199,1700,9396
3199,1700,9934
3199,1700,5710
3199,1700,5857
3199,1700,2256
9638,1701,1288
9638,1701,9539
15456,1702,9327
15456,1702,5194
15456,1702,5052
15456,1702,8512
15456,1702,3143
15456,1702,7132
5683,1703,3488
5683,1703,5371
5683,1703,9055
5683,1703,713
5683,1703,6020
5683,1703,4865
13947,1704,3954
13947,1704,9021
13947,1704,3482
13947,1704,9223
13947,1704,5439
13947,1704,9701
13947,1704,9196
5366,1705,1691
5366,1705,5757
5366,1705,5313
5366,1705,2654
5366,1705,1294
5366,1705,7151
5366,1705,7939
13918,1706,4492
13918,1706,8628
16655,1707,8
16655,1707,7564
16655,1707,5578
16655,1707,894
16655,1707,1657
8622,1708,4944
8622,1708,1715
8622,1708,4638
8622,1708,9841
8663,1709,4261
158,1710,8092
158,1710,5126
158,1710,1464
158,1710,5003
158,1710,2225
158,1710,7432
158,1710,2515
158,1710,2141
158,1710,5256
10192,1711,9428
10192,1711,7572
10192,1711,5369
10192,1711,3767
10192,1711,5968
10192,1711,2224
10192,1711,5527
1058,1712,8641
1058,1712,7943
1058,1712,6613
1058,1712,5385
1058,1712,6861
1058,1712,6964
1058,1712,6554
1058,1712,3989
1058,1712,79
7691,1713,5703
7691,1713,7950
7691,1713,5281
7691,1713,1758
7691,1713,4396
7691,1713,6326
7691,1713,1555
13878,1714,6789
13878,1714,7667
13878,1714,8162
13878,1714,7467
13878,1714,1013
13878,1714,2086
13878,1714,5216
13878,1714,1978
13878,1714,9018
1551,1715,1174
1551,1715,4959
1551,1715,8610
6831,1716,5186
6831,1716,9797
6831,1716,5984
6831,1716,1587
6831,1716,5621
6831,1716,7380
18714,1717,6615
11920,1718,1631
11920,1718,5155
11920,1718,7186
7695,1719,8176
7695,1719,2188
7695,1719,8336
7695,1719,1156
7695,1719,7446
7695,1719,4793
7695,1719,7892
7695,1719,9383
1270,1720,3062
1270,1720,5673
1270,1720,2338
1270,1720,3036
1270,1720,6706
1270,1720,4834
14043,1721,796
14043,1721,7676
14043,1721,8731
14043,1721,7147
13059,1722,7165
13059,1722,8148
13059,1722,3694
12062,1723,2024
12062,1723,5788
2343,1724,4890
2343,1724,7503
2343,1724,2917
2343,1724,5033
2343,1724,2856
2343,1724,6593
2343,1724,8575
13443,1725,542
13443,1725,5306
13443,1725,3901
13443,1725,605
13443,1725,4188
13443,1725,860
13443,1725,6177
13443,1725,2742
13443,1725,8314
6694,1726,9641
6694,1726,6753
6694,1726,6070
104,1727,2476
104,1727,2697
104,1727,4243
104,1727,6064
104,1727,2172
16696,1728,2027
16696,1728,4895
16696,1728,4333
16696,1728,4706
16696,1728,2928
16696,1728,2187
16696,1728,3791
16696,1728,9049
16696,1728,2600
10592,1729,8597
10592,1729,4983
10592,1729,886
10592,1729,9116
10592,1729,715
10592,1729,4544
17751,1730,2848
17751,1730,9243
17751,1730,8148
17751,1730,2157
17751,1730,8431
17751,1730,8720
17751,1730,52
17751,1730,7295
4555,1731,3756
4555,1731,5024
19134,1732,8443
19134,1732,539
19134,1732,5454
7201,1733,797
7201,1733,3238
7201,1733,1987
7201,1733,6135
7201,1733,1937
7201,1733,1559
7201,1733,8183
7201,1733,9884
19115,1734,2311
19115,1734,6166
19115,1734,2506
19115,1734,2630
19115,1734,5220
19115,1734,7312
19115,1734,6688
19115,1734,5532
19115,1734,3838
11549,1735,7127
11549,1735,4827
11549,1735,9769
11549,1735,6568
11549,1735,4474
11549,1735,3758
11549,1735,1727
11549,1735,2259
11549,1735,5094
4810,1736,2954
4810,1736,5160
4810,1736,690
4810,1736,2565
4810,1736,2627
4810,1736,5634
10805,1737,7945
10805,1737,2147
10805,1737,7176
18867,1738,6912
18867,1738,5463
18867,1738,4515
19348,1739,2788
10828,1740,2867
10828,1740,225
10828,1740,7434
10828,1740,1466
10828,1740,9871
15672,1741,894
15672,1741,9711
8450,1742,3899
8450,1742,4938
8450,1742,7751
8450,1742,2100
8450,1742,8949
18347,1743,7343
18347,1743,6392
18347,1743,1
18347,1743,5050
18347,1743,1526
18347,1743,3060
18347,1743,2300
14143,1744,7051
14143,1744,6046
14143,1744,2331
14143,1744,16
14143,1744,3111
14143,1744,453
14143,1744,6205
14143,1744,4366
14143,1744,5009
117,1745,6002
117,1745,5203
117,1745,3948
117,1745,5372
4845,1746,7224
4845,1746,4215
4845,1746,9029
4845,1746,6633
4845,1746,331
4845,1746,7277
4570,1747,2343
4570,1747,1839
4570,1747,7000
4570,1747,6645
4570,1747,7705
4570,1747,8162
4570,1747,4439
4570,1747,3798
16024,1748,5338
11337,1749,365
11337,1749,9402
11337,1749,1678
11337,1749,927
11337,1749,88
11337,1749,557
11337,1749,8873
14069,1750,616
14069,1750,4850
14069,1750,7799
6272,1751,8804
6272,1751,9261
17323,1752,406
17323,1752,6652
17323,1752,7446
12637,1753,3353
12637,1753,9162
12637,1753,1247
12637,1753,5914
12637,1753,7762
12637,1753,2181
1969,1754,153
1969,1754,8284
1969,1754,9295
1969,1754,8266
1969,1754,9183
1969,1754,3156
1969,1754,2030
1969,1754,2383
1969,1754,85
2663,1755,376
2663,1755,3482
2663,1755,361
2663,1755,3541
2663,1755,3466
3499,1756,439
19242,1757,6030
19242,1757,8242
19242,1757,3826
19242,1757,9956
19242,1757,9657
19242,1757,8440
19242,1757,8826
19242,1757,2589
19242,1757,5764
18459,1758,979
18459,1758,5982
18459,1758,2965
18459,1758,1038
18459,1758,2059
599,1759,8625
599,1759,4826
6530,1760,5186
6530,1760,8955
6530,1760,7033
6530,1760,179
6530,1760,8669
6530,1760,9117
6530,1760,2574
6530,1760,7092
6530,1760,1461
18568,1761,934
18568,1761,1590
18568,1761,6356
18568,1761,9024
18568,1761,2302
18568,1761,5574
5213,1762,9462
5213,1762,6493
5213,1762,7775
5213,1762,659
5213,1762,2678
6711,1763,9512
6711,1763,1539
6711,1763,8095
6711,1763,3635
11871,1764,7192
11871,1764,743
11871,1764,1821
11871,1764,4775
11871,1764,8783
11871,1764,7380
11871,1764,7416
11871,1764,1561
5927,1765,5300
5927,1765,4025
5927,1765,4329
13784,1766,5029
13784,1766,8325
291,1767,8459
291,1767,9759
291,1767,4200
291,1767,5896
291,1767,8606
291,1767,8724
291,1767,2232
12513,1768,3916
12513,1768,1157
12513,1768,9770
12513,1768,8295
1459,1769,7938
1459,1769,2691
1459,1769,2537
1459,1769,4870
1459,1769,2651
1459,1769,7742
1459,1769,6977
1459,1769,5396
5627,1770,744
1026,1771,8607
1026,1771,6678
1026,1771,8408
1026,1771,3544
1026,1771,2312
1026,1771,7989
1278,1772,2013
1278,1772,2228
1278,1772,4547
11449,1773,8058
13154,1774,7052
10919,1775,6558
9093,1776,5186
14395,1777,4606
14395,1777,4007
14395,1777,1552
14395,1777,5791
14395,1777,8865
2138,1778,9951
2138,1778,8697
2138,1778,4753
2612,1779,2373
2612,1779,5896
2612,1779,2183
13577,1780,1615
13577,1780,7861
13577,1780,4163
13577,1780,4672
13577,1780,7794
15490,1781,1194
15490,1781,7537
15490,1781,2359
9463,1782,427
9463,1782,5770
9463,1782,1294
9463,1782,6923
9463,1782,3326
9463,1782,313
9463,1782,1508
9463,1782,7837
2844,1783,3704
2844,1783,4359
2844,1783,8691
2780,1784,9984
11508,1785,4526
11508,1785,9605
11508,1785,5252
11508,1785,5340
11508,1785,4901
11508,1785,6061
11508,1785,4598
16602,1786,9541
16602,1786,6288
16602,1786,1427
16602,1786,9016
16602,1786,9612
16602,1786,7164
16602,1786,1117
16602,1786,3626
16602,1786,9542
9763,1787,8057
9763,1787,7446
9763,1787,4802
9763,1787,956
9763,1787,2228
17032,1788,6252
17032,1788,9021
17032,1788,2048
17032,1788,9020
17032,1788,7875
17032,1788,3886
17032,1788,1521
14312,1789,8852
7307,1790,9801
7307,1790,4460
7307,1790,911
7307,1790,3596
5233,1791,8801
5233,1791,5912
5233,1791,4690
12421,1792,3367
12421,1792,6741
12421,1792,1894
12421,1792,5871
12421,1792,3712
12421,1792,4455
10730,1793,2527
10730,1793,7869
10730,1793,4690
10730,1793,7597
10730,1793,3344
14867,1794,3821
14867,1794,9104
14867,1794,4081
14867,1794,310
14867,1794,3059
15026,1795,2878
15026,1795,2531
15026,1795,5377
15026,1795,957
15026,1795,7068
15026,1795,668
15026,1795,839
18670,1796,1198
18670,1796,2226
5070,1797,6556
5070,1797,6458
5070,1797,8129
5070,1797,2183
5070,1797,4740
5070,1797,1058
5070,1797,7626
5070,1797,4249
5070,1797,8535
12757,1798,8043
12757,1798,31
12757,1798,897
12757,1798,2803
12757,1798,4861
2635,1799,653
2635,1799,5762
2635,1799,7848
2635,1799,1088
2635,1799,4944
6957,1800,9857
6957,1800,8266
6957,1800,463
2719,1801,7484
8917,1802,9562
8917,1802,8722
8917,1802,6434
8917,1802,2142
8917,1802,2042
8917,1802,2856
8917,1802,564
8917,1802,8931
14393,1803,5493
14393,1803,9944
14393,1803,7454
14393,1803,8777
14393,1803,1886
14393,1803,6215
14393,1803,209
14393,1803,6770
17823,1804,5997
17823,1804,9354
17823,1804,296
17823,1804,6979
10595,1805,1783
18473,1806,7018
18473,1806,8620
18473,1806,7705
18473,1806,8167
18473,1806,5470
18473,1806,3386
18473,1806,3218
18473,1806,6649
18473,1806,5942
5841,1807,8218
5841,1807,7308
5841,1807,9308
5841,1807,9237
5841,1807,7438
5841,1807,9938
15285,1808,2117
15285,1808,7323
15285,1808,9987
15285,1808,4884
15285,1808,3112
15285,1808,3581
15285,1808,3746
3926,1809,1963
3926,1809,5595
3926,1809,4291
3926,1809,7453
3926,1809,9090
3926,1809,1871
3926,1809,4588
3820,1810,2450
3820,1810,954
3820,1810,5198
3820,1810,9528
19659,1811,7440
19659,1811,5390
19659,1811,4067
19659,1811,6065
19659,1811,3909
11558,1812,9766
11558,1812,4954
11558,1812,7778
17462,1813,3265
17462,1813,7766
17462,1813,2322
17462,1813,1518
17462,1813,1538
17462,1813,2794
17462,1813,6588
17462,1813,7124
11159,1814,8623
11159,1814,6603
11159,1814,5295
17842,1815,7745
17842,1815,6436
17842,1815,3115
17842,1815,4180
11436,1816,1323
11436,1816,169
8363,1817,7324
8363,1817,939
8363,1817,6224
8363,1817,8307
8363,1817,5154
5797,1818,8408
5797,1818,6338
5797,1818,5540
5797,1818,8306
5797,1818,6164
5797,1818,5206
5797,1818,8074
4197,1819,4746
4197,1819,1763
4197,1819,5897
4197,1819,8172
4197,1819,1488
4197,1819,3949
4197,1819,6898
4197,1819,190
11460,1820,2809
11460,1820,2877
11460,1820,585
2196,1821,8935
1395,1822,767
1395,1822,7179
1395,1822,6253
1395,1822,1537
1395,1822,3484
1395,1822,6386
8948,1823,8727
18622,1824,409
18686,1825,40
1614,1826,3061
1614,1826,5351
1614,1826,1449
1614,1826,6323
7558,1827,4043
7558,1827,3494
7558,1827,345
7558,1827,2440
7558,1827,7551
7558,1827,96
7558,1827,4043
7558,1827,9010
7558,1827,943
8007,1828,8601
9846,1829,8702
9846,1829,5696
9846,1829,1976
9846,1829,5065
9846,1829,8186
9846,1829,3073
9846,1829,629
9342,1830,5758
9342,1830,9699
9342,1830,8249
9342,1830,1728
9342,1830,9855
9342,1830,1772
9342,1830,7978
9342,1830,9432
2814,1831,3727
2814,1831,5785
2814,1831,6784
2814,1831,9968
2814,1831,1085
2814,1831,5062
2814,1831,7518
2814,1831,7909
19273,1832,859
19273,1832,2157
19273,1832,4861
19273,1832,2509
10741,1833,6418
10741,1833,3521
10741,1833,8558
10741,1833,9620
10741,1833,6760
10741,1833,6484
10741,1833,9442
6509,1834,6921
6509,1834,7045
6509,1834,3723
12463,1835,1602
12463,1835,380
12463,1835,8485
12463,1835,1220
1678,1836,5520
1678,1836,8425
1678,1836,7560
1678,1836,8216
10273,1837,4214
10273,1837,74
10273,1837,6428
10273,1837,8537
10273,1837,6396
10273,1837,6049
10273,1837,2817
10273,1837,1923
17214,1838,1774
17214,1838,8589
17214,1838,1246
17214,1838,921
14791,1839,7592
14791,1839,1030
14791,1839,668
14791,1839,2050
14791,1839,8483
14791,1839,1944
7733,1840,2473
7733,1840,7102
7733,1840,8636
7733,1840,3580
9002,1841,1896
9002,1841,585
9002,1841,3401
9002,1841,3507
11113,1842,3654
11113,1842,963
11113,1842,6941
11113,1842,2495
11113,1842,8325
11113,1842,3661
11113,1842,5285
11113,1842,6840
11113,1842,1741
7273,1843,3124
7273,1843,4410
7273,1843,9348
957,1844,3553
957,1844,4861
957,1844,8683
957,1844,9908
957,1844,6951
957,1844,3967
1612,1845,9896
1612,1845,6185
1612,1845,5017
18851,1846,5016
18851,1846,6879
18851,1846,3967
18851,1846,6485
18851,1846,926
18851,1846,6182
6264,1847,5367
6264,1847,6946
6264,1847,7757
6264,1847,7602
6264,1847,8615
6264,1847,3249
18376,1848,7314
18376,1848,7327
18376,1848,9378
18376,1848,107
18376,1848,8978
18376,1848,1136
18376,1848,9421
9575,1849,167
9575,1849,1076
9575,1849,2442
9575,1849,385
4856,1850,9486
4856,1850,6371
4856,1850,3471
4856,1850,624
4856,1850,6052
4856,1850,9867
4856,1850,752
16084,1851,2277
16084,1851,1969
16084,1851,2008
16084,1851,3043
16799,1852,5824
16799,1852,7170
16799,1852,1118
16799,1852,7943
16799,1852,4218
8169,1853,3371
8169,1853,135
4824,1854,5765
4824,1854,3752
4824,1854,6085
4824,1854,7206
4824,1854,8830
4824,1854,5211
4824,1854,5224
4824,1854,6640
4824,1854,8070
18823,1855,1505
18823,1855,2245
18823,1855,5757
18823,1855,4051
18823,1855,8958
18823,1855,1135
18823,1855,8622
18823,1855,6560
10780,1856,1389
10780,1856,9662
10780,1856,7246
10780,1856,8886
7655,1857,2140
7655,1857,286
7655,1857,4605
7655,1857,5339
7655,1857,4152
7655,1857,6271
7655,1857,3692
7655,1857,8599
14910,1858,1535
14910,1858,7637
14910,1858,2542
14910,1858,3184
14910,1858,350
14910,1858,8331
14910,1858,917
14910,1858,387
14910,1858,2953
14207,1859,9876
14207,1859,8184
14207,1859,7704
14207,1859,5930
14207,1859,6012
7298,1860,172
1043,1861,3011
1043,1861,6834
1043,1861,1792
1043,1861,9122
1043,1861,6890
1043,1861,6229
1043,1861,7207
1043,1861,5239
2335,1862,8631
2335,1862,476
2335,1862,5628
2335,1862,4301
2335,1862,1169
2335,1862,3734
2335,1862,5927
15437,1863,8593
15437,1863,8015
15437,1863,4007
15437,1863,9233
15437,1863,131
15437,1863,413
15437,1863,6875
14700,1864,7998
14700,1864,4458
14700,1864,7872
14700,1864,3345
14700,1864,8758
14700,1864,1517
14700,1864,7618
14700,1864,6353
14700,1864,4930
8325,1865,4210
2168,1866,8434
2168,1866,1133
11179,1867,3780
11179,1867,2862
11179,1867,9861
11179,1867,1648
11179,1867,4487
11179,1867,3111
11179,1867,8359
11179,1867,3579
11179,1867,4948
7645,1868,6013
7645,1868,10
7645,1868,3737
7645,1868,2735
7645,1868,264
7645,1868,8274
7645,1868,9051
1396,1869,8697
1396,1869,1405
9966,1870,2771
9966,1870,1456
9966,1870,28
9966,1870,8948
9966,1870,4614
9966,1870,1238
9966,1870,2017
580,1871,8425
580,1871,3609
580,1871,4119
11046,1872,506
11046,1872,3079
11046,1872,7371
11046,1872,4919
11046,1872,2003
13231,1873,3963
13231,1873,176
13231,1873,8858
13231,1873,735
13231,1873,6932
13231,1873,1318
13231,1873,6649
13231,1873,6573
14157,1874,355
14157,1874,7134
14157,1874,5156
5183,1875,1265
5183,1875,4257
5183,1875,7537
5183,1875,6243
5183,1875,396
5183,1875,2615
18527,1876,5274
11320,1877,3418
11320,1877,3503
11320,1877,4178
11320,1877,1165
11320,1877,8332
11320,1877,9643
11320,1877,3869
11320,1877,5702
12194,1878,7810
12194,1878,7329
12194,1878,8306
12194,1878,8909
12194,1878,8262
12194,1878,4411
12194,1878,1860
12194,1878,252
2831,1879,3844
2831,1879,1474
2831,1879,2789
2831,1879,7823
2831,1879,3273
2831,1879,6304
2831,1879,8616
2831,1879,4680
7176,1880,405
7176,1880,6173
7176,1880,5425
7176,1880,8303
7176,1880,7840
3368,1881,9396
3368,1881,3514
3368,1881,905
3368,1881,8327
3368,1881,7868
3368,1881,840
14145,1882,1567
14145,1882,4478
14145,1882,8804
14145,1882,4164
14145,1882,5882
14145,1882,1376
14145,1882,3687
6165,1883,302
17255,1884,5570
17255,1884,7799
17255,1884,9945
17255,1884,6398
17255,1884,472
18552,1885,6383
18552,1885,5417
18552,1885,7406
18552,1885,9012
5862,1886,7756
5862,1886,1115
5862,1886,7726
11049,1887,9458
11049,1887,4114
11049,1887,3388
8330,1888,824
8330,1888,3345
8330,1888,1298
8330,1888,2720
8330,1888,5286
8330,1888,5971
14170,1889,3769
14170,1889,3533
14170,1889,8090
14170,1889,2398
14170,1889,2919
14170,1889,5568
14170,1889,9950
14170,1889,7710
2108,1890,3409
2108,1890,9321
2108,1890,9531
2108,1890,1736
2108,1890,2376
2108,1890,7822
2708,1891,4344
2708,1891,344
2708,1891,4210
2708,1891,9385
2708,1891,8256
2708,1891,4933
2708,1891,8149
2708,1891,8632
15905,1892,3243
15905,1892,5000
15905,1892,6553
15905,1892,1763
15905,1892,4175
17036,1893,5780
17036,1893,999
17036,1893,4585
17036,1893,2259
17036,1893,2050
1363,1894,8634
1363,1894,4296
1363,1894,4205
1363,1894,7495
1363,1894,2117
1363,1894,7361
1363,1894,7047
1363,1894,4809
1363,1894,7192
16381,1895,7445
16381,1895,7788
16381,1895,8418
16381,1895,176
16381,1895,349
16381,1895,2599
16381,1895,685
16381,1895,3941
12114,1896,2348
12114,1896,7025
12114,1896,7744
12114,1896,7743
12114,1896,2407
19704,1897,9346
19704,1897,8727
19704,1897,306
19704,1897,8330
19704,1897,3721
19704,1897,9708
19704,1897,7193
9256,1898,9110
9256,1898,3220
9256,1898,3431
9256,1898,8283
9256,1898,4457
9256,1898,5689
10069,1899,4556
10069,1899,3272
10069,1899,9095
10069,1899,1899
18181,1900,3719
18181,1900,4434
18181,1900,7473
18181,1900,9682
18181,1900,8616
18181,1900,6741
18181,1900,5947
18181,1900,9035
9840,1901,1110
9840,1901,4904
13603,1902,5892
19220,1903,2438
19220,1903,986
19220,1903,1710
16900,1904,879
16900,1904,7445
16900,1904,6628
16900,1904,361
16900,1904,1941
16900,1904,7942
13894,1905,2023
13894,1905,7567
13894,1905,576
13894,1905,6164
13894,1905,2124
13894,1905,1163
13894,1905,6323
13894,1905,8235
11359,1906,8736
11359,1906,9908
15698,1907,4796
15698,1907,1189
15698,1907,4082
9315,1908,6219
9315,1908,6211
9315,1908,3089
9315,1908,1217
9315,1908,9734
9315,1908,7003
9315,1908,8931
9315,1908,1180
4692,1909,5578
4692,1909,1746
4692,1909,8300
4692,1909,5521
4692,1909,485
13406,1910,4084
13406,1910,7555
13406,1910,9576
13406,1910,2060
13406,1910,2565
7489,1911,6091
7489,1911,3640
7489,1911,7995
7489,1911,8433
7489,1911,1213
7489,1911,6768
7489,1911,8234
7489,1911,8401
4968,1912,7784
4968,1912,5442
4968,1912,7802
4968,1912,834
4968,1912,1751
4968,1912,8850
4968,1912,7175
4968,1912,9508
15882,1913,1895
15882,1913,784
15882,1913,3808
15882,1913,3525
15882,1913,1668
15882,1913,2560
15882,1913,6397
15882,1913,9296
15882,1913,6007
15515,1914,5598
15515,1914,5654
15515,1914,3133
9190,1915,2824
9190,1915,5068
9190,1915,2582
9190,1915,1038
9190,1915,3765
321,1916,4359
321,1916,3125
321,1916,5362
1919,1917,6065
1919,1917,1021
1919,1917,9605
1919,1917,4050
1919,1917,7034
1919,1917,9060
1919,1917,7710
2947,1918,1634
2947,1918,562
2947,1918,2896
2947,1918,4666
2947,1918,7602
2947,1918,9217
2947,1918,3998
10036,1919,8654
10036,1919,6524
10036,1919,7559
10036,1919,5303
18335,1920,6734
18335,1920,4665
18335,1920,4367
18335,1920,983
18335,1920,5818
18335,1920,5537
18335,1920,8064
18335,1920,316
18335,1920,4552
6409,1921,8892
6409,1921,8756
6409,1921,5974
5429,1922,1089
10911,1923,4487
10911,1923,6956
10911,1923,6886
10911,1923,9557
10911,1923,7572
10911,1923,1908
10911,1923,7312
10911,1923,7392
12294,1924,583
12294,1924,4448
11073,1925,992
11073,1925,9613
13135,1926,1586
13135,1926,4837
13135,1926,9165
13135,1926,3377
13135,1926,1799
13135,1926,2679
13135,1926,6915
14993,1927,1888
14993,1927,9277
14993,1927,1924
14993,1927,3651
8802,1928,2037
8802,1928,6306
10941,1929,1947
10941,1929,2989
19807,1930,7400
19807,1930,6007
19807,1930,5216
14280,1931,8676
14280,1931,2091
14280,1931,2547
14280,1931,6467
14280,1931,1002
14280,1931,4323
14280,1931,7533
1043,1932,425
1043,1932,5276
1043,1932,3128
16688,1933,5484
16688,1933,8841
1863,1934,5060
1863,1934,4814
1863,1934,2716
1863,1934,679
1863,1934,5404
1863,1934,770
2388,1935,9018
2388,1935,279
2388,1935,6366
2388,1935,7279
2388,1935,8962
2388,1935,6007
2388,1935,7051
2388,1935,8339
2388,1935,4348
14125,1936,7311
14125,1936,9561
14125,1936,3990
14125,1936,9273
14125,1936,2278
14125,1936,6905
14125,1936,4419
14125,1936,9401
16725,1937,740
16725,1937,8068
4830,1938,9477
4830,1938,3996
4830,1938,2208
4830,1938,4867
4830,1938,6838
18231,1939,1672
18231,1939,5254
744,1940,1496
744,1940,1231
744,1940,9253
744,1940,1979
744,1940,3355
744,1940,5999
16414,1941,4404
16414,1941,7247
16414,1941,6859
17061,1942,9603
17061,1942,7094
17061,1942,1433
17061,1942,9211
17061,1942,8153
17061,1942,871
17061,1942,9946
11889,1943,4151
11889,1943,2936
11889,1943,225
11889,1943,8039
11889,1943,9858
11889,1943,5614
11889,1943,6228
11889,1943,1452
11889,1943,4253
6928,1944,1927
3745,1945,7817
3745,1945,1608
9087,1946,4726
9087,1946,2009
9087,1946,8067
9087,1946,965
9087,1946,2838
14182,1947,555
14182,1947,9591
14182,1947,7266
14182,1947,4354
14182,1947,1565
14182,1947,128
14182,1947,4138
14182,1947,7716
14182,1947,9754
3525,1948,9385
3525,1948,5580
6390,1949,2722
6390,1949,6553
6390,1949,2349
6390,1949,2096
6390,1949,1726
6390,1949,8871
6016,1950,7667
6016,1950,6989
6016,1950,8198
6016,1950,2172
6016,1950,2000
4809,1951,8109
4809,1951,8984
4809,1951,5979
4809,1951,8479
4809,1951,8034
4809,1951,1735
4809,1951,2058
4809,1951,9912
4809,1951,3115
207,1952,4115
207,1952,953
207,1952,8387
207,1952,8519
13255,1953,1289
13255,1953,189
13255,1953,7051
13255,1953,9971
13255,1953,5127
13255,1953,7353
13255,1953,767
13255,1953,2618
2164,1954,1718
2164,1954,800
2164,1954,1020
2164,1954,9437
2164,1954,5946
14468,1955,7000
14468,1955,8161
14468,1955,7248
14468,1955,8999
14468,1955,8326
14468,1955,5067
14468,1955,5706
14468,1955,2025
14468,1955,323
2244,1956,440
2244,1956,7193
2244,1956,5719
2244,1956,3619
2244,1956,6880
2244,1956,5593
5682,1957,7441
5682,1957,6352
5682,1957,7595
5682,1957,8146
5682,1957,7075
5682,1957,3361
14414,1958,490
12415,1959,3338
17861,1960,1772
17861,1960,4829
17861,1960,9688
17861,1960,1721
17861,1960,3238
17861,1960,6900
17861,1960,8333
17861,1960,2666
2641,1961,7167
2641,1961,4164
2641,1961,4399
2641,1961,9624
2641,1961,6432
2641,1961,3292
2641,1961,7367
2641,1961,7416
18271,1962,9001
18271,1962,2850
18271,1962,1494
17921,1963,6917
17921,1963,7571
17921,1963,3958
7161,1964,7912
7161,1964,3215
7161,1964,8433
7161,1964,2332
7161,1964,9765
17531,1965,6099
17531,1965,8635
17531,1965,8355
10541,1966,6350
10541,1966,4098
2236,1967,1430
2236,1967,199
2236,1967,3785
2236,1967,7595
2236,1967,9196
14192,1968,6490
14192,1968,9766
14192,1968,5089
14192,1968,114
14192,1968,6454
14192,1968,7990
14192,1968,1394
14192,1968,1669
6197,1969,2960
1109,1970,8419
1109,1970,8940
10858,1971,272
10858,1971,6642
10858,1971,8671
13320,1972,1659
13320,1972,9577
13320,1972,8413
13320,1972,1697
13320,1972,2341
13320,1972,1927
13320,1972,6189
13320,1972,8304
1711,1973,3173
1711,1973,2880
1711,1973,1214
1711,1973,2909
1711,1973,8210
1711,1973,6305
1711,1973,1870
1711,1973,1447
6286,1974,7488
6286,1974,6453
6286,1974,3928
7352,1975,2445
7352,1975,188
7352,1975,8600
7352,1975,6874
7352,1975,9465
7352,1975,8063
7352,1975,4951
7352,1975,1650
7352,1975,215
3739,1976,5452
3739,1976,704
3739,1976,5094
3739,1976,3055
3739,1976,8867
3739,1976,9491
3739,1976,824
15394,1977,2780
15394,1977,5689
15394,1977,7593
15394,1977,4128
15394,1977,8934
15394,1977,9676
15394,1977,695
15394,1977,3156
15394,1977,4506
15120,1978,3059
15120,1978,8826
15120,1978,6536
15120,1978,1579
15120,1978,9200
15120,1978,3795
15120,1978,2090
15120,1978,2226
15120,1978,9194
17740,1979,3997
17005,1980,6062
17005,1980,2654
17005,1980,2782
18636,1981,5452
18636,1981,8940
18636,1981,4848
18636,1981,633
18636,1981,7247
14263,1982,7712
14263,1982,9341
9443,1983,9058
9443,1983,6376
9443,1983,6705
9443,1983,1157
9443,1983,3959
9443,1983,7424
9443,1983,5853
12970,1984,6311
12970,1984,8306
12033,1985,5706
12033,1985,3844
12033,1985,6148
12033,1985,3504
12033,1985,4740
12033,1985,1901
12033,1985,7673
12033,1985,2504
12033,1985,8759
5372,1986,3860
5372,1986,4284
5372,1986,6159
5372,1986,8182
5372,1986,3189
5372,1986,2748
5372,1986,2165
11337,1987,5877
11337,1987,570
11337,1987,9179
11337,1987,8645
11337,1987,1431
12544,1988,7424
12544,1988,6648
12544,1988,1071
12544,1988,7438
12544,1988,8716
1762,1989,6549
1762,1989,5900
12938,1990,9543
12938,1990,932
12938,1990,631
6703,1991,356
6703,1991,8250
6703,1991,7513
6703,1991,5686
6703,1991,5872
9903,1992,5449
9903,1992,6083
9903,1992,572
9903,1992,2259
6380,1993,4744
6380,1993,657
6380,1993,2998
6380,1993,3464
6380,1993,2439
6380,1993,6934
6380,1993,7205
8628,1994,7972
8628,1994,7409
8628,1994,2470
9456,1995,7918
9456,1995,92
9456,1995,7512
1018,1996,1756
1018,1996,7881
1018,1996,2324
1018,1996,1495
1018,1996,9400
1018,1996,732
1018,1996,2457
9851,1997,9654
9851,1997,322
9851,1997,3397
9851,1997,232
9851,1997,1162
9851,1997,1418
9851,1997,577
16915,1998,3543
16915,1998,6871
16915,1998,2609
16915,1998,313
16915,1998,5743
16915,1998,9991
16915,1998,9274
16915,1998,6081
16915,1998,7214
14892,1999,1119
14892,1999,4092
2426,2000,658
2426,2000,196
2426,2000,6638
2426,2000,5130
2426,2000,7869
2426,2000,8688
2426,2000,2737
