6001,2013/07/04,16984,67.99,5.61,73.60
6002,2013/07/14,5465,262.95,21.69,284.64
6003,2013/07/20,5650,365.80,30.18,395.98
6004,2013/07/08,3023,378.63,31.24,409.87
6005,2013/07/01,9521,208.61,17.21,225.82
6006,2013/07/15,8131,190.72,15.73,206.45
6007,2013/07/20,7675,238.46,19.67,258.13
6008,2013/07/08,19226,370.03,30.53,400.56
6009,2013/07/24,3743,225.23,18.58,243.81
6010,2013/07/06,4152,332.86,27.46,360.32
6011,2013/07/25,11755,267.96,22.11,290.07
6012,2013/07/20,7606,166.74,13.76,180.50
6013,2013/07/14,5012,76.31,6.30,82.61
6014,2013/07/20,15150,197.57,16.30,213.87
6015,2013/07/03,10217,168.26,13.88,182.14
6016,2013/07/01,19445,298.94,24.66,323.60
6017,2013/07/06,40,55.13,4.55,59.68
6018,2013/07/17,731,107.09,8.83,115.92
6019,2013/07/14,14704,290.82,23.99,314.81
6020,2013/07/08,17249,324.30,26.75,351.05
6021,2013/07/19,17307,9.46,0.78,10.24
6022,2013/07/20,16642,257.43,21.24,278.67
6023,2013/07/12,1856,154.53,12.75,167.28
6024,2013/07/09,5974,5.05,0.42,5.47
6025,2013/07/02,17528,78.22,6.45,84.67
6026,2013/07/06,13128,252.93,20.87,273.80
6027,2013/07/31,91,293.24,24.19,317.43
6028,2013/07/15,13972,270.40,22.31,292.71
6029,2013/07/16,5087,124.37,10.26,134.63
6030,2013/07/21,19978,252.06,20.79,272.85
6031,2013/07/27,2521,159.89,13.19,173.08
6032,2013/07/07,10514,322.90,26.64,349.54
6033,2013/07/30,12113,319.52,26.36,345.88
6034,2013/07/26,12387,3.91,0.32,4.23
6035,2013/07/02,6658,20.66,1.70,22.36
6036,2013/07/25,15008,119.19,9.83,129.02
6037,2013/07/05,4726,286.65,23.65,310.30
6038,2013/07/17,16132,393.77,32.49,426.26
6039,2013/07/07,14340,133.29,11.00,144.29
6040,2013/07/10,441,358.69,29.59,388.28
6041,2013/07/03,1319,162.31,13.39,175.70
6042,2013/07/27,18096,8.95,0.74,9.69
6043,2013/07/19,17190,31.13,2.57,33.70
6044,2013/07/16,19784,236.14,19.48,255.62
6045,2013/07/17,3288,30.63,2.53,33.16
6046,2013/07/15,15016,80.97,6.68,87.65
6047,2013/07/07,19354,120.37,9.93,130.30
6048,2013/07/03,9699,79.14,6.53,85.67
6049,2013/07/12,14177,27.11,2.24,29.35
6050,2013/07/10,17053,164.34,13.56,177.90
6051,2013/07/20,4452,251.31,20.73,272.04
6052,2013/07/12,14533,396.22,32.69,428.91
6053,2013/07/24,7026,270.93,22.35,293.28
6054,2013/07/26,4956,253.94,20.95,274.89
6055,2013/07/24,17383,29.72,2.45,32.17
6056,2013/07/25,11354,173.18,14.29,187.47
6057,2013/07/21,5741,196.99,16.25,213.24
6058,2013/07/21,19581,333.14,27.48,360.62
6059,2013/07/27,15051,156.14,12.88,169.02
6060,2013/07/31,18524,272.65,22.49,295.14
6061,2013/07/04,19795,237.83,19.62,257.45
6062,2013/07/03,19956,260.51,21.49,282.00
6063,2013/07/14,16921,366.87,30.27,397.14
6064,2013/07/22,3287,6.03,0.50,6.53
6065,2013/07/28,6230,151.80,12.52,164.32
6066,2013/07/20,3359,304.09,25.09,329.18
6067,2013/07/15,9720,68.57,5.66,74.23
6068,2013/07/02,16039,71.28,5.88,77.16
6069,2013/07/28,14671,54.22,4.47,58.69
6070,2013/07/30,3329,289.25,23.86,313.11
6071,2013/07/27,16333,53.56,4.42,57.98
6072,2013/07/28,5071,310.76,25.64,336.40
6073,2013/07/05,2027,371.45,30.64,402.09
6074,2013/07/17,8271,45.55,3.76,49.31
6075,2013/07/14,6707,307.22,25.35,332.57
6076,2013/07/25,6247,342.27,28.24,370.51
6077,2013/07/09,6249,358.06,29.54,387.60
6078,2013/07/10,4280,17.45,1.44,18.89
6079,2013/07/05,3583,85.74,7.07,92.81
6080,2013/07/24,4894,176.20,14.54,190.74
6081,2013/07/27,2823,184.23,15.20,199.43
6082,2013/07/09,12948,144.16,11.89,156.05
6083,2013/07/12,1321,303.80,25.06,328.86
6084,2013/07/18,18571,174.57,14.40,188.97
6085,2013/07/16,14530,183.55,15.14,198.69
6086,2013/07/24,10246,146.23,12.06,158.29
6087,2013/07/20,225,57.66,4.76,62.42
6088,2013/07/26,3299,208.89,17.23,226.12
6089,2013/07/04,16584,9.22,0.76,9.98
6090,2013/07/26,17584,287.07,23.68,310.75
6091,2013/07/03,17969,175.07,14.44,189.51
6092,2013/07/19,2456,175.43,14.47,189.90
6093,2013/07/11,14964,360.12,29.71,389.83
6094,2013/07/26,6462,286.18,23.61,309.79
6095,2013/07/01,3784,34.03,2.81,36.84
6096,2013/07/04,665,9.26,0.76,10.02
6097,2013/07/11,4128,329.95,27.22,357.17
6098,2013/07/02,4134,239.51,19.76,259.27
6099,2013/07/26,13544,262.33,21.64,283.97
6100,2013/07/24,16682,134.12,11.06,145.18
6101,2013/07/14,6879,17.58,1.45,19.03
6102,2013/07/31,14160,171.00,14.11,185.11
6103,2013/07/18,372,46.28,3.82,50.10
6104,2013/07/13,18127,210.80,17.39,228.19
6105,2013/07/19,8100,336.48,27.76,364.24
6106,2013/07/26,3135,28.48,2.35,30.83
6107,2013/07/30,18611,396.31,32.70,429.01
6108,2013/07/08,10558,160.06,13.20,173.26
6109,2013/07/09,12180,289.56,23.89,313.45
6110,2013/07/03,11192,312.64,25.79,338.43
6111,2013/07/16,8816,34.70,2.86,37.56
6112,2013/07/23,11897,251.31,20.73,272.04
6113,2013/07/05,3413,118.07,9.74,127.81
6114,2013/07/01,12793,268.09,22.12,290.21
6115,2013/07/17,4857,197.80,16.32,214.12
6116,2013/07/25,9573,59.06,4.87,63.93
6117,2013/07/29,13377,45.86,3.78,49.64
6118,2013/07/02,1646,110.58,9.12,119.70
6119,2013/07/02,4444,124.16,10.24,134.40
6120,2013/07/25,3446,137.13,11.31,148.44
6121,2013/07/12,7312,11.87,0.98,12.85
6122,2013/07/10,2367,94.86,7.83,102.69
6123,2013/07/22,2678,25.59,2.11,27.70
6124,2013/07/14,13443,326.43,26.93,353.36
6125,2013/07/08,12719,257.60,21.25,278.85
6126,2013/07/20,15660,89.54,7.39,96.93
6127,2013/07/11,13301,184.22,15.20,199.42
6128,2013/07/05,4570,242.76,20.03,262.79
6129,2013/07/10,7668,160.78,13.26,174.04
6130,2013/07/31,18567,273.14,22.53,295.67
6131,2013/07/12,14398,248.05,20.46,268.51
6132,2013/07/27,1483,8.29,0.68,8.97
6133,2013/07/08,13278,152.94,12.62,165.56
6134,2013/07/27,1870,308.51,25.45,333.96
6135,2013/07/27,13897,279.83,23.09,302.92
6136,2013/07/02,16684,16.44,1.36,17.80
6137,2013/07/26,15321,1.20,0.10,1.30
6138,2013/07/14,14808,258.92,21.36,280.28
6139,2013/07/28,1853,266.26,21.97,288.23
6140,2013/07/30,5374,393.40,32.46,425.86
6141,2013/07/30,13179,76.08,6.28,82.36
6142,2013/07/28,11196,277.29,22.88,300.17
6143,2013/07/19,5483,59.36,4.90,64.26
6144,2013/07/29,9081,291.30,24.03,315.33
6145,2013/07/30,8011,238.14,19.65,257.79
6146,2013/07/11,17597,298.76,24.65,323.41
6147,2013/07/18,10170,98.78,8.15,106.93
6148,2013/07/23,17916,79.47,6.56,86.03
6149,2013/07/01,5140,155.83,12.86,168.69
6150,2013/07/26,16694,128.56,10.61,139.17
6151,2013/07/01,16906,258.79,21.35,280.14
6152,2013/07/08,11551,186.96,15.42,202.38
6153,2013/07/10,6991,206.95,17.07,224.02
6154,2013/07/06,17263,241.42,19.92,261.34
6155,2013/07/20,2492,1.83,0.15,1.98
6156,2013/07/13,5255,155.60,12.84,168.44
6157,2013/07/29,9161,229.57,18.94,248.51
6158,2013/07/30,12243,73.69,6.08,79.77
6159,2013/07/22,3997,349.64,28.85,378.49
6160,2013/07/13,8808,263.25,21.72,284.97
6161,2013/07/03,1002,91.65,7.56,99.21
6162,2013/07/13,17700,172.41,14.22,186.63
6163,2013/07/22,14656,243.74,20.11,263.85
6164,2013/07/03,15856,11.98,0.99,12.97
6165,2013/07/03,15651,162.45,13.40,175.85
6166,2013/07/29,19348,233.88,19.30,253.18
6167,2013/07/17,17245,143.84,11.87,155.71
6168,2013/07/10,4977,99.38,8.20,107.58
6169,2013/07/29,13292,261.61,21.58,283.19
6170,2013/07/27,18514,55.41,4.57,59.98
6171,2013/07/30,11692,34.92,2.88,37.80
6172,2013/07/03,16857,317.98,26.23,344.21
6173,2013/07/28,1546,248.44,20.50,268.94
6174,2013/07/19,724,38.43,3.17,41.60
6175,2013/07/06,1293,103.99,8.58,112.57
6176,2013/07/02,3138,290.88,24.00,314.88
6177,2013/07/21,18399,388.24,32.03,420.27
6178,2013/07/18,2587,278.93,23.01,301.94
6179,2013/07/04,3124,213.86,17.64,231.50
6180,2013/07/17,8912,362.70,29.92,392.62
6181,2013/07/04,3928,194.41,16.04,210.45
6182,2013/07/29,10315,20.26,1.67,21.93
6183,2013/07/30,17252,285.83,23.58,309.41
6184,2013/07/04,17125,31.50,2.60,34.10
6185,2013/07/20,18024,163.85,13.52,177.37
6186,2013/07/08,19695,390.87,32.25,423.12
6187,2013/07/28,17059,80.24,6.62,86.86
6188,2013/07/31,14379,286.68,23.65,310.33
6189,2013/07/18,1659,197.68,16.31,213.99
6190,2013/07/28,19427,293.64,24.23,317.87
6191,2013/07/15,18397,117.76,9.72,127.48
6192,2013/07/14,445,240.40,19.83,260.23
6193,2013/07/25,7275,349.88,28.87,378.75
6194,2013/07/01,1124,274.71,22.66,297.37
6195,2013/07/02,8915,303.51,25.04,328.55
6196,2013/07/12,3177,116.10,9.58,125.68
6197,2013/07/14,4352,252.92,20.87,273.79
6198,2013/07/26,8313,126.18,10.41,136.59
6199,2013/07/16,1726,63.72,5.26,68.98
6200,2013/07/27,13328,29.01,2.39,31.40
6201,2013/07/05,14305,113.78,9.39,123.17
6202,2013/07/03,10664,358.56,29.58,388.14
6203,2013/07/08,7306,305.59,25.21,330.80
6204,2013/07/17,4316,15.50,1.28,16.78
6205,2013/07/21,15685,129.70,10.70,140.40
6206,2013/07/22,70,344.83,28.45,373.28
6207,2013/07/11,18380,228.57,18.86,247.43
6208,2013/07/13,11960,74.96,6.18,81.14
6209,2013/07/20,19741,256.12,21.13,277.25
6210,2013/07/09,16066,166.83,13.76,180.59
6211,2013/07/22,12357,218.41,18.02,236.43
6212,2013/07/02,10114,31.43,2.59,34.02
6213,2013/07/22,4855,60.76,5.01,65.77
6214,2013/07/23,673,198.54,16.38,214.92
6215,2013/07/18,14636,48.09,3.97,52.06
6216,2013/07/22,4155,203.93,16.82,220.75
6217,2013/07/31,18284,335.61,27.69,363.30
6218,2013/07/17,445,48.03,3.96,51.99
6219,2013/07/26,12407,18.35,1.51,19.86
6220,2013/07/26,7515,18.89,1.56,20.45
6221,2013/07/04,9374,377.42,31.14,408.56
6222,2013/07/16,6908,262.75,21.68,284.43
6223,2013/07/24,15563,32.41,2.67,35.08
6224,2013/07/08,8474,303.53,25.04,328.57
6225,2013/07/07,4329,102.33,8.44,110.77
6226,2013/07/17,4573,159.50,13.16,172.66
6227,2013/07/15,9616,371.88,30.68,402.56
6228,2013/07/07,6847,137.63,11.35,148.98
6229,2013/07/31,4816,7.89,0.65,8.54
6230,2013/07/15,3090,101.12,8.34,109.46
6231,2013/07/03,18137,300.33,24.78,325.11
6232,2013/07/30,15844,362.53,29.91,392.44
6233,2013/07/19,14930,73.43,6.06,79.49
6234,2013/07/22,18539,95.65,7.89,103.54
6235,2013/07/18,155,161.94,13.36,175.30
6236,2013/07/01,17975,369.07,30.45,399.52
6237,2013/07/09,11148,28.09,2.32,30.41
6238,2013/07/16,19584,84.72,6.99,91.71
6239,2013/07/06,7,341.44,28.17,369.61
6240,2013/07/22,19583,43.63,3.60,47.23
6241,2013/07/16,3031,390.36,32.20,422.56
6242,2013/07/16,10398,171.66,14.16,185.82
6243,2013/07/02,15835,129.38,10.67,140.05
6244,2013/07/14,16592,156.75,12.93,169.68
6245,2013/07/17,14344,44.92,3.71,48.63
6246,2013/07/13,11904,237.35,19.58,256.93
6247,2013/07/31,11678,103.17,8.51,111.68
6248,2013/07/04,16960,66.61,5.50,72.11
6249,2013/07/15,4710,7.58,0.63,8.21
6250,2013/07/12,5698,299.06,24.67,323.73
6251,2013/07/29,1394,187.77,15.49,203.26
6252,2013/07/20,6138,287.00,23.68,310.68
6253,2013/07/07,17897,386.98,31.93,418.91
6254,2013/07/05,18523,185.93,15.34,201.27
6255,2013/07/07,10012,343.12,28.31,371.43
6256,2013/07/17,6939,73.37,6.05,79.42
6257,2013/07/27,14413,9.73,0.80,10.53
6258,2013/07/19,10899,244.32,20.16,264.48
6259,2013/07/18,9509,44.67,3.69,48.36
6260,2013/07/28,4064,130.88,10.80,141.68
6261,2013/07/19,15789,369.08,30.45,399.53
6262,2013/07/29,11114,33.77,2.79,36.56
6263,2013/07/01,4496,164.09,13.54,177.63
6264,2013/07/19,12483,113.23,9.34,122.57
6265,2013/07/06,10154,304.27,25.10,329.37
6266,2013/07/11,4291,78.34,6.46,84.80
6267,2013/07/21,4499,189.82,15.66,205.48
6268,2013/07/15,10100,185.56,15.31,200.87
6269,2013/07/29,9451,194.47,16.04,210.51
6270,2013/07/30,14916,59.76,4.93,64.69
6271,2013/07/26,9016,54.18,4.47,58.65
6272,2013/07/05,3848,385.65,31.82,417.47
6273,2013/07/20,18438,166.23,13.71,179.94
6274,2013/07/26,11524,118.20,9.75,127.95
6275,2013/07/13,7665,323.95,26.73,350.68
6276,2013/07/30,7677,71.16,5.87,77.03
6277,2013/07/10,4142,395.53,32.63,428.16
6278,2013/07/18,11103,312.11,25.75,337.86
6279,2013/07/15,7365,221.56,18.28,239.84
6280,2013/07/12,4728,41.60,3.43,45.03
6281,2013/07/10,11995,139.05,11.47,150.52
6282,2013/07/27,2644,116.97,9.65,126.62
6283,2013/07/20,14848,30.79,2.54,33.33
6284,2013/07/15,15506,12.16,1.00,13.16
6285,2013/07/13,17438,331.08,27.31,358.39
6286,2013/07/06,8475,0.89,0.07,0.96
6287,2013/07/09,16242,169.99,14.02,184.01
6288,2013/07/21,1492,399.67,32.97,432.64
6289,2013/07/18,15832,318.32,26.26,344.58
6290,2013/07/19,3071,69.52,5.74,75.26
6291,2013/07/14,4110,366.94,30.27,397.21
6292,2013/07/20,19298,97.83,8.07,105.90
6293,2013/07/27,1533,110.72,9.13,119.85
6294,2013/07/04,12887,174.60,14.40,189.00
6295,2013/07/22,6577,326.18,26.91,353.09
6296,2013/07/16,11253,259.49,21.41,280.90
6297,2013/07/29,1681,306.18,25.26,331.44
6298,2013/07/28,7923,309.32,25.52,334.84
6299,2013/07/23,2133,222.54,18.36,240.90
6300,2013/07/11,153,227.37,18.76,246.13
6301,2013/07/26,7884,127.97,10.56,138.53
6302,2013/07/19,7260,389.36,32.12,421.48
6303,2013/07/14,7716,335.63,27.69,363.32
6304,2013/07/16,7356,369.22,30.46,399.68
6305,2013/07/16,16848,378.24,31.20,409.44
6306,2013/07/26,5524,144.86,11.95,156.81
6307,2013/07/08,10021,12.01,0.99,13.00
6308,2013/07/14,18448,238.95,19.71,258.66
6309,2013/07/03,1949,162.81,13.43,176.24
6310,2013/07/02,16233,221.98,18.31,240.29
6311,2013/07/26,14043,20.71,1.71,22.42
6312,2013/07/06,1368,322.01,26.57,348.58
6313,2013/07/13,19511,146.13,12.06,158.19
6314,2013/07/13,17744,310.36,25.60,335.96
6315,2013/07/31,15025,170.01,14.03,184.04
6316,2013/07/13,4168,238.31,19.66,257.97
6317,2013/07/21,12630,309.00,25.49,334.49
6318,2013/07/09,3670,323.08,26.65,349.73
6319,2013/07/20,16616,154.89,12.78,167.67
6320,2013/07/17,7761,64.00,5.28,69.28
6321,2013/07/26,16532,42.57,3.51,46.08
6322,2013/07/15,18757,247.09,20.38,267.47
6323,2013/07/18,15372,83.92,6.92,90.84
6324,2013/07/17,15939,150.71,12.43,163.14
6325,2013/07/04,13917,22.03,1.82,23.85
6326,2013/07/27,14608,107.79,8.89,116.68
6327,2013/07/30,15688,62.62,5.17,67.79
6328,2013/07/03,12014,286.83,23.66,310.49
6329,2013/07/18,16640,213.61,17.62,231.23
6330,2013/07/08,9629,267.95,22.11,290.06
6331,2013/07/22,17955,250.84,20.69,271.53
6332,2013/07/18,5790,52.73,4.35,57.08
6333,2013/07/01,4605,365.01,30.11,395.12
6334,2013/07/02,10976,65.72,5.42,71.14
6335,2013/07/26,6518,136.50,11.26,147.76
6336,2013/07/14,2035,306.60,25.29,331.89
6337,2013/07/05,10827,219.06,18.07,237.13
6338,2013/07/04,5523,360.95,29.78,390.73
6339,2013/07/12,5256,394.54,32.55,427.09
6340,2013/07/20,12095,314.67,25.96,340.63
6341,2013/07/11,3466,106.99,8.83,115.82
6342,2013/07/01,11659,286.08,23.60,309.68
6343,2013/07/27,14499,194.39,16.04,210.43
6344,2013/07/25,11413,96.35,7.95,104.30
6345,2013/07/23,12309,302.91,24.99,327.90
6346,2013/07/01,3816,155.63,12.84,168.47
6347,2013/07/04,12506,332.19,27.41,359.60
6348,2013/07/11,4837,358.63,29.59,388.22
6349,2013/07/21,8590,221.35,18.26,239.61
6350,2013/07/01,17501,91.91,7.58,99.49
6351,2013/07/28,18063,67.75,5.59,73.34
6352,2013/07/15,9010,237.78,19.62,257.40
6353,2013/07/14,10012,391.83,32.33,424.16
6354,2013/07/04,3584,95.94,7.92,103.86
6355,2013/07/30,8792,64.51,5.32,69.83
6356,2013/07/16,2597,67.56,5.57,73.13
6357,2013/07/01,4353,352.65,29.09,381.74
6358,2013/07/16,14947,69.96,5.77,75.73
6359,2013/07/29,12990,354.58,29.25,383.83
6360,2013/07/25,10209,213.40,17.61,231.01
6361,2013/07/07,12027,195.81,16.15,211.96
6362,2013/07/10,16766,26.73,2.21,28.94
6363,2013/07/13,18233,246.00,20.30,266.30
6364,2013/07/20,5505,2.31,0.19,2.50
6365,2013/07/19,11839,260.36,21.48,281.84
6366,2013/07/17,18943,120.04,9.90,129.94
6367,2013/07/13,7678,33.35,2.75,36.10
6368,2013/07/05,13169,313.83,25.89,339.72
6369,2013/07/24,6543,279.32,23.04,302.36
6370,2013/07/19,6595,280.11,23.11,303.22
6371,2013/07/28,15132,72.24,5.96,78.20
6372,2013/07/08,7516,141.82,11.70,153.52
6373,2013/07/03,19248,95.92,7.91,103.83
6374,2013/07/30,7706,88.50,7.30,95.80
6375,2013/07/03,2667,340.63,28.10,368.73
6376,2013/07/17,9576,336.06,27.72,363.78
6377,2013/07/19,1782,110.29,9.10,119.39
6378,2013/07/29,5564,6.07,0.50,6.57
6379,2013/07/28,6299,205.06,16.92,221.98
6380,2013/07/13,12358,45.83,3.78,49.61
6381,2013/07/26,14241,67.43,5.56,72.99
6382,2013/07/24,3307,113.08,9.33,122.41
6383,2013/07/30,12115,88.90,7.33,96.23
6384,2013/07/22,7498,30.30,2.50,32.80
6385,2013/07/08,634,208.67,17.22,225.89
6386,2013/07/23,9883,166.78,13.76,180.54
6387,2013/07/27,9738,314.91,25.98,340.89
6388,2013/07/20,14685,144.29,11.90,156.19
6389,2013/07/28,17143,70.75,5.84,76.59
6390,2013/07/21,17421,338.35,27.91,366.26
6391,2013/07/06,1946,63.60,5.25,68.85
6392,2013/07/26,4068,246.27,20.32,266.59
6393,2013/07/29,889,344.19,28.40,372.59
6394,2013/07/24,4083,86.54,7.14,93.68
6395,2013/07/05,18136,159.97,13.20,173.17
6396,2013/07/15,3719,322.04,26.57,348.61
6397,2013/07/23,12617,366.23,30.21,396.44
6398,2013/07/20,8248,92.13,7.60,99.73
6399,2013/07/31,3208,146.16,12.06,158.22
6400,2013/07/09,13519,68.89,5.68,74.57
6401,2013/07/18,990,199.64,16.47,216.11
6402,2013/07/08,15095,110.87,9.15,120.02
6403,2013/07/15,4375,305.30,25.19,330.49
6404,2013/07/24,14354,387.66,31.98,419.64
6405,2013/07/18,19155,315.38,26.02,341.40
6406,2013/07/26,3468,136.79,11.29,148.08
6407,2013/07/17,12184,76.78,6.33,83.11
6408,2013/07/11,15997,327.99,27.06,355.05
6409,2013/07/18,11461,338.50,27.93,366.43
6410,2013/07/22,5976,324.56,26.78,351.34
6411,2013/07/12,14284,178.67,14.74,193.41
6412,2013/07/03,10933,87.19,7.19,94.38
6413,2013/07/20,2046,261.93,21.61,283.54
6414,2013/07/07,10215,346.42,28.58,375.00
6415,2013/07/04,10204,345.37,28.49,373.86
6416,2013/07/11,11523,399.20,32.93,432.13
6417,2013/07/01,7294,306.63,25.30,331.93
6418,2013/07/27,8737,57.26,4.72,61.98
6419,2013/07/17,17787,256.59,21.17,277.76
6420,2013/07/30,17815,125.53,10.36,135.89
6421,2013/07/02,8282,164.97,13.61,178.58
6422,2013/07/05,2338,76.00,6.27,82.27
6423,2013/07/01,15305,10.05,0.83,10.88
6424,2013/07/04,7242,94.46,7.79,102.25
6425,2013/07/17,16505,384.47,31.72,416.19
6426,2013/07/26,8663,125.63,10.36,135.99
6427,2013/07/11,6195,221.30,18.26,239.56
6428,2013/07/13,11060,128.36,10.59,138.95
6429,2013/07/05,3754,396.51,32.71,429.22
6430,2013/07/12,9243,97.88,8.08,105.96
6431,2013/07/09,4217,127.58,10.53,138.11
6432,2013/07/21,19639,302.19,24.93,327.12
6433,2013/07/17,4070,187.47,15.47,202.94
6434,2013/07/29,10526,95.90,7.91,103.81
6435,2013/07/23,5084,103.92,8.57,112.49
6436,2013/07/24,12072,99.62,8.22,107.84
6437,2013/07/26,3861,91.88,7.58,99.46
6438,2013/07/30,13682,49.42,4.08,53.50
6439,2013/07/19,8424,251.37,20.74,272.11
6440,2013/07/30,3145,101.58,8.38,109.96
6441,2013/07/04,17601,327.58,27.03,354.61
6442,2013/07/17,14205,309.60,25.54,335.14
6443,2013/07/18,10948,170.51,14.07,184.58
6444,2013/07/05,5410,83.20,6.86,90.06
6445,2013/07/26,5173,197.86,16.32,214.18
6446,2013/07/04,18933,388.33,32.04,420.37
6447,2013/07/18,11278,354.20,29.22,383.42
6448,2013/07/11,17250,279.96,23.10,303.06
6449,2013/07/26,9048,359.05,29.62,388.67
6450,2013/07/13,5338,285.07,23.52,308.59
6451,2013/07/23,3862,396.64,32.72,429.36
6452,2013/07/15,15727,8.72,0.72,9.44
6453,2013/07/25,14085,134.33,11.08,145.41
6454,2013/07/29,3708,64.36,5.31,69.67
6455,2013/07/02,8477,133.16,10.99,144.15
6456,2013/07/17,8700,359.20,29.63,388.83
6457,2013/07/23,5760,95.81,7.90,103.71
6458,2013/07/20,17469,363.34,29.98,393.32
6459,2013/07/10,4036,292.68,24.15,316.83
6460,2013/07/07,8510,195.87,16.16,212.03
6461,2013/07/05,16239,71.38,5.89,77.27
6462,2013/07/03,1861,89.79,7.41,97.20
6463,2013/07/28,11030,150.29,12.40,162.69
6464,2013/07/12,11399,281.38,23.21,304.59
6465,2013/07/28,16405,125.44,10.35,135.79
6466,2013/07/01,8209,171.77,14.17,185.94
6467,2013/07/16,6633,305.79,25.23,331.02
6468,2013/07/03,13786,394.30,32.53,426.83
6469,2013/07/11,9969,164.76,13.59,178.35
6470,2013/07/18,9787,194.57,16.05,210.62
6471,2013/07/03,17722,15.28,1.26,16.54
6472,2013/07/22,15476,20.57,1.70,22.27
6473,2013/07/05,12885,310.72,25.63,336.35
6474,2013/07/31,16302,34.57,2.85,37.42
6475,2013/07/01,11970,253.78,20.94,274.72
6476,2013/07/17,15275,220.35,18.18,238.53
6477,2013/07/14,9741,394.30,32.53,426.83
6478,2013/07/11,11422,194.44,16.04,210.48
6479,2013/07/14,10306,389.68,32.15,421.83
6480,2013/07/21,15142,39.69,3.27,42.96
6481,2013/07/13,18506,239.95,19.80,259.75
6482,2013/07/18,8727,69.01,5.69,74.70
6483,2013/07/06,16320,89.79,7.41,97.20
6484,2013/07/04,3013,131.40,10.84,142.24
6485,2013/07/26,1049,260.57,21.50,282.07
6486,2013/07/25,12510,201.57,16.63,218.20
6487,2013/07/08,16280,395.75,32.65,428.40
6488,2013/07/06,5856,102.34,8.44,110.78
6489,2013/07/13,17407,264.80,21.85,286.65
6490,2013/07/21,6487,374.32,30.88,405.20
6491,2013/07/06,18943,350.57,28.92,379.49
6492,2013/07/22,4481,396.11,32.68,428.79
6493,2013/07/16,4779,133.68,11.03,144.71
6494,2013/07/23,11430,204.84,16.90,221.74
6495,2013/07/21,13919,305.34,25.19,330.53
6496,2013/07/01,1027,55.74,4.60,60.34
6497,2013/07/08,1020,345.05,28.47,373.52
6498,2013/07/08,11221,315.61,26.04,341.65
6499,2013/07/26,5883,60.87,5.02,65.89
6500,2013/07/01,1842,256.30,21.14,277.44
6501,2013/07/25,16249,331.76,27.37,359.13
6502,2013/07/05,8270,40.23,3.32,43.55
6503,2013/07/19,11224,122.79,10.13,132.92
6504,2013/07/13,3458,364.80,30.10,394.90
6505,2013/07/23,9054,206.25,17.02,223.27
6506,2013/07/11,17835,221.25,18.25,239.50
6507,2013/07/01,7515,388.83,32.08,420.91
6508,2013/07/04,10927,0.45,0.04,0.49
6509,2013/07/05,15428,397.80,32.82,430.62
6510,2013/07/19,18286,374.37,30.89,405.26
6511,2013/07/23,12563,158.97,13.12,172.09
6512,2013/07/05,13361,72.10,5.95,78.05
6513,2013/07/06,4338,264.62,21.83,286.45
6514,2013/07/03,72,148.97,12.29,161.26
6515,2013/07/16,5826,276.03,22.77,298.80
6516,2013/07/20,11250,155.58,12.84,168.42
6517,2013/07/31,6315,235.65,19.44,255.09
6518,2013/07/18,12758,39.52,3.26,42.78
6519,2013/07/03,1730,79.02,6.52,85.54
6520,2013/07/24,9251,82.75,6.83,89.58
6521,2013/07/27,4951,253.94,20.95,274.89
6522,2013/07/09,18087,394.60,32.55,427.15
6523,2013/07/05,19866,246.07,20.30,266.37
6524,2013/07/08,13084,168.49,13.90,182.39
6525,2013/07/04,16268,21.15,1.74,22.89
6526,2013/07/25,5489,121.91,10.06,131.97
6527,2013/07/23,9588,193.19,15.94,209.13
6528,2013/07/13,4897,280.71,23.16,303.87
6529,2013/07/05,4401,7.95,0.66,8.61
6530,2013/07/29,12107,48.25,3.98,52.23
6531,2013/07/31,1696,162.67,13.42,176.09
6532,2013/07/05,18689,166.25,13.72,179.97
6533,2013/07/24,16435,121.28,10.01,131.29
6534,2013/07/17,4445,350.02,28.88,378.90
6535,2013/07/01,2395,35.22,2.91,38.13
6536,2013/07/30,912,256.56,21.17,277.73
6537,2013/07/26,16266,39.97,3.30,43.27
6538,2013/07/01,17036,125.88,10.39,136.27
6539,2013/07/18,12385,12.15,1.00,13.15
6540,2013/07/24,8367,159.16,13.13,172.29
6541,2013/07/03,13618,214.23,17.67,231.90
6542,2013/07/29,11238,308.83,25.48,334.31
6543,2013/07/20,16691,75.66,6.24,81.90
6544,2013/07/10,15573,148.56,12.26,160.82
6545,2013/07/30,16499,25.32,2.09,27.41
6546,2013/07/10,19381,141.82,11.70,153.52
6547,2013/07/16,10324,231.45,19.09,250.54
6548,2013/07/19,8383,192.67,15.90,208.57
6549,2013/07/24,9515,106.89,8.82,115.71
6550,2013/07/28,510,353.29,29.15,382.44
6551,2013/07/19,9698,234.54,19.35,253.89
6552,2013/07/06,695,163.01,13.45,176.46
6553,2013/07/05,15336,343.44,28.33,371.77
6554,2013/07/03,12791,230.11,18.98,249.09
6555,2013/07/10,13865,366.52,30.24,396.76
6556,2013/07/21,16555,92.04,7.59,99.63
6557,2013/07/04,9870,130.54,10.77,141.31
6558,2013/07/15,1638,119.60,9.87,129.47
6559,2013/07/18,2410,28.70,2.37,31.07
6560,2013/07/02,14051,64.51,5.32,69.83
6561,2013/07/18,17786,323.25,26.67,349.92
6562,2013/07/28,699,2.14,0.18,2.32
6563,2013/07/04,4797,206.87,17.07,223.94
6564,2013/07/10,1389,10.94,0.90,11.84
6565,2013/07/29,14060,1.14,0.09,1.23
6566,2013/07/24,2356,260.99,21.53,282.52
6567,2013/07/30,8786,161.91,13.36,175.27
6568,2013/07/23,10487,353.98,29.20,383.18
6569,2013/07/17,10118,387.88,32.00,419.88
6570,2013/07/27,15173,40.29,3.32,43.61
6571,2013/07/24,19051,208.54,17.20,225.74
6572,2013/07/09,7233,137.47,11.34,148.81
6573,2013/07/12,7826,248.14,20.47,268.61
6574,2013/07/30,2409,200.18,16.51,216.69
6575,2013/07/06,7701,300.58,24.80,325.38
6576,2013/07/23,18408,348.12,28.72,376.84
6577,2013/07/30,6369,193.56,15.97,209.53
6578,2013/07/09,6065,193.06,15.93,208.99
6579,2013/07/08,7646,282.10,23.27,305.37
6580,2013/07/19,5618,219.47,18.11,237.58
6581,2013/07/31,19507,0.28,0.02,0.30
6582,2013/07/28,10830,339.34,28.00,367.34
6583,2013/07/10,2409,55.34,4.57,59.91
6584,2013/07/08,16069,70.35,5.80,76.15
6585,2013/07/11,7870,38.97,3.22,42.19
6586,2013/07/01,7439,354.85,29.28,384.13
6587,2013/07/01,9765,47.73,3.94,51.67
6588,2013/07/11,19000,84.56,6.98,91.54
6589,2013/07/18,3693,167.09,13.78,180.87
6590,2013/07/27,17251,80.78,6.66,87.44
6591,2013/07/16,5726,196.07,16.18,212.25
6592,2013/07/12,13096,139.01,11.47,150.48
6593,2013/07/09,10226,189.89,15.67,205.56
6594,2013/07/04,11786,278.12,22.94,301.06
6595,2013/07/29,5074,339.66,28.02,367.68
6596,2013/07/02,9117,30.17,2.49,32.66
6597,2013/07/27,92,289.53,23.89,313.42
6598,2013/07/23,984,238.07,19.64,257.71
6599,2013/07/31,8763,40.80,3.37,44.17
6600,2013/07/17,16774,363.37,29.98,393.35
6601,2013/07/17,9203,272.42,22.47,294.89
6602,2013/07/09,13163,70.05,5.78,75.83
6603,2013/07/03,6704,199.75,16.48,216.23
6604,2013/07/04,12371,246.91,20.37,267.28
6605,2013/07/12,17600,305.55,25.21,330.76
6606,2013/07/14,15845,306.55,25.29,331.84
6607,2013/07/21,1881,132.87,10.96,143.83
6608,2013/07/31,17197,324.80,26.80,351.60
6609,2013/07/20,15396,112.64,9.29,121.93
6610,2013/07/18,1909,44.18,3.64,47.82
6611,2013/07/07,4017,181.29,14.96,196.25
6612,2013/07/18,16312,166.73,13.76,180.49
6613,2013/07/08,1907,109.52,9.04,118.56
6614,2013/07/07,307,41.08,3.39,44.47
6615,2013/07/19,18863,34.38,2.84,37.22
6616,2013/07/30,8967,337.38,27.83,365.21
6617,2013/07/15,15051,227.33,18.75,246.08
6618,2013/07/02,9440,77.91,6.43,84.34
6619,2013/07/21,394,272.66,22.49,295.15
6620,2013/07/04,6304,399.98,33.00,432.98
6621,2013/07/14,14946,28.92,2.39,31.31
6622,2013/07/08,859,176.97,14.60,191.57
6623,2013/07/03,3175,129.99,10.72,140.71
6624,2013/07/03,6228,258.37,21.32,279.69
6625,2013/07/21,11385,101.89,8.41,110.30
6626,2013/07/14,12275,1.25,0.10,1.35
6627,2013/07/06,12891,19.57,1.61,21.18
6628,2013/07/28,18607,358.07,29.54,387.61
6629,2013/07/18,10643,68.64,5.66,74.30
6630,2013/07/20,4514,383.99,31.68,415.67
6631,2013/07/24,14885,300.92,24.83,325.75
6632,2013/07/21,15858,357.67,29.51,387.18
6633,2013/07/17,12282,295.68,24.39,320.07
6634,2013/07/29,2769,79.91,6.59,86.50
6635,2013/07/28,14022,188.30,15.53,203.83
6636,2013/07/17,12372,342.24,28.23,370.47
6637,2013/07/18,19865,378.13,31.20,409.33
6638,2013/07/27,3320,327.41,27.01,354.42
6639,2013/07/07,18781,380.06,31.35,411.41
6640,2013/07/31,7381,154.19,12.72,166.91
6641,2013/07/20,9197,287.75,23.74,311.49
6642,2013/07/15,18581,66.27,5.47,71.74
6643,2013/07/14,16763,147.77,12.19,159.96
6644,2013/07/03,10272,365.65,30.17,395.82
6645,2013/07/31,13629,206.62,17.05,223.67
6646,2013/07/06,13364,296.77,24.48,321.25
6647,2013/07/12,10817,72.14,5.95,78.09
6648,2013/07/11,6231,382.58,31.56,414.14
6649,2013/07/31,11536,35.55,2.93,38.48
6650,2013/07/25,18323,62.09,5.12,67.21
6651,2013/07/28,11973,158.21,13.05,171.26
6652,2013/07/26,9111,284.62,23.48,308.10
6653,2013/07/07,15696,236.37,19.50,255.87
6654,2013/07/26,3332,30.71,2.53,33.24
6655,2013/07/10,888,70.63,5.83,76.46
6656,2013/07/07,17735,255.80,21.10,276.90
6657,2013/07/08,1466,156.99,12.95,169.94
6658,2013/07/18,3127,162.06,13.37,175.43
6659,2013/07/16,16266,152.81,12.61,165.42
6660,2013/07/27,19768,391.49,32.30,423.79
6661,2013/07/01,13707,217.90,17.98,235.88
6662,2013/07/22,13420,308.00,25.41,333.41
6663,2013/07/22,5953,152.30,12.56,164.86
6664,2013/07/11,2785,260.64,21.50,282.14
6665,2013/07/23,8123,175.54,14.48,190.02
6666,2013/07/23,8915,31.55,2.60,34.15
6667,2013/07/21,951,20.43,1.69,22.12
6668,2013/07/04,1594,206.06,17.00,223.06
6669,2013/07/03,9318,240.91,19.88,260.79
6670,2013/07/14,8101,9.77,0.81,10.58
6671,2013/07/14,15943,111.94,9.24,121.18
6672,2013/07/13,17639,163.29,13.47,176.76
6673,2013/07/23,613,38.51,3.18,41.69
6674,2013/07/08,4499,22.37,1.85,24.22
6675,2013/07/14,6596,3.34,0.28,3.62
6676,2013/07/06,11556,222.51,18.36,240.87
6677,2013/07/22,18990,218.81,18.05,236.86
6678,2013/07/26,16338,133.39,11.00,144.39
6679,2013/07/12,11957,325.38,26.84,352.22
6680,2013/07/19,7592,27.50,2.27,29.77
6681,2013/07/28,10283,179.83,14.84,194.67
6682,2013/07/15,8620,150.94,12.45,163.39
6683,2013/07/30,10533,106.12,8.75,114.87
6684,2013/07/15,11738,12.14,1.00,13.14
6685,2013/07/09,6528,309.48,25.53,335.01
6686,2013/07/29,16775,221.24,18.25,239.49
6687,2013/07/10,2384,131.42,10.84,142.26
6688,2013/07/12,849,127.27,10.50,137.77
6689,2013/07/30,7687,352.13,29.05,381.18
6690,2013/07/15,5027,130.73,10.79,141.52
6691,2013/07/27,8557,9.88,0.82,10.70
6692,2013/07/31,4985,329.06,27.15,356.21
6693,2013/07/31,10138,256.09,21.13,277.22
6694,2013/07/02,1918,387.10,31.94,419.04
6695,2013/07/21,16109,223.63,18.45,242.08
6696,2013/07/19,8309,305.80,25.23,331.03
6697,2013/07/24,18176,163.12,13.46,176.58
6698,2013/07/05,2043,217.44,17.94,235.38
6699,2013/07/13,2759,8.29,0.68,8.97
6700,2013/07/21,7205,21.66,1.79,23.45
6701,2013/07/17,17530,273.32,22.55,295.87
6702,2013/07/04,13153,49.94,4.12,54.06
6703,2013/07/01,9839,153.28,12.65,165.93
6704,2013/07/22,2097,69.28,5.72,75.00
6705,2013/07/26,14690,364.46,30.07,394.53
6706,2013/07/15,15706,383.55,31.64,415.19
6707,2013/07/02,15847,154.10,12.71,166.81
6708,2013/07/03,5638,234.10,19.31,253.41
6709,2013/07/31,17990,126.87,10.47,137.34
6710,2013/07/06,7641,19.70,1.63,21.33
6711,2013/07/08,14688,86.55,7.14,93.69
6712,2013/07/06,5505,314.97,25.99,340.96
6713,2013/07/21,19568,38.45,3.17,41.62
6714,2013/07/28,15822,165.85,13.68,179.53
6715,2013/07/04,15894,264.04,21.78,285.82
6716,2013/07/21,9174,384.02,31.68,415.70
6717,2013/07/04,967,326.89,26.97,353.86
6718,2013/07/14,18513,201.01,16.58,217.59
6719,2013/07/31,4522,32.96,2.72,35.68
6720,2013/07/18,19167,206.39,17.03,223.42
6721,2013/07/30,18419,282.06,23.27,305.33
6722,2013/07/07,11621,343.94,28.38,372.32
6723,2013/07/21,12543,183.65,15.15,198.80
6724,2013/07/05,16126,128.15,10.57,138.72
6725,2013/07/06,8660,10.95,0.90,11.85
6726,2013/07/17,9272,399.36,32.95,432.31
6727,2013/07/29,3859,206.01,17.00,223.01
6728,2013/07/03,17400,140.55,11.60,152.15
6729,2013/07/12,1550,59.40,4.90,64.30
6730,2013/07/03,6679,312.35,25.77,338.12
6731,2013/07/19,14646,40.38,3.33,43.71
6732,2013/07/10,1411,50.47,4.16,54.63
6733,2013/07/02,8661,53.01,4.37,57.38
6734,2013/07/31,14887,62.79,5.18,67.97
6735,2013/07/20,16756,249.23,20.56,269.79
6736,2013/07/11,15857,361.98,29.86,391.84
6737,2013/07/12,13821,83.72,6.91,90.63
6738,2013/07/29,14675,18.05,1.49,19.54
6739,2013/07/26,4385,63.11,5.21,68.32
6740,2013/07/09,14413,138.54,11.43,149.97
6741,2013/07/26,12098,2.91,0.24,3.15
6742,2013/07/16,4094,128.42,10.59,139.01
6743,2013/07/23,15339,274.55,22.65,297.20
6744,2013/07/03,18200,16.38,1.35,17.73
6745,2013/07/20,18599,175.00,14.44,189.44
6746,2013/07/25,17458,300.53,24.79,325.32
6747,2013/07/22,15644,251.14,20.72,271.86
6748,2013/07/23,19248,123.56,10.19,133.75
6749,2013/07/27,209,104.05,8.58,112.63
6750,2013/07/30,19583,320.02,26.40,346.42
6751,2013/07/28,14277,267.72,22.09,289.81
6752,2013/07/13,14114,265.77,21.93,287.70
6753,2013/07/18,5609,392.28,32.36,424.64
6754,2013/07/05,19405,380.19,31.37,411.56
6755,2013/07/18,11688,371.65,30.66,402.31
6756,2013/07/29,12305,211.09,17.41,228.50
6757,2013/07/02,14626,84.99,7.01,92.00
6758,2013/07/16,1902,120.35,9.93,130.28
6759,2013/07/10,8455,63.31,5.22,68.53
6760,2013/07/26,9875,267.87,22.10,289.97
6761,2013/07/21,284,237.07,19.56,256.63
6762,2013/07/20,431,53.49,4.41,57.90
6763,2013/07/02,9798,252.61,20.84,273.45
6764,2013/07/28,878,332.20,27.41,359.61
6765,2013/07/11,18595,153.49,12.66,166.15
6766,2013/07/25,8662,307.19,25.34,332.53
6767,2013/07/09,14493,94.89,7.83,102.72
6768,2013/07/14,6529,189.89,15.67,205.56
6769,2013/07/15,10995,386.43,31.88,418.31
6770,2013/07/22,15491,389.49,32.13,421.62
6771,2013/07/23,8937,217.47,17.94,235.41
6772,2013/07/18,11020,105.06,8.67,113.73
6773,2013/07/11,252,251.45,20.74,272.19
6774,2013/07/18,10784,350.71,28.93,379.64
6775,2013/07/14,11133,245.98,20.29,266.27
6776,2013/07/07,7594,132.15,10.90,143.05
6777,2013/07/18,6057,44.46,3.67,48.13
6778,2013/07/14,18036,121.44,10.02,131.46
6779,2013/07/15,647,278.00,22.94,300.94
6780,2013/07/18,15723,54.83,4.52,59.35
6781,2013/07/06,19767,369.17,30.46,399.63
6782,2013/07/19,8615,397.28,32.78,430.06
6783,2013/07/26,6017,33.29,2.75,36.04
6784,2013/07/20,12888,341.74,28.19,369.93
6785,2013/07/03,4917,101.57,8.38,109.95
6786,2013/07/14,9153,6.08,0.50,6.58
6787,2013/07/08,4235,390.43,32.21,422.64
6788,2013/07/25,1378,13.00,1.07,14.07
6789,2013/07/22,16659,61.17,5.05,66.22
6790,2013/07/19,7911,161.21,13.30,174.51
6791,2013/07/23,3735,113.23,9.34,122.57
6792,2013/07/13,6798,154.77,12.77,167.54
6793,2013/07/16,61,358.73,29.60,388.33
6794,2013/07/30,16021,229.00,18.89,247.89
6795,2013/07/15,15531,388.73,32.07,420.80
6796,2013/07/23,3098,303.22,25.02,328.24
6797,2013/07/13,1419,344.52,28.42,372.94
6798,2013/07/29,17552,352.53,29.08,381.61
6799,2013/07/20,1253,392.11,32.35,424.46
6800,2013/07/18,19326,129.01,10.64,139.65
6801,2013/07/29,3690,87.00,7.18,94.18
6802,2013/07/14,529,260.16,21.46,281.62
6803,2013/07/03,5644,186.26,15.37,201.63
6804,2013/07/11,17414,216.66,17.87,234.53
6805,2013/07/21,15058,118.78,9.80,128.58
6806,2013/07/29,7695,285.94,23.59,309.53
6807,2013/07/22,17252,166.67,13.75,180.42
6808,2013/07/18,15887,341.28,28.16,369.44
6809,2013/07/23,8509,120.12,9.91,130.03
6810,2013/07/02,12216,194.05,16.01,210.06
6811,2013/07/15,1865,67.91,5.60,73.51
6812,2013/07/03,16354,92.06,7.59,99.65
6813,2013/07/06,11226,10.82,0.89,11.71
6814,2013/07/08,19894,21.00,1.73,22.73
6815,2013/07/26,9474,90.78,7.49,98.27
6816,2013/07/22,12668,139.19,11.48,150.67
6817,2013/07/01,2943,46.22,3.81,50.03
6818,2013/07/22,6535,347.46,28.67,376.13
6819,2013/07/17,18432,255.07,21.04,276.11
6820,2013/07/20,3377,153.62,12.67,166.29
6821,2013/07/16,4078,285.52,23.56,309.08
6822,2013/07/19,3884,41.86,3.45,45.31
6823,2013/07/12,2371,149.85,12.36,162.21
6824,2013/07/27,13218,219.29,18.09,237.38
6825,2013/07/08,15094,306.37,25.28,331.65
6826,2013/07/10,16087,373.66,30.83,404.49
6827,2013/07/04,17506,355.56,29.33,384.89
6828,2013/07/16,3863,380.53,31.39,411.92
6829,2013/07/23,12281,391.39,32.29,423.68
6830,2013/07/01,11038,149.66,12.35,162.01
6831,2013/07/12,7579,83.18,6.86,90.04
6832,2013/07/12,5434,152.25,12.56,164.81
6833,2013/07/09,9551,307.40,25.36,332.76
6834,2013/07/19,10670,222.11,18.32,240.43
6835,2013/07/11,3791,303.08,25.00,328.08
6836,2013/07/04,11635,153.75,12.68,166.43
6837,2013/07/30,12102,277.05,22.86,299.91
6838,2013/07/15,10598,185.09,15.27,200.36
6839,2013/07/27,7132,13.34,1.10,14.44
6840,2013/07/14,14798,305.17,25.18,330.35
6841,2013/07/31,12979,226.12,18.65,244.77
6842,2013/07/28,13553,19.93,1.64,21.57
6843,2013/07/24,6357,317.51,26.19,343.70
6844,2013/07/17,17374,155.85,12.86,168.71
6845,2013/07/17,18211,232.12,19.15,251.27
6846,2013/07/24,14674,131.78,10.87,142.65
6847,2013/07/10,2413,104.94,8.66,113.60
6848,2013/07/31,13603,179.74,14.83,194.57
6849,2013/07/06,12689,196.32,16.20,212.52
6850,2013/07/28,17492,311.98,25.74,337.72
6851,2013/07/09,4423,341.04,28.14,369.18
6852,2013/07/30,691,14.54,1.20,15.74
6853,2013/07/16,2364,111.15,9.17,120.32
6854,2013/07/27,16270,18.26,1.51,19.77
6855,2013/07/05,5550,29.41,2.43,31.84
6856,2013/07/09,16600,272.10,22.45,294.55
6857,2013/07/06,7395,198.40,16.37,214.77
6858,2013/07/17,14328,282.78,23.33,306.11
6859,2013/07/10,9448,239.69,19.77,259.46
6860,2013/07/03,8990,19.06,1.57,20.63
6861,2013/07/07,19046,367.38,30.31,397.69
6862,2013/07/28,10955,281.32,23.21,304.53
6863,2013/07/06,10747,49.91,4.12,54.03
6864,2013/07/23,4168,133.75,11.03,144.78
6865,2013/07/26,12551,63.26,5.22,68.48
6866,2013/07/31,8880,305.92,25.24,331.16
6867,2013/07/23,9248,183.42,15.13,198.55
6868,2013/07/14,6042,272.81,22.51,295.32
6869,2013/07/20,6869,253.83,20.94,274.77
6870,2013/07/01,4768,93.80,7.74,101.54
6871,2013/07/23,1724,149.87,12.36,162.23
6872,2013/07/03,2622,69.28,5.72,75.00
6873,2013/07/29,19822,105.21,8.68,113.89
6874,2013/07/20,9230,198.45,16.37,214.82
6875,2013/07/14,14783,340.58,28.10,368.68
6876,2013/07/12,13320,72.00,5.94,77.94
6877,2013/07/31,3585,191.22,15.78,207.00
6878,2013/07/03,13477,84.76,6.99,91.75
6879,2013/07/11,8086,158.43,13.07,171.50
6880,2013/07/10,15307,296.95,24.50,321.45
6881,2013/07/29,5351,2.04,0.17,2.21
6882,2013/07/14,2352,205.55,16.96,222.51
6883,2013/07/26,1651,160.45,13.24,173.69
6884,2013/07/27,9889,151.50,12.50,164.00
6885,2013/07/14,9634,105.20,8.68,113.88
6886,2013/07/22,4856,218.66,18.04,236.70
6887,2013/07/05,154,102.75,8.48,111.23
6888,2013/07/01,5594,276.19,22.79,298.98
6889,2013/07/18,17938,258.25,21.31,279.56
6890,2013/07/17,1629,76.08,6.28,82.36
6891,2013/07/01,1151,270.45,22.31,292.76
6892,2013/07/26,7947,3.71,0.31,4.02
6893,2013/07/02,12126,371.28,30.63,401.91
6894,2013/07/02,17915,231.51,19.10,250.61
6895,2013/07/02,19379,136.24,11.24,147.48
6896,2013/07/01,10877,72.85,6.01,78.86
6897,2013/07/12,15233,272.06,22.44,294.50
6898,2013/07/02,8125,344.63,28.43,373.06
6899,2013/07/30,8416,6.42,0.53,6.95
6900,2013/07/20,1897,33.73,2.78,36.51
6901,2013/07/19,10266,143.99,11.88,155.87
6902,2013/07/07,19231,268.62,22.16,290.78
6903,2013/07/19,10316,233.37,19.25,252.62
6904,2013/07/26,7833,251.75,20.77,272.52
6905,2013/07/07,2646,278.46,22.97,301.43
6906,2013/07/10,9485,80.15,6.61,86.76
6907,2013/07/04,15270,152.93,12.62,165.55
6908,2013/07/09,6290,318.69,26.29,344.98
6909,2013/07/27,14250,103.14,8.51,111.65
6910,2013/07/30,1407,145.64,12.02,157.66
6911,2013/07/04,1988,218.07,17.99,236.06
6912,2013/07/17,15772,396.53,32.71,429.24
6913,2013/07/07,14658,40.99,3.38,44.37
6914,2013/07/29,1159,76.62,6.32,82.94
6915,2013/07/17,16958,4.46,0.37,4.83
6916,2013/07/07,14360,396.53,32.71,429.24
6917,2013/07/24,1166,378.70,31.24,409.94
6918,2013/07/21,18439,334.15,27.57,361.72
6919,2013/07/25,15443,225.89,18.64,244.53
6920,2013/07/09,17061,305.81,25.23,331.04
6921,2013/07/05,12020,209.35,17.27,226.62
6922,2013/07/03,19475,205.04,16.92,221.96
6923,2013/07/28,14581,363.19,29.96,393.15
6924,2013/07/02,13539,114.76,9.47,124.23
6925,2013/07/01,12260,351.79,29.02,380.81
6926,2013/07/04,15253,45.59,3.76,49.35
6927,2013/07/16,11103,124.56,10.28,134.84
6928,2013/07/21,7014,219.99,18.15,238.14
6929,2013/07/13,12518,209.11,17.25,226.36
6930,2013/07/19,6767,277.43,22.89,300.32
6931,2013/07/29,16523,393.98,32.50,426.48
6932,2013/07/01,1335,310.52,25.62,336.14
6933,2013/07/01,18010,51.95,4.29,56.24
6934,2013/07/12,10784,78.65,6.49,85.14
6935,2013/07/09,4323,335.11,27.65,362.76
6936,2013/07/09,12342,243.85,20.12,263.97
6937,2013/07/18,729,37.94,3.13,41.07
6938,2013/07/03,13097,2.24,0.18,2.42
6939,2013/07/13,3039,368.57,30.41,398.98
6940,2013/07/15,7345,370.76,30.59,401.35
6941,2013/07/21,4812,15.64,1.29,16.93
6942,2013/07/19,17880,161.56,13.33,174.89
6943,2013/07/08,7844,270.94,22.35,293.29
6944,2013/07/29,2065,329.00,27.14,356.14
6945,2013/07/19,2828,2.74,0.23,2.97
6946,2013/07/18,12531,218.10,17.99,236.09
6947,2013/07/26,3287,22.89,1.89,24.78
6948,2013/07/26,2326,194.66,16.06,210.72
6949,2013/07/05,12013,313.49,25.86,339.35
6950,2013/07/23,14763,113.51,9.36,122.87
6951,2013/07/06,9592,239.92,19.79,259.71
6952,2013/07/07,7505,9.63,0.79,10.42
6953,2013/07/30,12749,331.48,27.35,358.83
6954,2013/07/22,12664,397.41,32.79,430.20
6955,2013/07/07,5074,352.57,29.09,381.66
6956,2013/07/30,7556,229.24,18.91,248.15
6957,2013/07/23,16339,322.87,26.64,349.51
6958,2013/07/07,18487,14.83,1.22,16.05
6959,2013/07/21,11568,228.30,18.83,247.13
6960,2013/07/10,13452,189.02,15.59,204.61
6961,2013/07/08,9453,141.23,11.65,152.88
6962,2013/07/05,10066,221.71,18.29,240.00
6963,2013/07/25,11509,257.08,21.21,278.29
6964,2013/07/07,12306,83.67,6.90,90.57
6965,2013/07/04,4762,156.65,12.92,169.57
6966,2013/07/15,5763,231.88,19.13,251.01
6967,2013/07/17,10024,121.94,10.06,132.00
6968,2013/07/15,4381,62.01,5.12,67.13
6969,2013/07/27,3333,4.94,0.41,5.35
6970,2013/07/06,10464,321.45,26.52,347.97
6971,2013/07/01,13113,348.82,28.78,377.60
6972,2013/07/06,15147,73.86,6.09,79.95
6973,2013/07/11,496,60.94,5.03,65.97
6974,2013/07/13,4079,73.95,6.10,80.05
6975,2013/07/28,14686,162.49,13.41,175.90
6976,2013/07/14,5389,191.40,15.79,207.19
6977,2013/07/21,18361,134.43,11.09,145.52
6978,2013/07/11,15780,14.54,1.20,15.74
6979,2013/07/18,452,342.07,28.22,370.29
6980,2013/07/29,12507,276.52,22.81,299.33
6981,2013/07/23,6895,155.58,12.84,168.42
6982,2013/07/28,7377,343.42,28.33,371.75
6983,2013/07/24,13208,303.94,25.08,329.02
6984,2013/07/29,15739,248.28,20.48,268.76
6985,2013/07/26,18805,77.50,6.39,83.89
6986,2013/07/19,15463,354.32,29.23,383.55
6987,2013/07/20,10685,2.82,0.23,3.05
6988,2013/07/28,4300,90.46,7.46,97.92
6989,2013/07/03,19631,347.53,28.67,376.20
6990,2013/07/29,15896,336.59,27.77,364.36
6991,2013/07/09,18742,362.28,29.89,392.17
6992,2013/07/22,785,102.09,8.42,110.51
6993,2013/07/12,15438,189.13,15.60,204.73
6994,2013/07/05,14343,198.72,16.39,215.11
6995,2013/07/10,8518,202.53,16.71,219.24
6996,2013/07/04,14577,125.34,10.34,135.68
6997,2013/07/30,1882,116.01,9.57,125.58
6998,2013/07/21,7837,333.31,27.50,360.81
6999,2013/07/06,11408,274.22,22.62,296.84
7000,2013/07/01,8958,109.08,9.00,118.08
