931,2001,9702
931,2001,3782
931,2001,2714
931,2001,4178
931,2001,4
14397,2002,7109
14397,2002,8084
14397,2002,4034
14397,2002,6602
14397,2002,7593
14397,2002,7983
14397,2002,5038
14397,2002,503
409,2003,8385
409,2003,1965
409,2003,6491
409,2003,8342
409,2003,9167
409,2003,1545
409,2003,1012
409,2003,556
14315,2004,2115
14315,2004,3555
14315,2004,4071
14315,2004,2985
14589,2005,4317
14589,2005,5209
14589,2005,70
18473,2006,5511
18473,2006,5469
18473,2006,6883
18473,2006,3223
18473,2006,4909
18473,2006,9068
6276,2007,1352
6276,2007,2768
6276,2007,9427
6276,2007,5591
6276,2007,7891
4374,2008,8027
4374,2008,847
4374,2008,6473
4374,2008,4888
4374,2008,1712
4374,2008,5033
4374,2008,8260
4374,2008,3918
4374,2008,2995
11524,2009,2847
11524,2009,1621
11524,2009,4007
11524,2009,2924
11524,2009,8816
11524,2009,9311
11524,2009,4446
18666,2010,9130
18666,2010,9881
18666,2010,8034
18666,2010,8168
18666,2010,9067
18666,2010,6790
18666,2010,2714
18666,2010,170
18666,2010,373
6593,2011,4247
6593,2011,2616
6593,2011,8173
7303,2012,4164
7303,2012,4543
7303,2012,2787
7303,2012,3224
7303,2012,8439
7303,2012,3676
7303,2012,9650
44,2013,3319
44,2013,2579
44,2013,3490
44,2013,6257
44,2013,5201
44,2013,5314
44,2013,1436
44,2013,3296
44,2013,1673
9794,2014,4911
9794,2014,8279
9794,2014,5454
9794,2014,4582
9794,2014,3389
9794,2014,4575
9794,2014,5464
3441,2015,6002
3441,2015,670
3441,2015,4516
3441,2015,3415
3441,2015,46
3441,2015,1086
11992,2016,556
11992,2016,1275
11992,2016,8516
11992,2016,3036
11992,2016,631
11992,2016,1155
11992,2016,220
12442,2017,3658
12442,2017,2788
12442,2017,6625
12442,2017,9177
12442,2017,813
12442,2017,3706
12442,2017,5919
12442,2017,5442
7915,2018,7048
7915,2018,932
7915,2018,4279
4866,2019,1257
4866,2019,5437
4866,2019,8101
4866,2019,6877
4866,2019,9771
6952,2020,7737
6952,2020,8797
1305,2021,3139
1305,2021,2738
1305,2021,1649
1305,2021,9850
1305,2021,6821
4515,2022,4319
4515,2022,5427
4515,2022,9717
4515,2022,7564
4515,2022,2716
4515,2022,1337
4515,2022,2434
4515,2022,2165
10607,2023,2721
10607,2023,7919
10607,2023,3164
10607,2023,3677
10607,2023,6997
10607,2023,1362
13577,2024,7901
1231,2025,2128
1231,2025,8537
1231,2025,2699
1231,2025,9596
1231,2025,7997
1231,2025,9338
1231,2025,4886
1231,2025,654
1231,2025,5714
14151,2026,3864
14151,2026,8810
14151,2026,7335
14151,2026,2379
14151,2026,6896
14151,2026,6301
14151,2026,8799
14151,2026,7329
10651,2027,1241
10651,2027,6032
10651,2027,4158
10651,2027,9545
17019,2028,2877
17019,2028,4448
17019,2028,5781
5353,2029,8108
5353,2029,1111
10607,2030,8834
10607,2030,4830
10607,2030,3897
10607,2030,6612
10607,2030,534
10607,2030,1950
10607,2030,8117
10607,2030,8918
10607,2030,5037
1697,2031,2961
8142,2032,9374
8142,2032,8615
8142,2032,3683
8142,2032,3073
8142,2032,2433
8142,2032,1019
8142,2032,5117
8142,2032,3286
8142,2032,7795
5663,2033,3680
5663,2033,5912
5663,2033,9758
5663,2033,711
5663,2033,6147
9524,2034,8207
9524,2034,3618
9524,2034,1050
9524,2034,3605
9524,2034,7605
9524,2034,9398
10390,2035,383
10390,2035,270
10390,2035,8550
10390,2035,3060
10390,2035,703
10390,2035,9346
15275,2036,9003
15275,2036,2814
12836,2037,3308
12836,2037,354
12836,2037,810
12836,2037,8395
12836,2037,493
18086,2038,8304
15297,2039,5286
15297,2039,5895
15297,2039,4265
15297,2039,4341
1115,2040,6172
1115,2040,835
1115,2040,5507
1115,2040,8173
1115,2040,7893
1115,2040,5043
1115,2040,6203
1115,2040,5977
16859,2041,9979
16859,2041,568
16859,2041,4276
16859,2041,5859
16859,2041,5465
16859,2041,7836
17339,2042,7898
17339,2042,858
17339,2042,2449
17339,2042,2375
17339,2042,9245
478,2043,6518
478,2043,9846
478,2043,1002
478,2043,1994
14918,2044,9096
14918,2044,28
15852,2045,3717
15852,2045,255
15852,2045,5605
15852,2045,4442
2443,2046,7980
2443,2046,3342
2443,2046,8454
2443,2046,5843
2443,2046,2794
2443,2046,3336
6727,2047,1289
6727,2047,1623
6727,2047,1061
6727,2047,1096
6727,2047,1376
6727,2047,6875
6727,2047,6759
9477,2048,3721
19126,2049,4694
19126,2049,728
19126,2049,2821
19126,2049,5731
19126,2049,4438
19126,2049,9116
19126,2049,9229
19126,2049,2164
18076,2050,399
18076,2050,7245
18076,2050,9796
11683,2051,4680
11683,2051,5818
11683,2051,3684
11683,2051,5738
11683,2051,2749
11683,2051,6767
11991,2052,6600
11991,2052,6875
11991,2052,329
11991,2052,7403
11991,2052,3365
11991,2052,8538
11991,2052,3040
11991,2052,9961
11557,2053,4417
11557,2053,7384
11557,2053,9040
11557,2053,9028
11557,2053,146
11557,2053,2551
11557,2053,8924
11557,2053,5062
4929,2054,9664
5406,2055,423
5406,2055,9404
5406,2055,6684
5406,2055,2414
2908,2056,6167
17435,2057,8143
9682,2058,4904
9682,2058,1479
9682,2058,5000
9682,2058,2193
9682,2058,4621
9682,2058,8972
2771,2059,2840
2771,2059,6414
2771,2059,1952
2771,2059,7724
2771,2059,7566
2771,2059,7229
19724,2060,2159
19724,2060,4179
19724,2060,356
19724,2060,2580
19724,2060,7968
19724,2060,6282
3307,2061,5243
3307,2061,4782
3307,2061,3726
3307,2061,4254
3307,2061,8371
3307,2061,8148
2237,2062,5568
2237,2062,660
2237,2062,5238
2237,2062,900
14362,2063,8834
14362,2063,3504
14362,2063,2571
14362,2063,1272
14362,2063,790
14362,2063,7587
14362,2063,7007
16701,2064,1853
16701,2064,1792
16701,2064,8343
18485,2065,6423
10514,2066,9334
10514,2066,57
1693,2067,7
1693,2067,5381
1693,2067,1487
1693,2067,1170
1693,2067,4653
1693,2067,5851
1693,2067,9990
1693,2067,2238
1693,2067,2144
826,2068,2185
4483,2069,3088
4483,2069,7710
4483,2069,3122
4483,2069,1338
4483,2069,5323
4483,2069,7948
4483,2069,5468
4483,2069,2971
10416,2070,3868
10416,2070,7957
10416,2070,2964
10416,2070,1036
10416,2070,2383
10416,2070,7030
10416,2070,4877
15996,2071,2606
15996,2071,2409
15996,2071,3126
15996,2071,4352
15996,2071,3334
15996,2071,1304
15996,2071,7296
15996,2071,1739
15996,2071,2957
7985,2072,8884
7985,2072,3244
7985,2072,5437
7985,2072,1758
7985,2072,1709
7985,2072,6416
7985,2072,4917
18536,2073,9020
18536,2073,4340
18536,2073,2113
18536,2073,1566
18536,2073,781
8898,2074,5147
8898,2074,1705
8898,2074,9782
8898,2074,3848
8898,2074,7825
8898,2074,5607
8898,2074,9805
8898,2074,2009
2057,2075,7343
2057,2075,3341
2057,2075,9565
2057,2075,5867
2057,2075,8570
2057,2075,6571
2057,2075,8574
16710,2076,9845
16710,2076,8410
16710,2076,2302
16710,2076,3050
16710,2076,3655
16710,2076,5340
16710,2076,3237
16710,2076,533
195,2077,8723
195,2077,8056
195,2077,2984
195,2077,3569
195,2077,4984
195,2077,5430
195,2077,4866
14335,2078,1478
14335,2078,9303
14335,2078,1745
4556,2079,2375
2196,2080,6391
2196,2080,3232
2196,2080,9349
2196,2080,5264
2196,2080,3044
2196,2080,8618
1340,2081,6377
1340,2081,5591
1340,2081,8494
1340,2081,400
1340,2081,6180
1340,2081,7424
1340,2081,3872
1340,2081,1330
9122,2082,2776
9122,2082,2697
9122,2082,5614
9122,2082,9142
9122,2082,1984
9122,2082,1683
9122,2082,1748
9122,2082,6483
13763,2083,9655
13763,2083,3270
13763,2083,1781
13763,2083,3789
13763,2083,9161
13763,2083,8271
13763,2083,9495
13763,2083,7754
13790,2084,2688
13790,2084,2626
13790,2084,6974
13790,2084,4677
5055,2085,7803
5055,2085,9170
5055,2085,5749
5055,2085,9935
5055,2085,6969
5055,2085,6844
9195,2086,1493
9195,2086,5718
16686,2087,7451
16686,2087,5600
16686,2087,5819
16686,2087,9083
16686,2087,4629
16686,2087,3205
6277,2088,1343
6277,2088,4643
6277,2088,6726
6277,2088,1968
6277,2088,5803
6277,2088,2398
6277,2088,6029
6277,2088,1355
13910,2089,434
10124,2090,5439
10124,2090,86
10124,2090,3641
10124,2090,2851
10124,2090,1943
10124,2090,4497
10124,2090,7793
380,2091,1202
380,2091,1102
380,2091,3700
380,2091,5627
380,2091,4018
380,2091,9196
380,2091,6318
12806,2092,7832
12806,2092,5656
12806,2092,7782
12806,2092,3684
12806,2092,451
12806,2092,5765
12806,2092,2903
8007,2093,2022
8007,2093,420
8007,2093,7469
8007,2093,4310
8007,2093,4249
8007,2093,188
16039,2094,7793
2954,2095,6756
2954,2095,7512
196,2096,6385
196,2096,4469
196,2096,1723
196,2096,6420
196,2096,5722
196,2096,4073
18971,2097,554
18971,2097,3678
18971,2097,3199
18971,2097,3443
18971,2097,1778
18971,2097,9612
18971,2097,1052
18971,2097,2047
13031,2098,8452
8347,2099,84
8024,2100,5734
17864,2101,8886
17864,2101,6992
17864,2101,5663
17864,2101,1771
17864,2101,5480
17864,2101,4225
5353,2102,6850
5353,2102,8902
5353,2102,3309
5353,2102,945
5353,2102,9992
5353,2102,6358
5353,2102,5610
5353,2102,8624
11232,2103,3660
18278,2104,8859
18278,2104,4826
3352,2105,8609
3352,2105,3087
3352,2105,7246
3352,2105,6231
3682,2106,6337
3682,2106,9905
3682,2106,2937
3682,2106,4095
19171,2107,6484
19171,2107,798
3484,2108,5994
3484,2108,7674
3484,2108,1580
3484,2108,6843
3484,2108,5746
3484,2108,1533
3484,2108,7733
3484,2108,1412
11012,2109,5092
11012,2109,9263
11012,2109,2379
11012,2109,3073
11012,2109,1802
11012,2109,12
11012,2109,6990
17139,2110,5814
17139,2110,2890
17139,2110,9417
17139,2110,8784
17139,2110,1292
17139,2110,6335
17139,2110,1486
17139,2110,7365
19486,2111,1634
19486,2111,4561
19486,2111,405
19486,2111,9330
19486,2111,120
19486,2111,9318
4414,2112,2830
4414,2112,8500
4414,2112,5847
4414,2112,6944
4414,2112,6260
4414,2112,8081
4414,2112,4051
11368,2113,7329
11368,2113,1444
11368,2113,3342
11368,2113,7578
11368,2113,7496
11368,2113,4866
11368,2113,3504
11368,2113,2839
11368,2113,1816
17519,2114,3068
17519,2114,2355
17519,2114,2987
8968,2115,6386
19454,2116,2386
19454,2116,199
19454,2116,8858
19454,2116,4946
13522,2117,5521
13522,2117,5637
13522,2117,496
6964,2118,7966
6964,2118,8637
6964,2118,2283
6964,2118,4078
6964,2118,9792
6964,2118,951
6964,2118,3715
6964,2118,3693
18794,2119,1938
18794,2119,8282
17555,2120,2260
17555,2120,3739
17555,2120,4501
17555,2120,4576
17555,2120,7800
15183,2121,7582
2548,2122,671
2548,2122,3798
4158,2123,856
4158,2123,8611
4158,2123,6987
4158,2123,3340
15831,2124,6569
15831,2124,114
15831,2124,8526
17872,2125,850
17872,2125,917
17872,2125,2246
17872,2125,6726
17872,2125,8146
17872,2125,8172
17872,2125,697
17872,2125,9105
7656,2126,6350
7656,2126,2840
7656,2126,205
7656,2126,4158
7656,2126,301
2299,2127,5797
2299,2127,4412
2299,2127,7438
2299,2127,104
2299,2127,9314
2299,2127,767
2299,2127,4837
2299,2127,2246
2299,2127,2330
10337,2128,6533
10337,2128,6233
10337,2128,2343
10337,2128,7983
10337,2128,4604
18030,2129,1572
18030,2129,3165
18030,2129,7204
18030,2129,9303
18030,2129,1345
18030,2129,8828
18030,2129,143
10402,2130,4418
10402,2130,2208
10402,2130,840
10402,2130,1868
10402,2130,3968
537,2131,6673
537,2131,6914
537,2131,6640
537,2131,5917
537,2131,7764
537,2131,1657
997,2132,5873
997,2132,4406
997,2132,4284
997,2132,8269
997,2132,688
997,2132,8138
997,2132,2506
997,2132,1174
16175,2133,4304
16175,2133,5011
16175,2133,3715
16175,2133,9972
16175,2133,7166
16175,2133,1121
16175,2133,603
9772,2134,1037
9772,2134,1623
9772,2134,6604
9772,2134,6855
9772,2134,3306
9772,2134,5865
9772,2134,4269
9772,2134,5331
9772,2134,2235
4413,2135,5285
4413,2135,6149
4413,2135,8285
18112,2136,515
18112,2136,984
15677,2137,5080
15677,2137,2069
15677,2137,928
15677,2137,8628
15677,2137,6444
15677,2137,5369
1306,2138,6540
1306,2138,1098
1306,2138,8183
1306,2138,9123
213,2139,7945
213,2139,4135
213,2139,1469
213,2139,2373
213,2139,3603
213,2139,5559
213,2139,5574
213,2139,8129
17942,2140,8098
17942,2140,5432
17942,2140,5938
17942,2140,4977
17942,2140,4661
17942,2140,388
17942,2140,1499
17942,2140,5629
16003,2141,9002
16003,2141,4374
16003,2141,1850
16003,2141,7833
9845,2142,3111
9845,2142,5851
9845,2142,1535
9845,2142,1010
9845,2142,1617
9845,2142,8799
9845,2142,5920
9845,2142,6083
9845,2142,2429
2859,2143,6004
2859,2143,7850
2859,2143,7649
2859,2143,8759
2859,2143,8894
9488,2144,5570
9488,2144,3906
9488,2144,3323
9488,2144,302
9488,2144,7132
9488,2144,5888
9488,2144,7832
403,2145,4422
403,2145,829
403,2145,9381
403,2145,1268
403,2145,1456
403,2145,3018
403,2145,5156
18123,2146,1766
18123,2146,6863
18123,2146,2460
18123,2146,8457
18123,2146,9611
18123,2146,492
18123,2146,6438
14532,2147,6853
14532,2147,9532
5100,2148,1138
13823,2149,2987
13823,2149,575
18061,2150,8476
18061,2150,3642
11036,2151,6776
11036,2151,6375
11036,2151,7340
11036,2151,8858
11036,2151,2919
11036,2151,2998
11036,2151,6907
11036,2151,4508
10163,2152,4112
10163,2152,9093
10163,2152,7303
10163,2152,7500
10163,2152,8252
10163,2152,6567
10163,2152,8710
12098,2153,4069
14132,2154,2663
14132,2154,6986
14132,2154,347
14132,2154,4992
14132,2154,3398
14132,2154,7046
14132,2154,6818
10138,2155,97
10138,2155,8651
10138,2155,8982
10138,2155,1623
10138,2155,1589
10138,2155,116
5557,2156,500
5557,2156,8210
5557,2156,2418
5557,2156,9575
5557,2156,2308
5557,2156,4008
16463,2157,1165
16463,2157,2988
9221,2158,6419
10641,2159,1207
18833,2160,1024
18833,2160,855
9724,2161,3094
9724,2161,1066
9724,2161,7749
9724,2161,4404
9724,2161,8664
9724,2161,8276
9724,2161,911
9724,2161,403
9724,2161,2695
3338,2162,3060
3338,2162,7327
3338,2162,5379
3338,2162,8776
3338,2162,4882
3338,2162,2099
19696,2163,7066
10682,2164,7020
10682,2164,6043
10682,2164,5756
10682,2164,1383
10682,2164,5304
10682,2164,8828
10682,2164,8357
10682,2164,8003
10682,2164,4366
12929,2165,6312
12929,2165,5660
12929,2165,7493
12929,2165,8719
12929,2165,2832
17748,2166,8507
17748,2166,7920
13495,2167,954
13495,2167,6766
13495,2167,7326
13495,2167,1785
13495,2167,896
13495,2167,4986
13495,2167,1474
13495,2167,346
13495,2167,3717
18202,2168,241
18202,2168,8216
18985,2169,9126
11782,2170,1658
11782,2170,8728
11782,2170,1061
5068,2171,2726
5068,2171,2633
5068,2171,9009
5068,2171,37
5068,2171,5241
5068,2171,7409
5068,2171,7745
5068,2171,413
5068,2171,8176
18712,2172,2320
18712,2172,6973
18712,2172,674
18712,2172,5914
17279,2173,7295
17279,2173,2853
17279,2173,5031
17279,2173,5584
17279,2173,7701
17279,2173,4754
17279,2173,198
17279,2173,3774
4011,2174,8966
4011,2174,7985
4011,2174,431
4011,2174,6504
4011,2174,2538
19664,2175,7164
19664,2175,5084
19664,2175,6528
19664,2175,6075
19664,2175,898
19664,2175,4210
19664,2175,9231
13216,2176,957
13216,2176,5280
13216,2176,2981
13216,2176,7355
13216,2176,5061
13216,2176,5351
5027,2177,5261
5027,2177,6349
5027,2177,6016
5027,2177,7608
13678,2178,3447
13678,2178,4235
13678,2178,6902
13678,2178,5791
13678,2178,1298
13678,2178,5401
13678,2178,4638
13678,2178,477
17369,2179,3419
17369,2179,9860
17369,2179,278
17369,2179,9661
17369,2179,4306
17369,2179,788
17369,2179,4199
17369,2179,2156
15892,2180,1092
15892,2180,2191
15892,2180,7133
15892,2180,8848
15892,2180,1351
15892,2180,8922
17561,2181,6248
17561,2181,1035
17561,2181,245
17561,2181,8306
17561,2181,6844
17561,2181,5543
17561,2181,8407
17561,2181,7211
18803,2182,2068
6837,2183,8189
6837,2183,8138
6837,2183,7008
6837,2183,6257
6837,2183,4939
6837,2183,9865
6837,2183,944
6837,2183,3705
6837,2183,8087
10594,2184,4698
10594,2184,5957
10594,2184,910
10594,2184,185
10594,2184,5750
10594,2184,8682
11378,2185,3732
11378,2185,3523
11378,2185,6454
11378,2185,305
11378,2185,953
11378,2185,2269
11378,2185,3688
16771,2186,5151
16771,2186,2230
16771,2186,2136
16771,2186,3708
16771,2186,1866
16771,2186,6506
475,2187,3834
475,2187,9482
475,2187,9957
475,2187,2529
475,2187,4397
8555,2188,114
8555,2188,8437
8555,2188,5087
8555,2188,322
8555,2188,1390
8555,2188,3265
8555,2188,2324
11340,2189,5470
11340,2189,6104
17264,2190,4848
17264,2190,8361
17264,2190,569
17264,2190,9200
8571,2191,3079
8571,2191,3325
11296,2192,1318
11296,2192,8960
11296,2192,127
11296,2192,2213
11296,2192,3696
11296,2192,3898
11296,2192,3618
8372,2193,3192
8372,2193,1475
8372,2193,2688
8372,2193,3735
8372,2193,897
8372,2193,1661
8372,2193,9590
17099,2194,3613
17099,2194,2812
17099,2194,1841
10916,2195,9644
10916,2195,1030
10916,2195,1249
10916,2195,5604
18676,2196,1934
18676,2196,9952
18676,2196,4587
18676,2196,73
18676,2196,5822
18676,2196,6327
18676,2196,994
18676,2196,5342
8618,2197,4008
8618,2197,6104
8618,2197,4217
2548,2198,9228
2548,2198,751
2548,2198,4502
2548,2198,2003
2548,2198,9687
2548,2198,8259
2548,2198,6456
2548,2198,4180
2548,2198,6096
13558,2199,8492
5416,2200,3982
5416,2200,3706
5416,2200,2905
5416,2200,2389
5416,2200,9792
18956,2201,5491
19340,2202,7474
19340,2202,2364
19340,2202,6688
19340,2202,5722
19340,2202,3563
19340,2202,6622
654,2203,4782
654,2203,4840
654,2203,7531
654,2203,4051
654,2203,7057
654,2203,8415
654,2203,9211
13369,2204,5231
13369,2204,5348
13369,2204,4200
13369,2204,5557
13369,2204,6454
14412,2205,347
14412,2205,503
14412,2205,9180
14412,2205,7622
14412,2205,4095
14412,2205,2781
9821,2206,9404
9501,2207,3661
9501,2207,7536
9501,2207,1817
9501,2207,7320
9501,2207,4614
9501,2207,1699
9501,2207,5544
6331,2208,9202
6331,2208,7071
6331,2208,4805
6331,2208,4492
14012,2209,3721
14012,2209,183
14012,2209,2732
14012,2209,9940
14012,2209,1338
14012,2209,7717
14012,2209,9670
14012,2209,3915
2055,2210,922
2055,2210,9745
2055,2210,7234
2055,2210,9933
2055,2210,1242
2055,2210,7968
16301,2211,150
16301,2211,4291
16301,2211,711
16301,2211,4524
16877,2212,9466
16877,2212,7317
14122,2213,1297
5076,2214,7500
5076,2214,5863
5076,2214,685
5076,2214,9875
5076,2214,7500
5076,2214,6983
5076,2214,965
1368,2215,3507
1368,2215,314
1368,2215,8316
1368,2215,6734
1368,2215,2471
1368,2215,2151
1368,2215,4191
1368,2215,3851
1368,2215,3368
6485,2216,3828
6485,2216,5589
6485,2216,8742
6485,2216,5477
17966,2217,5486
17966,2217,2718
17966,2217,1864
17966,2217,8699
17966,2217,2594
17966,2217,3664
14062,2218,273
14062,2218,2573
14062,2218,6984
14062,2218,8893
14062,2218,4212
14062,2218,8406
14062,2218,3351
14062,2218,6481
14062,2218,4593
12912,2219,470
12912,2219,2645
12912,2219,3423
12912,2219,1164
12912,2219,4593
12912,2219,4894
12912,2219,5536
12912,2219,5326
12912,2219,7602
12014,2220,8348
12014,2220,984
4081,2221,1796
4081,2221,6767
4081,2221,3998
4081,2221,26
4081,2221,4593
4081,2221,6597
4081,2221,1784
4081,2221,1363
4081,2221,6561
10714,2222,7504
10714,2222,2578
10714,2222,6258
10714,2222,528
10714,2222,7769
10714,2222,5518
19031,2223,4676
19031,2223,1407
19031,2223,8804
19031,2223,3405
19031,2223,299
19031,2223,9129
19031,2223,5323
5652,2224,1314
5652,2224,3875
5652,2224,9328
5652,2224,4164
5652,2224,6180
5652,2224,4361
18072,2225,309
18072,2225,2311
18072,2225,9191
18072,2225,3679
18072,2225,9555
18072,2225,2419
18072,2225,1828
18072,2225,8765
18072,2225,3510
5675,2226,7683
5675,2226,72
5675,2226,1367
5675,2226,1079
5675,2226,6908
5675,2226,614
5675,2226,5101
5675,2226,1829
5675,2226,8124
1084,2227,378
1084,2227,2748
1084,2227,5658
1084,2227,6725
1084,2227,6875
1084,2227,402
1084,2227,6451
1084,2227,4734
1084,2227,3356
7940,2228,3774
7940,2228,2796
7940,2228,4071
7940,2228,2440
5633,2229,6704
5633,2229,661
5633,2229,6940
14683,2230,9109
14683,2230,1815
14683,2230,857
14683,2230,6435
417,2231,2106
417,2231,8119
417,2231,6800
417,2231,7361
417,2231,1234
417,2231,5142
417,2231,7493
10655,2232,9613
10655,2232,3128
10655,2232,997
10655,2232,2157
13807,2233,4446
5128,2234,866
5128,2234,3519
5128,2234,5714
5128,2234,3994
5128,2234,742
327,2235,8695
327,2235,9573
327,2235,4449
327,2235,7121
327,2235,8633
327,2235,252
327,2235,4504
327,2235,5642
13015,2236,8607
13015,2236,6387
13015,2236,9361
13015,2236,6024
13015,2236,7292
13015,2236,6040
13015,2236,3825
16545,2237,8421
16545,2237,7556
16545,2237,9052
9387,2238,1201
9387,2238,9438
11648,2239,2952
11648,2239,4702
11648,2239,1791
11648,2239,6229
11648,2239,6354
11648,2239,3888
11648,2239,4701
4514,2240,4317
4514,2240,3414
4514,2240,194
4514,2240,6460
4514,2240,4421
4514,2240,5455
4514,2240,714
4514,2240,5259
14099,2241,2665
14099,2241,6782
14099,2241,6207
14099,2241,8860
14099,2241,3739
16110,2242,3222
16110,2242,2623
16110,2242,8146
16110,2242,3588
16110,2242,3871
16110,2242,2006
16110,2242,9717
16110,2242,6178
17684,2243,5394
17684,2243,3795
17684,2243,466
10123,2244,3071
10123,2244,931
10123,2244,8492
4159,2245,6381
4159,2245,5737
4159,2245,5336
4159,2245,1972
4159,2245,757
4159,2245,3181
13951,2246,4509
13951,2246,476
13951,2246,6910
13951,2246,8908
13951,2246,9239
3952,2247,8584
3952,2247,4273
3952,2247,1958
3952,2247,6234
3952,2247,476
3952,2247,4286
3952,2247,3140
3952,2247,631
3952,2247,4648
10245,2248,8668
10245,2248,2786
10245,2248,1545
10245,2248,9883
10245,2248,9292
7129,2249,3173
7129,2249,2770
7129,2249,6009
7129,2249,7304
7129,2249,6289
7129,2249,2690
7129,2249,3075
7129,2249,6058
9451,2250,2632
9451,2250,8157
9451,2250,5024
9451,2250,980
9451,2250,1013
9451,2250,747
9451,2250,2784
9451,2250,7833
10272,2251,3071
10272,2251,7795
10272,2251,1355
10272,2251,4456
10272,2251,8578
10272,2251,5483
10272,2251,913
11873,2252,7843
11873,2252,8468
11873,2252,6286
11873,2252,2106
11873,2252,44
15967,2253,8613
15967,2253,8468
15967,2253,1184
19521,2254,970
19521,2254,6116
19521,2254,6684
9052,2255,3116
9052,2255,9114
9052,2255,9708
9052,2255,7899
9052,2255,7141
9052,2255,1285
9052,2255,4767
9052,2255,5721
5428,2256,5191
5428,2256,3258
5428,2256,1372
1533,2257,8630
1533,2257,3404
1533,2257,2805
1533,2257,6901
1533,2257,2072
1533,2257,8139
1533,2257,9794
1533,2257,3109
11570,2258,8296
11570,2258,1243
11570,2258,4723
11570,2258,1495
11570,2258,3381
4019,2259,9753
4019,2259,7561
4019,2259,7052
4019,2259,694
4019,2259,2988
12194,2260,1882
12194,2260,1512
12194,2260,7645
12194,2260,1731
12194,2260,5368
12194,2260,5600
12194,2260,9186
5460,2261,9078
12259,2262,1319
12259,2262,8343
12259,2262,7373
12259,2262,6361
12259,2262,8571
12259,2262,9431
12259,2262,625
12259,2262,8582
8364,2263,828
8364,2263,6301
8364,2263,6006
8364,2263,580
17736,2264,144
17736,2264,2240
17736,2264,3709
4558,2265,8494
4558,2265,7362
4558,2265,3089
4558,2265,1257
4558,2265,5318
4558,2265,3324
18658,2266,2497
18658,2266,3455
18658,2266,1332
18658,2266,2886
18658,2266,1115
15769,2267,4085
15769,2267,5739
15769,2267,4441
15769,2267,3193
15769,2267,6655
15769,2267,7781
15769,2267,129
15769,2267,9307
3605,2268,5322
3605,2268,3429
3605,2268,534
3605,2268,4801
3605,2268,2427
3605,2268,1347
3605,2268,1040
3605,2268,7958
3605,2268,5912
5133,2269,2544
5133,2269,746
5133,2269,6914
5133,2269,3652
5133,2269,6952
5133,2269,9507
5133,2269,7180
5133,2269,4923
5133,2269,2745
8183,2270,1177
8183,2270,2173
8183,2270,2968
8183,2270,9655
8183,2270,2307
8183,2270,2415
8183,2270,4048
15399,2271,6673
15399,2271,7505
15399,2271,1418
15399,2271,5833
15399,2271,9778
15399,2271,8253
15399,2271,8180
704,2272,3701
704,2272,1049
704,2272,8371
704,2272,9060
704,2272,2791
704,2272,117
704,2272,6358
704,2272,6040
14914,2273,1619
14914,2273,7961
14914,2273,9706
14914,2273,9302
14914,2273,6492
14914,2273,3584
9265,2274,8095
1771,2275,5548
1771,2275,9686
1771,2275,4712
2005,2276,7070
13550,2277,1936
13550,2277,5654
13550,2277,7584
13550,2277,151
13550,2277,8007
13550,2277,9041
13550,2277,9132
13550,2277,3682
13550,2277,4380
18184,2278,94
18184,2278,5971
18184,2278,5256
18184,2278,3939
18184,2278,6340
3986,2279,9638
3986,2279,4916
7912,2280,7488
7912,2280,3599
7912,2280,5478
7912,2280,959
7912,2280,5172
7912,2280,9666
7912,2280,8216
7912,2280,7646
7912,2280,1078
9254,2281,5760
9254,2281,965
9254,2281,3260
9254,2281,4631
9254,2281,9674
9254,2281,3801
9254,2281,3985
9254,2281,3136
9254,2281,8449
16229,2282,3036
16229,2282,6366
16229,2282,1079
16229,2282,8740
8999,2283,5174
8999,2283,5532
8999,2283,7622
8999,2283,1922
8999,2283,8478
3227,2284,9920
3227,2284,7263
3227,2284,1056
3227,2284,6462
3227,2284,4411
3227,2284,1815
3227,2284,4597
3227,2284,7650
3227,2284,406
11875,2285,1143
19241,2286,1234
19241,2286,2090
19241,2286,8149
18409,2287,6626
18409,2287,4523
18409,2287,7212
18409,2287,4068
18409,2287,6387
18409,2287,7685
18409,2287,411
3107,2288,1174
3107,2288,5591
3107,2288,6621
9538,2289,3974
9538,2289,1063
9538,2289,744
9538,2289,9039
6212,2290,7580
15980,2291,9543
1433,2292,3123
1433,2292,7003
1433,2292,2379
1433,2292,762
1433,2292,719
1433,2292,6951
1433,2292,7409
1433,2292,9418
1433,2292,9095
13348,2293,4664
13348,2293,4962
13348,2293,9221
13348,2293,4923
16090,2294,4726
16090,2294,9054
16090,2294,6550
16090,2294,7311
16090,2294,1235
1305,2295,2887
1305,2295,5257
1305,2295,3912
1305,2295,9170
1305,2295,4126
1305,2295,7567
1305,2295,8600
1305,2295,7093
3638,2296,7306
3638,2296,9427
3638,2296,6666
3638,2296,9335
3638,2296,1314
3638,2296,4737
3638,2296,6198
3638,2296,9823
3638,2296,9913
8077,2297,3087
8077,2297,2130
8077,2297,2401
8077,2297,1998
8077,2297,2386
8077,2297,2183
17697,2298,5003
17697,2298,9420
17697,2298,7989
15621,2299,6802
15621,2299,3683
15621,2299,1255
15621,2299,164
15621,2299,6948
15621,2299,6116
15621,2299,1581
15621,2299,8249
15621,2299,313
5573,2300,6574
5573,2300,7353
5573,2300,460
5573,2300,2373
5573,2300,6729
5573,2300,894
5573,2300,3356
7039,2301,6083
7039,2301,3073
7039,2301,149
7039,2301,1426
8074,2302,1651
8074,2302,3756
8074,2302,4383
8074,2302,6088
8074,2302,401
8074,2302,5928
8074,2302,3226
8074,2302,3442
8074,2302,2804
17771,2303,6548
17771,2303,8925
17771,2303,1231
17771,2303,2011
17771,2303,1327
17771,2303,4298
17771,2303,2664
17503,2304,1567
17503,2304,991
17503,2304,646
17503,2304,5197
17503,2304,3408
17503,2304,2335
17503,2304,7331
17503,2304,4800
17503,2304,6856
17732,2305,2527
17732,2305,5077
17732,2305,3486
17732,2305,3942
17732,2305,4071
17732,2305,281
17732,2305,300
17732,2305,9494
17732,2305,4376
13419,2306,5592
13419,2306,8810
13419,2306,7761
16537,2307,3074
16537,2307,9030
16537,2307,6925
16537,2307,5478
11517,2308,6685
11517,2308,4275
11517,2308,8449
11517,2308,7770
11517,2308,2053
11517,2308,7109
11517,2308,5807
11517,2308,8342
11632,2309,8368
11632,2309,2770
11632,2309,2958
11632,2309,6287
11632,2309,4006
11632,2309,214
8976,2310,3986
8976,2310,1718
8976,2310,2880
8976,2310,6901
8976,2310,3696
8976,2310,5806
13528,2311,6751
13528,2311,4716
13528,2311,4060
13528,2311,1144
13528,2311,3344
13528,2311,8756
13528,2311,5845
13528,2311,7573
13528,2311,26
5811,2312,1593
5811,2312,8010
5811,2312,8645
3375,2313,7500
3119,2314,9625
3119,2314,3121
17932,2315,8797
17932,2315,5650
17932,2315,1818
17932,2315,7433
17932,2315,5579
17932,2315,808
9940,2316,5882
9940,2316,6208
9940,2316,4969
9188,2317,2975
9188,2317,351
18294,2318,3812
18294,2318,2527
18294,2318,6000
18294,2318,6688
18294,2318,2329
18294,2318,1778
18294,2318,4198
18294,2318,1648
13234,2319,1211
13234,2319,3811
13234,2319,5541
17303,2320,7412
17303,2320,9408
17303,2320,8365
17303,2320,8045
17303,2320,2216
17303,2320,6248
17303,2320,8611
518,2321,6876
518,2321,8237
518,2321,457
518,2321,2271
518,2321,6209
518,2321,4649
4120,2322,1999
4120,2322,9950
4120,2322,53
4120,2322,416
4120,2322,6158
15619,2323,3622
15619,2323,9265
15619,2323,4248
15619,2323,3906
15619,2323,5718
15619,2323,4835
15619,2323,9632
12538,2324,1271
12538,2324,4467
12538,2324,6626
12538,2324,7624
8737,2325,1964
8737,2325,9355
8737,2325,6073
19956,2326,92
19956,2326,7031
19956,2326,4923
19956,2326,5993
19956,2326,3880
19956,2326,3893
1038,2327,3303
1038,2327,577
1038,2327,332
1038,2327,8110
1038,2327,3768
1038,2327,3288
6816,2328,8362
6816,2328,3975
6816,2328,7867
6816,2328,2717
13220,2329,7129
13220,2329,2023
13220,2329,460
13220,2329,4326
13220,2329,5139
13220,2329,477
7530,2330,7173
11068,2331,8818
11068,2331,8966
11068,2331,3026
11068,2331,8144
11068,2331,2009
11068,2331,6439
11068,2331,5702
11068,2331,6629
11068,2331,7689
16331,2332,1930
16331,2332,9851
16331,2332,9297
16331,2332,4636
16331,2332,3875
16331,2332,3989
16331,2332,4987
16331,2332,9034
16331,2332,132
13140,2333,3468
13140,2333,4132
13140,2333,3468
13140,2333,9322
2502,2334,353
2502,2334,396
2502,2334,443
2502,2334,8441
2502,2334,7109
12285,2335,7184
12285,2335,8147
3229,2336,2771
3229,2336,9788
3229,2336,1565
3,2337,7735
3,2337,8682
3,2337,5642
3,2337,2610
8110,2338,5632
8110,2338,2065
8110,2338,8331
8110,2338,5393
8110,2338,4323
8110,2338,9710
8110,2338,254
7191,2339,7290
11943,2340,3093
11943,2340,306
11943,2340,3851
11943,2340,747
11943,2340,5275
11943,2340,3260
11943,2340,3940
16525,2341,2372
16525,2341,6876
16525,2341,664
16525,2341,2480
16525,2341,7161
16525,2341,3925
14035,2342,659
14035,2342,1454
14035,2342,7477
1474,2343,9389
1474,2343,6420
1474,2343,1828
1474,2343,3271
1474,2343,728
1474,2343,6854
1474,2343,1887
1474,2343,7601
19101,2344,1806
19101,2344,502
19101,2344,4893
18220,2345,7267
7372,2346,2477
7372,2346,7078
7372,2346,1512
7372,2346,6412
7372,2346,7946
7372,2346,9210
7372,2346,3563
7372,2346,8816
18635,2347,7296
12023,2348,4116
12023,2348,480
12023,2348,3857
12023,2348,6000
12023,2348,6160
12023,2348,4865
12023,2348,909
237,2349,2156
15360,2350,8097
15360,2350,2757
15360,2350,559
15360,2350,4417
9791,2351,7851
8022,2352,6583
8022,2352,9640
8022,2352,7633
8022,2352,3315
8022,2352,6693
8022,2352,7468
8022,2352,2972
11456,2353,7420
11456,2353,3723
11456,2353,2499
11456,2353,5624
11456,2353,5913
11456,2353,4361
11456,2353,4417
11456,2353,33
11456,2353,4110
14848,2354,6253
14848,2354,3451
14848,2354,485
14848,2354,4953
14848,2354,991
14848,2354,1275
14848,2354,6966
14848,2354,1532
14848,2354,4122
16965,2355,9425
16965,2355,8648
16965,2355,7659
16965,2355,958
16965,2355,968
8837,2356,6360
14702,2357,2065
14702,2357,9234
14702,2357,3313
14702,2357,1040
14702,2357,1838
2525,2358,4797
2525,2358,8191
2525,2358,3767
2525,2358,2965
2525,2358,3577
2525,2358,4314
2525,2358,787
9091,2359,5270
9091,2359,2947
9091,2359,6550
9091,2359,2071
9091,2359,4989
9091,2359,9650
9091,2359,6882
9091,2359,4639
9091,2359,200
6329,2360,2564
6329,2360,7745
6329,2360,5016
6329,2360,7895
6329,2360,4383
6329,2360,2172
6329,2360,1746
6329,2360,1317
12609,2361,2289
12609,2361,1204
12609,2361,5924
12609,2361,5333
12609,2361,4568
12609,2361,7963
12609,2361,4052
18135,2362,8044
18135,2362,1539
18135,2362,2451
18135,2362,8936
18135,2362,7101
18135,2362,72
18135,2362,2802
18135,2362,1920
15687,2363,7998
15687,2363,2155
15687,2363,7107
15687,2363,1667
15687,2363,5274
6635,2364,3533
6635,2364,783
6635,2364,3744
6635,2364,8513
6635,2364,8953
6635,2364,6175
6635,2364,5319
1456,2365,704
1456,2365,2673
1456,2365,8443
1456,2365,5397
1456,2365,6744
1456,2365,7034
1456,2365,8857
19279,2366,7523
19279,2366,1805
19279,2366,2860
19279,2366,7349
19279,2366,3441
19279,2366,8906
19279,2366,2778
19279,2366,5759
8403,2367,7917
8403,2367,4173
8403,2367,801
10092,2368,3036
10092,2368,94
10092,2368,6667
10092,2368,2819
10092,2368,1132
10092,2368,79
10092,2368,9782
10092,2368,9647
14131,2369,9882
14131,2369,4627
14131,2369,2608
14131,2369,7083
14131,2369,473
14131,2369,6672
14131,2369,9942
14131,2369,8347
2331,2370,7425
14412,2371,2746
4974,2372,145
4974,2372,1533
4974,2372,12
4974,2372,876
4974,2372,8367
4974,2372,3992
4974,2372,4313
8062,2373,4880
8062,2373,6241
8062,2373,8133
8062,2373,6299
8062,2373,1664
3246,2374,6208
3246,2374,6263
3246,2374,1522
3246,2374,6703
1389,2375,3033
1389,2375,3028
1389,2375,8652
1389,2375,7463
1389,2375,3674
1389,2375,4692
1389,2375,6474
1389,2375,3868
1389,2375,7978
8372,2376,405
8372,2376,6749
8372,2376,9558
8372,2376,7802
8372,2376,432
8372,2376,867
8372,2376,7370
8372,2376,1367
8372,2376,4411
18206,2377,5459
18206,2377,6739
18206,2377,4122
18206,2377,7622
18206,2377,9698
18206,2377,1940
18206,2377,5135
5873,2378,3771
5873,2378,1771
5873,2378,9636
5873,2378,5972
5873,2378,8178
5873,2378,3149
5873,2378,3299
5873,2378,2071
12384,2379,8462
12384,2379,7692
12384,2379,6268
12384,2379,1898
12384,2379,5762
12384,2379,2460
12384,2379,1265
12384,2379,672
12384,2379,7367
11088,2380,8734
11088,2380,6702
11088,2380,6377
11088,2380,6996
11088,2380,8410
11088,2380,6322
11088,2380,5858
11088,2380,8927
9375,2381,4220
9375,2381,3427
9375,2381,1069
9375,2381,1534
9375,2381,6337
9375,2381,4110
9375,2381,915
9375,2381,5875
9375,2381,9556
15932,2382,4067
5985,2383,7680
5985,2383,8635
5985,2383,1013
5985,2383,6790
5985,2383,2853
5985,2383,8096
5985,2383,2899
5985,2383,4260
5985,2383,3016
5144,2384,538
5144,2384,5006
5144,2384,5515
5144,2384,7596
5144,2384,7144
11556,2385,7838
11556,2385,1392
11556,2385,2288
11556,2385,9880
11556,2385,1692
11556,2385,8999
11556,2385,4272
11556,2385,7280
11556,2385,4995
20000,2386,7706
20000,2386,1575
20000,2386,5293
20000,2386,627
16929,2387,9155
18069,2388,3174
18069,2388,6463
7485,2389,1560
7485,2389,7999
7485,2389,7443
7485,2389,3997
7485,2389,553
7485,2389,8891
7485,2389,1755
7485,2389,9644
17597,2390,7833
17597,2390,469
17597,2390,3711
17597,2390,8451
17597,2390,675
17597,2390,4713
17597,2390,6494
17597,2390,6214
419,2391,9498
419,2391,146
419,2391,9919
419,2391,9439
419,2391,8587
419,2391,7283
419,2391,7151
419,2391,7425
419,2391,4683
10714,2392,7591
10714,2392,5000
10714,2392,9475
4856,2393,4272
4856,2393,4764
4856,2393,2314
4856,2393,2759
81,2394,7791
81,2394,8557
81,2394,619
81,2394,7831
81,2394,8421
81,2394,5202
81,2394,9224
6473,2395,6747
6473,2395,1739
6473,2395,5565
6473,2395,5712
6473,2395,4954
6473,2395,8364
6473,2395,3951
6473,2395,7017
6473,2395,8628
12916,2396,1879
12916,2396,480
12916,2396,7176
12916,2396,4339
12916,2396,6527
12916,2396,5655
12916,2396,2595
16613,2397,4562
16613,2397,9544
16613,2397,4060
16613,2397,1019
16613,2397,4196
16613,2397,9146
16613,2397,6717
14393,2398,4510
14393,2398,5451
2211,2399,2325
3735,2400,9774
3735,2400,1523
3735,2400,4991
18374,2401,682
18374,2401,6689
18374,2401,6111
18374,2401,5848
18374,2401,5277
18374,2401,1656
1911,2402,2573
1911,2402,6596
1911,2402,4426
1911,2402,9891
1911,2402,202
13445,2403,2388
18153,2404,7890
18153,2404,6333
18153,2404,6573
18153,2404,5991
18153,2404,8943
18153,2404,3705
600,2405,6669
600,2405,746
600,2405,7748
600,2405,3593
600,2405,9920
19043,2406,5234
19043,2406,1269
19043,2406,6114
19043,2406,9553
19043,2406,6818
19043,2406,1060
2863,2407,6229
2863,2407,5851
2863,2407,4362
15908,2408,3935
15908,2408,5649
15908,2408,7976
15908,2408,1939
15908,2408,2447
15908,2408,7086
7806,2409,4425
7806,2409,2646
17749,2410,5849
17749,2410,2940
17749,2410,5053
17749,2410,8183
17749,2410,337
17749,2410,7979
17749,2410,4713
17749,2410,7555
17749,2410,7969
16246,2411,9338
16246,2411,160
16246,2411,8215
16246,2411,858
16246,2411,2991
16246,2411,8051
16246,2411,8761
16246,2411,4286
16246,2411,2090
137,2412,9985
137,2412,2647
137,2412,5128
137,2412,6077
137,2412,1460
3238,2413,5269
3238,2413,5804
3238,2413,4960
3238,2413,4190
3238,2413,6956
18091,2414,9114
18091,2414,6925
19143,2415,1377
19143,2415,5315
3904,2416,6804
3904,2416,4192
3904,2416,7982
3904,2416,6461
3904,2416,2871
3904,2416,647
7486,2417,9772
7486,2417,674
15450,2418,853
15450,2418,5681
15450,2418,5200
4006,2419,4610
4006,2419,8674
4006,2419,10
4006,2419,4486
4006,2419,5078
4006,2419,4398
4006,2419,8522
4006,2419,1947
4006,2419,459
16783,2420,1639
16783,2420,7167
16783,2420,2074
16783,2420,8841
16783,2420,2021
16783,2420,9769
16783,2420,4521
18012,2421,5953
18012,2421,7366
18012,2421,9000
18012,2421,3671
18012,2421,2727
18012,2421,7850
18012,2421,8363
11058,2422,8027
11058,2422,4928
11058,2422,8616
6272,2423,2142
6272,2423,293
6272,2423,9736
17471,2424,8194
17471,2424,6830
17471,2424,8682
17471,2424,5531
17471,2424,722
17471,2424,2603
15062,2425,2227
15062,2425,8773
15062,2425,2513
15062,2425,1605
15062,2425,9010
15062,2425,463
14865,2426,7129
14865,2426,4312
14865,2426,9841
14865,2426,5415
14865,2426,1698
14865,2426,9310
14865,2426,5549
14865,2426,4356
6258,2427,4044
6105,2428,4631
6105,2428,851
6105,2428,5760
6105,2428,7097
13874,2429,7499
13874,2429,7222
13874,2429,329
13874,2429,4912
13874,2429,544
13874,2429,7813
13874,2429,2701
13874,2429,1095
13874,2429,4909
19079,2430,1989
19079,2430,7905
19079,2430,1834
19079,2430,6022
19079,2430,897
19079,2430,3357
19079,2430,328
19079,2430,887
19079,2430,8369
12363,2431,8038
5891,2432,2485
5891,2432,5147
5891,2432,3819
5891,2432,3558
5891,2432,4744
11280,2433,3758
9288,2434,6074
9288,2434,8989
9288,2434,6944
6180,2435,8311
6180,2435,8171
6180,2435,6929
6180,2435,6509
6180,2435,7641
6180,2435,66
6331,2436,6592
10515,2437,1712
10515,2437,3888
7900,2438,66
7900,2438,1482
7900,2438,3514
7900,2438,225
7900,2438,8898
7900,2438,1274
7900,2438,2905
7900,2438,2129
7900,2438,8815
8215,2439,5474
8215,2439,4000
6109,2440,2081
6109,2440,6144
6109,2440,1613
6109,2440,1973
6109,2440,9679
6109,2440,9702
5213,2441,1304
5213,2441,681
9315,2442,346
9315,2442,6875
9315,2442,9258
9315,2442,777
9315,2442,3562
9315,2442,4900
9315,2442,6578
12511,2443,7207
12511,2443,9319
12511,2443,9535
12511,2443,4256
12511,2443,857
12511,2443,4873
12511,2443,3808
1364,2444,868
1364,2444,9861
1364,2444,7603
1364,2444,9603
1364,2444,1633
1364,2444,435
1364,2444,3326
1364,2444,6949
12967,2445,6699
12967,2445,4516
12967,2445,7185
12967,2445,6789
12967,2445,9006
12967,2445,4972
12967,2445,7377
12967,2445,4302
7808,2446,517
7808,2446,599
15094,2447,4031
15094,2447,9423
7877,2448,2262
2535,2449,1140
2535,2449,7313
2535,2449,8136
14588,2450,6888
14588,2450,3703
14588,2450,6274
14588,2450,5323
14588,2450,9942
14588,2450,1033
14588,2450,8684
14588,2450,4877
14588,2450,2420
16401,2451,1358
16401,2451,8793
16401,2451,9085
16401,2451,6788
7350,2452,7797
7350,2452,1889
3660,2453,5647
3660,2453,6881
3660,2453,7494
3660,2453,2910
15554,2454,9957
15554,2454,8352
15554,2454,9987
15554,2454,6254
15554,2454,8814
15554,2454,9685
15554,2454,4407
15554,2454,9730
15189,2455,4143
15189,2455,9573
15189,2455,6652
15189,2455,1343
15189,2455,260
15189,2455,3010
15189,2455,6251
15189,2455,9258
15189,2455,6500
10625,2456,1922
10625,2456,5479
10625,2456,9033
10625,2456,9246
6776,2457,5025
6776,2457,9986
6776,2457,7660
6776,2457,768
6776,2457,461
6776,2457,2029
6776,2457,3256
14955,2458,1384
14955,2458,5043
14955,2458,7413
13317,2459,47
13317,2459,1178
13317,2459,3944
13317,2459,1438
4411,2460,9224
4411,2460,1587
13630,2461,9748
13630,2461,2428
13630,2461,8202
13630,2461,8866
13630,2461,6500
13630,2461,7620
17596,2462,9961
17596,2462,8427
17596,2462,5259
17596,2462,3238
17596,2462,4996
17596,2462,6961
17596,2462,1639
2772,2463,6176
2772,2463,6758
2772,2463,404
2772,2463,7486
2772,2463,9803
2772,2463,6821
2772,2463,7191
11234,2464,6314
11234,2464,4214
11234,2464,6212
11234,2464,9132
11234,2464,8092
11234,2464,9237
11234,2464,538
11234,2464,2807
11234,2464,454
15879,2465,8306
10992,2466,1113
10992,2466,5978
10992,2466,4375
10992,2466,8736
10992,2466,1366
10992,2466,8438
15347,2467,3086
15347,2467,9321
19747,2468,229
19747,2468,1109
19747,2468,5280
12784,2469,3818
12784,2469,4418
12784,2469,3893
12784,2469,421
3817,2470,3934
6509,2471,3128
6509,2471,4533
11283,2472,1586
11283,2472,9560
11283,2472,7832
4497,2473,8031
4497,2473,45
4497,2473,8259
4497,2473,4317
4497,2473,3137
4497,2473,5447
4497,2473,5451
19967,2474,5625
19967,2474,8925
19967,2474,893
19967,2474,7728
19967,2474,1861
19967,2474,972
18005,2475,2274
18005,2475,9358
18005,2475,4590
18005,2475,563
18005,2475,2259
18005,2475,8610
18005,2475,5997
18005,2475,5885
18005,2475,7827
17438,2476,7443
17438,2476,8109
17438,2476,2943
17438,2476,7417
17438,2476,6684
17438,2476,9482
8143,2477,4108
8143,2477,2854
8143,2477,922
8143,2477,3257
8143,2477,471
8143,2477,1615
8143,2477,9803
14490,2478,5659
14490,2478,1343
14490,2478,86
14490,2478,2764
18084,2479,5883
18084,2479,3400
18084,2479,463
7440,2480,4804
7440,2480,7359
7440,2480,7648
7440,2480,1851
7440,2480,7188
7440,2480,710
7440,2480,584
7440,2480,6558
1252,2481,3231
1252,2481,1746
1252,2481,7007
1252,2481,950
4153,2482,4817
4929,2483,172
4929,2483,4696
4929,2483,8943
4929,2483,1676
4929,2483,8625
4929,2483,6126
4929,2483,6037
15564,2484,9990
15564,2484,884
15564,2484,9012
15564,2484,6648
15564,2484,3538
15564,2484,6293
12928,2485,7345
12928,2485,9143
12928,2485,1618
12928,2485,1057
14187,2486,4875
14187,2486,4358
14187,2486,21
14187,2486,782
14187,2486,8773
14187,2486,2861
14187,2486,9412
14187,2486,9073
12494,2487,2365
12494,2487,1982
12494,2487,9358
16278,2488,6205
16278,2488,1912
16278,2488,9871
16278,2488,5803
16278,2488,964
16278,2488,8081
16278,2488,6885
16278,2488,2979
17191,2489,1558
17191,2489,110
17191,2489,8551
17191,2489,6578
17191,2489,7606
17191,2489,9103
17191,2489,1716
17191,2489,4372
348,2490,4749
348,2490,7735
348,2490,7812
348,2490,7589
19584,2491,4360
5821,2492,3187
4580,2493,3304
4580,2493,993
4580,2493,7944
4580,2493,160
4580,2493,3550
4580,2493,4325
4580,2493,8607
4580,2493,5248
4580,2493,1705
12129,2494,8975
12129,2494,4167
12129,2494,1742
10280,2495,2910
10280,2495,4005
10280,2495,5486
10280,2495,3546
10280,2495,2059
10280,2495,397
10280,2495,9784
2976,2496,7552
2976,2496,546
2976,2496,5622
2976,2496,8687
2976,2496,6570
2976,2496,2503
2976,2496,893
9794,2497,9062
9794,2497,4607
9794,2497,7682
9794,2497,1786
9794,2497,648
9794,2497,8953
13009,2498,3031
13009,2498,2986
13009,2498,398
13009,2498,4855
13009,2498,7387
13009,2498,8312
13009,2498,644
13009,2498,3044
15301,2499,2654
15301,2499,9535
16974,2500,4992
16044,2501,9739
16044,2501,1518
17809,2502,6377
17809,2502,3880
17809,2502,690
17809,2502,7072
17809,2502,338
17809,2502,4126
17809,2502,3026
17809,2502,8359
17809,2502,7807
13568,2503,8747
13568,2503,719
13568,2503,5704
12090,2504,7030
12090,2504,4967
12090,2504,3161
12090,2504,9234
12090,2504,1763
9577,2505,5061
9577,2505,5078
12897,2506,7559
12897,2506,4063
12897,2506,5050
12897,2506,9307
12673,2507,4056
12673,2507,5782
12673,2507,7614
12673,2507,6649
14219,2508,5377
14219,2508,7385
14219,2508,4236
14219,2508,4225
14219,2508,3344
14219,2508,5057
14219,2508,1518
590,2509,4039
590,2509,9526
590,2509,8045
590,2509,7363
590,2509,8123
1667,2510,8621
1667,2510,7605
1667,2510,4476
1667,2510,4651
1667,2510,116
1667,2510,6212
1667,2510,4070
9538,2511,9524
9538,2511,5786
9538,2511,2742
9538,2511,2260
9538,2511,2843
9538,2511,1698
637,2512,3175
637,2512,673
637,2512,6696
637,2512,7531
637,2512,2422
637,2512,3574
637,2512,6369
637,2512,317
12205,2513,9252
12205,2513,8859
12205,2513,9782
12205,2513,2024
12205,2513,875
12205,2513,9864
12205,2513,5301
12205,2513,1873
18808,2514,1004
18808,2514,8097
18808,2514,8127
18808,2514,3266
13452,2515,2446
13452,2515,5861
13452,2515,788
13452,2515,3248
6222,2516,3648
6222,2516,1606
6222,2516,6987
6222,2516,8719
6222,2516,4987
6222,2516,5364
6222,2516,5229
6222,2516,6492
6222,2516,5355
15602,2517,28
15602,2517,7257
15602,2517,545
15602,2517,6386
15602,2517,1174
15602,2517,3838
15602,2517,5005
15602,2517,9289
15602,2517,8816
8360,2518,2809
8360,2518,5512
8360,2518,1743
8360,2518,5965
8360,2518,8396
8360,2518,8721
18531,2519,5520
18531,2519,5685
18531,2519,1170
18531,2519,183
18531,2519,4414
18531,2519,4734
4241,2520,6000
4241,2520,4151
4241,2520,5254
4241,2520,7581
4241,2520,6106
4241,2520,9301
13034,2521,4908
12154,2522,6536
2537,2523,3389
2537,2523,8788
2537,2523,3713
17933,2524,2616
17933,2524,1011
17933,2524,4530
17933,2524,8433
17933,2524,7663
16211,2525,8731
16211,2525,1471
16211,2525,7220
16211,2525,1156
16211,2525,5717
16211,2525,9997
16211,2525,2881
16211,2525,8396
16211,2525,1838
5697,2526,9425
5697,2526,5173
5697,2526,4698
5697,2526,5192
5697,2526,7095
5697,2526,65
5697,2526,2277
5697,2526,6800
5697,2526,7894
15780,2527,5017
15780,2527,2188
15780,2527,1351
15780,2527,9702
15780,2527,6899
15780,2527,5635
664,2528,4446
664,2528,5328
15207,2529,1035
15207,2529,4481
12850,2530,6765
12850,2530,9449
12850,2530,131
14058,2531,9100
14058,2531,8357
14058,2531,5896
14058,2531,5206
14058,2531,7313
14058,2531,8826
14058,2531,2336
14058,2531,8796
12747,2532,8969
12747,2532,7787
12747,2532,8119
12747,2532,7568
12747,2532,4946
8092,2533,2651
8092,2533,9693
8092,2533,7452
8092,2533,8227
8092,2533,6112
8092,2533,6139
8092,2533,7377
1234,2534,621
17479,2535,9249
17479,2535,2077
17479,2535,39
17479,2535,4673
17479,2535,8640
17479,2535,546
17545,2536,9335
17545,2536,2389
17545,2536,8916
17545,2536,7328
17545,2536,3918
17545,2536,7389
17545,2536,6688
11872,2537,3718
16782,2538,2756
16782,2538,8032
800,2539,8907
800,2539,2520
800,2539,7665
800,2539,2081
800,2539,7797
800,2539,4166
5962,2540,3873
5962,2540,6800
5962,2540,2529
10568,2541,9409
10568,2541,7547
10568,2541,3942
10568,2541,5012
10568,2541,4275
10568,2541,6310
10568,2541,4259
16847,2542,1405
16847,2542,6060
16847,2542,3147
16847,2542,2451
3131,2543,8712
3131,2543,6606
3131,2543,1383
3131,2543,2711
3131,2543,7009
3131,2543,9070
3131,2543,3340
3131,2543,7424
12026,2544,5022
12026,2544,8432
12026,2544,1808
17244,2545,7095
17244,2545,5169
17244,2545,7417
17244,2545,4247
17244,2545,2946
4031,2546,5344
14189,2547,250
14189,2547,1453
14189,2547,1201
10087,2548,9845
10087,2548,3169
1170,2549,712
1170,2549,8178
1170,2549,6525
1170,2549,8274
1170,2549,4749
1170,2549,8963
1170,2549,392
3690,2550,5105
3690,2550,2035
3690,2550,9467
3690,2550,5963
3690,2550,6892
3690,2550,3221
3690,2550,5560
7474,2551,6488
7474,2551,1358
7474,2551,7916
7474,2551,3996
7474,2551,9532
7474,2551,152
7474,2551,6778
7474,2551,4881
7474,2551,2244
16411,2552,6843
16411,2552,6039
16411,2552,4134
16411,2552,6139
16411,2552,8493
16411,2552,5916
16411,2552,3864
15718,2553,7646
15718,2553,7125
15718,2553,7548
15718,2553,3236
15718,2553,6352
15718,2553,7996
15718,2553,1510
15718,2553,3535
15718,2553,7241
6759,2554,6006
6759,2554,4893
6759,2554,3304
6759,2554,7729
6759,2554,4763
3775,2555,3893
3775,2555,5071
3775,2555,6960
3775,2555,3577
3775,2555,7906
10292,2556,8526
10292,2556,7610
10292,2556,7808
2222,2557,6554
2222,2557,7503
14599,2558,332
14599,2558,8350
14599,2558,7704
14599,2558,5761
14599,2558,9037
14599,2558,755
14599,2558,4344
14599,2558,2152
19919,2559,1071
19919,2559,340
19919,2559,4347
19919,2559,1910
19919,2559,5142
19919,2559,6668
19919,2559,6112
19919,2559,2765
17050,2560,302
17050,2560,9796
17050,2560,9458
17050,2560,6598
17050,2560,1907
17050,2560,1481
3640,2561,9662
3640,2561,5979
3640,2561,3985
3640,2561,277
3640,2561,7663
3640,2561,3911
3640,2561,1566
3735,2562,6512
6219,2563,4162
6219,2563,7211
6219,2563,9539
6219,2563,4651
1259,2564,3275
1259,2564,4400
1259,2564,7321
1259,2564,5544
12257,2565,6509
12257,2565,8126
12257,2565,374
12257,2565,3069
12257,2565,2083
3242,2566,822
3242,2566,7049
3242,2566,2713
3242,2566,9105
3242,2566,1261
3242,2566,5422
14130,2567,2221
14130,2567,3328
14130,2567,8277
14130,2567,4709
14130,2567,8237
14130,2567,1625
19428,2568,8123
19428,2568,4058
19428,2568,3795
19428,2568,7947
19428,2568,9586
19428,2568,1860
19428,2568,433
19428,2568,958
19428,2568,4233
5018,2569,3855
5018,2569,4499
5018,2569,6228
5018,2569,5193
5018,2569,2143
5018,2569,6123
5018,2569,4150
4193,2570,5465
4193,2570,3842
4193,2570,1624
4193,2570,8550
4193,2570,9085
4193,2570,8366
4193,2570,9256
4193,2570,3293
4193,2570,7699
5781,2571,6206
5781,2571,5005
5781,2571,8210
5781,2571,2452
5781,2571,3312
5781,2571,14
5781,2571,3813
5781,2571,1953
2074,2572,8108
2074,2572,8078
2074,2572,6919
2074,2572,921
2074,2572,8667
2074,2572,2388
14785,2573,1758
14785,2573,2776
14785,2573,5594
14785,2573,2223
14785,2573,4427
14785,2573,1768
14785,2573,5212
14785,2573,7778
14785,2573,8843
11522,2574,9343
11522,2574,8731
11522,2574,5169
11522,2574,9123
11522,2574,9709
11522,2574,8074
7334,2575,3072
7334,2575,2347
7334,2575,1620
7334,2575,517
7334,2575,878
7334,2575,5254
7334,2575,5120
7334,2575,1236
19933,2576,82
19933,2576,2747
19933,2576,6196
4291,2577,318
4291,2577,7249
4291,2577,2398
4291,2577,224
4291,2577,8267
4291,2577,2272
4291,2577,6697
15865,2578,7899
15865,2578,9937
15865,2578,3361
15865,2578,7770
15865,2578,3504
15865,2578,1702
15865,2578,7594
9685,2579,3711
9685,2579,859
9685,2579,6008
9685,2579,5497
9685,2579,522
9685,2579,636
9685,2579,3487
9685,2579,420
7561,2580,3337
7561,2580,4329
7561,2580,7600
7561,2580,7057
3482,2581,6648
5311,2582,5359
5311,2582,3849
5311,2582,7977
5311,2582,4530
5311,2582,759
5311,2582,2177
5311,2582,5328
5311,2582,6475
8148,2583,7221
8148,2583,9349
8148,2583,8816
8148,2583,263
8148,2583,8652
8148,2583,9216
8148,2583,945
17842,2584,7317
17842,2584,5579
17842,2584,8024
17842,2584,5007
17842,2584,563
4281,2585,482
4281,2585,4106
4281,2585,8511
4281,2585,566
4281,2585,9711
4281,2585,1173
2355,2586,5712
2355,2586,4405
2355,2586,6386
2784,2587,6950
2784,2587,4900
2784,2587,1294
10799,2588,9767
10799,2588,8301
18947,2589,651
18947,2589,1119
18947,2589,6600
18947,2589,7653
18947,2589,7953
18947,2589,4377
18947,2589,2608
18947,2589,381
3349,2590,7074
3349,2590,5208
3349,2590,2812
3349,2590,6318
12899,2591,6157
12899,2591,9995
12899,2591,2351
12899,2591,5741
235,2592,1444
5768,2593,6953
4320,2594,5669
17300,2595,2282
17300,2595,1248
17300,2595,2830
17300,2595,9923
14835,2596,7520
14835,2596,4649
14835,2596,3016
14835,2596,5625
14835,2596,6198
14835,2596,2128
14835,2596,4562
14835,2596,4817
14835,2596,6445
17453,2597,1002
17453,2597,2539
17453,2597,209
17453,2597,8342
17453,2597,5524
17453,2597,9029
17453,2597,990
17453,2597,2059
17453,2597,2011
8276,2598,1934
8276,2598,8136
8276,2598,9155
8276,2598,7104
8276,2598,4768
14611,2599,3745
14611,2599,8707
14611,2599,3232
14611,2599,9441
14611,2599,9779
14611,2599,837
14611,2599,9755
14611,2599,5928
14611,2599,6002
8275,2600,9965
8275,2600,2896
8275,2600,1448
8275,2600,2038
8275,2600,2307
2027,2601,8749
17055,2602,317
17055,2602,7276
17055,2602,1104
17055,2602,4104
17055,2602,7414
17055,2602,1815
9421,2603,7208
9421,2603,5609
9421,2603,9932
9421,2603,528
9421,2603,4536
19674,2604,5974
19674,2604,1211
19674,2604,4363
19674,2604,6526
19674,2604,9196
2021,2605,5721
2021,2605,7624
2021,2605,7577
15016,2606,2491
15016,2606,2245
15016,2606,1060
14067,2607,283
14067,2607,956
14067,2607,996
14067,2607,747
14067,2607,1162
14067,2607,2296
14067,2607,5494
14067,2607,9810
4503,2608,5220
4503,2608,1061
4503,2608,5034
4503,2608,7512
4503,2608,9154
4503,2608,1105
4503,2608,8208
4503,2608,6243
4503,2608,2211
6745,2609,255
6745,2609,1223
8747,2610,4211
8747,2610,1264
8747,2610,5000
8747,2610,7392
8747,2610,8761
8747,2610,8190
8747,2610,5981
8747,2610,1925
8272,2611,7508
8272,2611,5913
8272,2611,2815
8272,2611,7826
8272,2611,1509
11439,2612,991
11439,2612,6188
11439,2612,5187
11439,2612,4928
11439,2612,4813
11439,2612,9773
11439,2612,3132
11439,2612,873
11439,2612,9984
11792,2613,3032
11792,2613,3859
11792,2613,4110
11792,2613,259
2500,2614,9633
2500,2614,3513
2500,2614,3022
2500,2614,5468
2500,2614,5063
2500,2614,8169
2500,2614,943
2500,2614,4316
917,2615,4427
917,2615,1619
917,2615,1327
917,2615,321
917,2615,3127
917,2615,2268
917,2615,4427
14897,2616,243
14897,2616,1385
14897,2616,5103
18838,2617,9877
8607,2618,2840
8607,2618,1185
8607,2618,2732
8607,2618,7941
8607,2618,7070
8607,2618,781
8607,2618,9815
8607,2618,7174
8607,2618,4054
18312,2619,8575
18312,2619,5643
18312,2619,3629
18312,2619,2755
18312,2619,2640
7648,2620,8135
7648,2620,8093
7648,2620,9061
17751,2621,8933
17751,2621,5323
17751,2621,6967
17751,2621,2435
17751,2621,973
17751,2621,3993
17751,2621,1410
8098,2622,7873
8098,2622,9386
8098,2622,7789
8098,2622,1211
8098,2622,6350
8098,2622,5725
9315,2623,2060
9315,2623,9097
9315,2623,426
8835,2624,1164
8835,2624,8029
8835,2624,6898
8835,2624,4599
4774,2625,9236
4774,2625,3922
4774,2625,218
16272,2626,3021
16272,2626,6170
17481,2627,2721
17481,2627,8821
17481,2627,2531
17481,2627,6651
17481,2627,2001
17481,2627,9517
17481,2627,1678
17481,2627,5872
12179,2628,4225
12179,2628,5005
12179,2628,4945
16982,2629,6708
16982,2629,7580
16982,2629,3385
16982,2629,1246
16982,2629,7241
16982,2629,8593
16982,2629,9007
16982,2629,5509
18440,2630,2549
18440,2630,4426
18440,2630,2438
6257,2631,1682
6257,2631,1277
6257,2631,97
6257,2631,9372
6257,2631,4695
6257,2631,4589
6257,2631,3369
6257,2631,3558
18852,2632,2384
18852,2632,4634
18852,2632,8197
18852,2632,6179
18852,2632,200
18852,2632,5565
18852,2632,8608
18852,2632,1142
18852,2632,1502
12392,2633,9483
12392,2633,8231
12392,2633,9370
12392,2633,2466
12392,2633,6145
1557,2634,7850
1557,2634,3230
1557,2634,1876
1557,2634,9930
1557,2634,5635
1557,2634,9188
18468,2635,3869
18468,2635,9203
18468,2635,5855
18468,2635,8803
18468,2635,6037
18468,2635,3170
18468,2635,5725
18468,2635,452
7361,2636,2475
7361,2636,5021
7361,2636,2623
7361,2636,5246
7361,2636,3442
14621,2637,9410
14621,2637,690
13452,2638,871
13452,2638,3565
13452,2638,2458
13452,2638,5003
13452,2638,766
13452,2638,5632
13452,2638,5586
13452,2638,9995
6873,2639,747
6873,2639,7497
6873,2639,8048
6873,2639,8367
6873,2639,4912
11564,2640,7104
11564,2640,2145
11564,2640,6945
11564,2640,9583
11564,2640,8696
11564,2640,832
6587,2641,8672
6587,2641,6208
6587,2641,3029
6587,2641,4353
6587,2641,7871
448,2642,6141
448,2642,6193
448,2642,4256
7677,2643,9006
7677,2643,8580
7677,2643,9839
7677,2643,412
7677,2643,3579
7677,2643,4677
7677,2643,875
7677,2643,8002
7677,2643,8294
6680,2644,5490
6680,2644,3395
6680,2644,3580
6680,2644,3584
6680,2644,4480
6120,2645,3766
6120,2645,4186
6120,2645,4625
6120,2645,3951
6120,2645,7893
6120,2645,4245
6427,2646,8323
6427,2646,7565
6427,2646,4762
6427,2646,6307
6427,2646,437
6427,2646,935
6427,2646,3847
15224,2647,4956
15224,2647,4999
15224,2647,6659
15224,2647,858
15224,2647,9078
15224,2647,4117
4878,2648,4157
4878,2648,9563
4878,2648,6725
4878,2648,1250
4878,2648,6274
4878,2648,6188
4878,2648,2708
4878,2648,4361
18719,2649,2251
2655,2650,9931
2655,2650,7998
2655,2650,432
2655,2650,1930
2655,2650,2618
2655,2650,9992
12530,2651,4489
12530,2651,5224
12530,2651,9335
11809,2652,3332
8982,2653,6504
8982,2653,5265
14388,2654,5849
14388,2654,3282
14388,2654,3185
14388,2654,4663
14388,2654,3916
14388,2654,6522
14388,2654,8991
14388,2654,9155
14388,2654,5189
13947,2655,8689
13947,2655,1009
13947,2655,415
13947,2655,1148
13947,2655,7220
13947,2655,4262
14893,2656,5119
14893,2656,3707
14893,2656,9911
14893,2656,6371
3118,2657,8533
14443,2658,1175
14443,2658,6230
14443,2658,9767
14443,2658,9319
14443,2658,3950
14443,2658,1475
14443,2658,2296
14443,2658,3355
6531,2659,2331
6531,2659,6165
6531,2659,1080
6531,2659,2411
6531,2659,1918
6185,2660,5415
6185,2660,6600
6185,2660,641
4231,2661,8709
4231,2661,1506
4231,2661,3864
4231,2661,1549
4231,2661,234
2627,2662,9810
2627,2662,6907
2627,2662,7419
5666,2663,7566
5666,2663,7029
5666,2663,3118
5666,2663,6277
5666,2663,4871
5666,2663,8770
637,2664,8032
637,2664,9534
637,2664,7489
637,2664,4767
637,2664,6073
637,2664,8146
637,2664,5018
637,2664,2432
18922,2665,3733
18922,2665,4454
18922,2665,7416
10806,2666,3623
10806,2666,7265
10806,2666,2012
13557,2667,8964
13557,2667,4524
13557,2667,5801
13557,2667,6565
13557,2667,6416
13557,2667,7938
13557,2667,9555
13557,2667,8751
12174,2668,8350
12174,2668,726
12174,2668,9153
12174,2668,368
12174,2668,9517
12174,2668,223
12174,2668,6809
12174,2668,2461
12174,2668,1701
16234,2669,8266
16234,2669,8249
16234,2669,5473
16234,2669,3103
16234,2669,3016
16234,2669,3843
5990,2670,4647
5990,2670,6950
5990,2670,4475
5990,2670,9614
5990,2670,6368
5990,2670,5961
5990,2670,9432
15393,2671,4713
15393,2671,2257
15393,2671,6728
15393,2671,9268
15393,2671,9014
15393,2671,3565
15393,2671,3768
15393,2671,1487
11923,2672,2897
11923,2672,4008
11923,2672,5132
10555,2673,3673
10555,2673,6055
10555,2673,3663
10555,2673,1201
10555,2673,3353
10555,2673,9265
10555,2673,5706
14385,2674,3154
14385,2674,899
14385,2674,9068
14385,2674,4907
14385,2674,8345
14385,2674,9477
14385,2674,5844
14385,2674,5328
17980,2675,1921
2370,2676,4217
2370,2676,3389
2370,2676,8284
2370,2676,6191
2370,2676,2592
2370,2676,4089
4867,2677,1913
4867,2677,2082
4867,2677,3912
4867,2677,6230
4867,2677,1436
4867,2677,6626
4867,2677,9335
4867,2677,8124
4867,2677,1653
19873,2678,9119
19873,2678,2966
19873,2678,8145
19873,2678,5640
19873,2678,1357
19873,2678,6326
19873,2678,4793
2045,2679,9172
2045,2679,7960
2045,2679,7029
2045,2679,2058
2045,2679,7595
2045,2679,8618
15472,2680,943
15472,2680,6671
15472,2680,8753
15472,2680,4136
17856,2681,9950
17856,2681,2094
17856,2681,9596
17856,2681,7629
17856,2681,6136
17856,2681,5307
7847,2682,1660
7847,2682,8790
7847,2682,114
7847,2682,9185
7847,2682,3487
9902,2683,1012
9902,2683,3399
9902,2683,1320
9902,2683,3158
9902,2683,9620
9902,2683,8634
9902,2683,3023
9902,2683,8849
9902,2683,6436
10452,2684,687
10452,2684,7053
10452,2684,5616
10452,2684,9124
10452,2684,252
10452,2684,61
10452,2684,3241
10452,2684,6646
12530,2685,1191
12530,2685,855
12530,2685,1114
12530,2685,548
12530,2685,2517
12530,2685,7376
12530,2685,5953
12530,2685,7376
12530,2685,5424
11352,2686,9327
11352,2686,872
11352,2686,6274
11352,2686,2237
11352,2686,161
11352,2686,676
11352,2686,3466
11352,2686,8306
11352,2686,977
16705,2687,2781
16705,2687,5190
16705,2687,7900
16705,2687,3880
6413,2688,9178
6413,2688,6182
6413,2688,2647
6413,2688,4840
6413,2688,7357
11325,2689,6485
11325,2689,4442
11325,2689,3610
11325,2689,1910
11325,2689,5426
11325,2689,3420
15061,2690,2513
15061,2690,9438
15061,2690,3103
15061,2690,5037
15061,2690,5408
15061,2690,6249
15061,2690,8055
15061,2690,6609
2099,2691,8272
2099,2691,963
8765,2692,1913
8765,2692,9867
18610,2693,1390
13595,2694,7317
13595,2694,3064
13595,2694,3144
13595,2694,4975
13595,2694,3781
9488,2695,9126
9488,2695,3030
5794,2696,2202
5794,2696,2971
5794,2696,6740
14578,2697,5893
14578,2697,1630
14578,2697,399
14578,2697,7227
14578,2697,9850
14578,2697,8923
14578,2697,4295
14650,2698,222
14650,2698,4862
15663,2699,9051
15663,2699,7164
15663,2699,4105
15663,2699,3550
15663,2699,2091
15663,2699,2338
15663,2699,8127
15663,2699,1695
15663,2699,8980
11435,2700,7915
11435,2700,8737
11435,2700,5959
11435,2700,608
19317,2701,4427
19317,2701,1966
19317,2701,8210
19317,2701,1923
19317,2701,3374
19317,2701,2734
19317,2701,7099
19317,2701,1059
19317,2701,7431
10691,2702,8122
10691,2702,6991
10691,2702,5838
10691,2702,8387
10691,2702,7647
19224,2703,3669
19224,2703,5440
19224,2703,2761
19224,2703,2111
19224,2703,9886
14633,2704,2662
14633,2704,3559
14633,2704,9317
14633,2704,9511
14633,2704,9286
14633,2704,9362
14633,2704,711
14633,2704,6545
425,2705,7255
425,2705,4550
425,2705,6830
425,2705,2535
425,2705,1753
425,2705,7325
1767,2706,1432
1767,2706,9997
1767,2706,2605
1767,2706,7650
1767,2706,5404
12684,2707,2719
12684,2707,5993
12684,2707,1027
12684,2707,1705
12684,2707,1708
12684,2707,3637
12684,2707,7871
12684,2707,9915
12684,2707,4005
8002,2708,3360
17527,2709,5105
17527,2709,7528
17527,2709,9977
17527,2709,5093
17527,2709,6342
17527,2709,4564
17527,2709,255
17527,2709,7081
13991,2710,8343
13991,2710,5368
17454,2711,7490
17454,2711,1540
17454,2711,2345
4643,2712,3325
4643,2712,2310
4643,2712,6978
4643,2712,6087
4643,2712,689
3760,2713,845
3760,2713,9803
3760,2713,8909
3760,2713,3221
3760,2713,3953
3760,2713,8994
3760,2713,3828
3760,2713,8619
3760,2713,4924
14465,2714,9797
14465,2714,6379
14465,2714,9366
8361,2715,4363
8361,2715,3396
8361,2715,6553
1010,2716,6802
1010,2716,8076
1010,2716,1618
1010,2716,7363
1010,2716,232
1010,2716,9283
1010,2716,3109
1010,2716,513
5754,2717,6086
5754,2717,6550
5754,2717,4288
5754,2717,6097
5754,2717,3608
5754,2717,2622
5754,2717,2677
5754,2717,5830
5754,2717,3697
7856,2718,3956
8936,2719,7345
8936,2719,9212
8936,2719,3636
8936,2719,2911
8936,2719,8864
8936,2719,1882
8936,2719,6481
8936,2719,2881
8936,2719,5202
17795,2720,2826
17795,2720,5244
17795,2720,5779
17795,2720,1249
17795,2720,732
19887,2721,5705
19887,2721,5924
19887,2721,3941
19887,2721,7040
19887,2721,2309
19887,2721,9578
19887,2721,8631
19887,2721,6407
18465,2722,6013
18465,2722,4418
18465,2722,343
9413,2723,2706
9413,2723,2810
9413,2723,5366
9413,2723,6434
9413,2723,7172
9413,2723,2325
9413,2723,6252
9413,2723,9777
15021,2724,488
15021,2724,2907
15021,2724,5165
15021,2724,55
10296,2725,5945
2620,2726,3715
2620,2726,4467
2620,2726,2377
2620,2726,6994
2620,2726,3377
2620,2726,9664
303,2727,5056
303,2727,8947
303,2727,9355
303,2727,259
303,2727,7565
303,2727,9956
16823,2728,4039
16823,2728,7266
8519,2729,2742
8519,2729,6409
19159,2730,7915
19159,2730,8551
19159,2730,7079
19159,2730,5520
10950,2731,3887
10950,2731,3751
10950,2731,1123
17773,2732,28
17773,2732,1142
17773,2732,3549
9556,2733,4954
9556,2733,1199
9556,2733,325
9556,2733,6675
16345,2734,2249
16345,2734,4004
16345,2734,2626
16345,2734,2258
16345,2734,1253
16345,2734,5916
18928,2735,4242
18928,2735,8663
18928,2735,6400
18928,2735,1229
18928,2735,6580
17544,2736,4851
17544,2736,1528
17544,2736,1695
17544,2736,7198
17544,2736,2052
17544,2736,6237
17544,2736,844
17544,2736,7432
17544,2736,9690
16705,2737,8214
16705,2737,769
16705,2737,10000
16705,2737,3565
16831,2738,7270
16831,2738,8425
16831,2738,46
16831,2738,2917
7519,2739,6522
7519,2739,7549
7519,2739,9280
7519,2739,8213
7519,2739,515
7519,2739,2286
11701,2740,4266
11701,2740,8826
11701,2740,7083
11701,2740,6001
11701,2740,7728
12343,2741,2047
12343,2741,5575
12343,2741,3366
12343,2741,8014
12343,2741,2347
9266,2742,484
9266,2742,6922
9266,2742,6621
7406,2743,831
7406,2743,1201
7406,2743,6897
17886,2744,8539
17886,2744,9315
17886,2744,8019
17886,2744,5081
17886,2744,6294
13554,2745,1526
13554,2745,3615
13554,2745,80
13554,2745,92
13554,2745,7337
13554,2745,5150
13554,2745,5170
13554,2745,3176
3429,2746,8267
3429,2746,9473
3429,2746,1283
3429,2746,7471
3429,2746,2544
3429,2746,95
3429,2746,3604
3429,2746,1878
3939,2747,3262
3939,2747,1891
3939,2747,3780
3939,2747,6677
3939,2747,6781
3939,2747,89
3939,2747,4067
10697,2748,7577
10697,2748,3092
10697,2748,1941
10697,2748,1381
10697,2748,378
10697,2748,5788
18098,2749,7481
18098,2749,6315
6189,2750,8142
13072,2751,2401
13072,2751,3619
13072,2751,181
13072,2751,2187
13072,2751,9378
13072,2751,3262
5240,2752,3869
5240,2752,742
5240,2752,5852
2741,2753,956
2741,2753,7955
711,2754,5848
711,2754,7713
14182,2755,2256
14182,2755,6021
14182,2755,382
14182,2755,8165
8032,2756,5386
8032,2756,4768
8032,2756,7790
8032,2756,2230
1254,2757,9206
1254,2757,6959
1254,2757,3280
1254,2757,2746
1254,2757,5691
1254,2757,2006
1254,2757,8655
1254,2757,7196
1254,2757,4186
19143,2758,5912
19143,2758,9565
19143,2758,8944
19143,2758,8768
19143,2758,1566
19143,2758,3610
19143,2758,7319
127,2759,8830
127,2759,7843
10077,2760,4868
10077,2760,8357
10077,2760,5129
10077,2760,2319
10077,2760,2410
10077,2760,7335
10077,2760,8683
10077,2760,9152
12939,2761,6533
12939,2761,5275
12939,2761,6035
12939,2761,2846
18114,2762,7343
18114,2762,2721
18114,2762,2047
8912,2763,5634
8912,2763,3398
8912,2763,7274
8912,2763,1254
8912,2763,4324
19196,2764,2715
19196,2764,4729
19196,2764,5051
19196,2764,3893
13226,2765,1652
13226,2765,8429
13226,2765,6526
13226,2765,2935
418,2766,6663
9444,2767,8816
7089,2768,7694
7089,2768,4475
18677,2769,1367
15785,2770,7816
15785,2770,1502
16329,2771,2886
16329,2771,3957
16329,2771,5672
7844,2772,6065
7844,2772,2561
7844,2772,6881
16494,2773,6139
16494,2773,4877
16494,2773,9193
16494,2773,2514
12280,2774,4432
12280,2774,9130
12280,2774,2090
12280,2774,4025
12280,2774,7315
12280,2774,2700
12280,2774,4909
268,2775,3718
268,2775,8466
268,2775,7920
268,2775,4972
19028,2776,6942
19028,2776,134
19028,2776,1107
19028,2776,446
19028,2776,7381
19028,2776,5220
19028,2776,7636
19028,2776,9660
19028,2776,263
7960,2777,2574
7960,2777,3993
7960,2777,9804
7960,2777,7059
7960,2777,4907
7960,2777,7381
16974,2778,3618
17676,2779,8966
17676,2779,9577
17676,2779,1869
17676,2779,3208
17676,2779,3780
17676,2779,2691
4989,2780,8871
12502,2781,4738
12502,2781,4974
12502,2781,5502
12502,2781,7193
12502,2781,9164
17479,2782,6185
17479,2782,9795
17479,2782,4376
17479,2782,7736
17479,2782,4979
17479,2782,8088
4946,2783,6930
4946,2783,4393
4946,2783,3193
4946,2783,5155
8636,2784,3058
8636,2784,1201
8636,2784,525
8636,2784,9205
8636,2784,3480
16917,2785,2308
4815,2786,7245
874,2787,822
874,2787,1468
874,2787,928
874,2787,9297
874,2787,3767
874,2787,3123
874,2787,4722
14649,2788,8014
14649,2788,6497
14649,2788,9777
14649,2788,1268
14649,2788,4483
14649,2788,7458
14649,2788,414
14649,2788,6769
15391,2789,9824
15391,2789,4764
15391,2789,3144
15391,2789,9549
15391,2789,6810
9646,2790,5999
9646,2790,6080
9646,2790,8775
9646,2790,530
9646,2790,1130
9646,2790,4512
9646,2790,2824
9646,2790,5593
10832,2791,8362
10832,2791,9348
10832,2791,5601
10832,2791,2519
10832,2791,981
10832,2791,4677
10832,2791,6250
10832,2791,4245
10832,2791,1320
4897,2792,346
4897,2792,5924
4897,2792,7771
4897,2792,1354
4897,2792,886
4897,2792,9720
10641,2793,2211
13774,2794,7644
17925,2795,1411
17925,2795,2938
17925,2795,7625
17925,2795,7695
17925,2795,9884
17925,2795,2568
17925,2795,8764
12777,2796,6532
12777,2796,4764
12777,2796,6705
12777,2796,2062
12777,2796,7707
12777,2796,3311
12777,2796,5146
16166,2797,6945
16166,2797,3177
16166,2797,3220
16166,2797,7598
16166,2797,8031
16166,2797,8371
16166,2797,5992
16166,2797,5456
4321,2798,6508
4321,2798,6112
4321,2798,8647
4321,2798,4540
4321,2798,9340
4321,2798,6587
4321,2798,5188
4321,2798,3112
1418,2799,9308
1418,2799,9176
1418,2799,3663
1418,2799,6054
11842,2800,3494
11842,2800,3118
11842,2800,5240
9159,2801,863
9159,2801,7296
9159,2801,2269
9159,2801,4684
9159,2801,6340
9159,2801,1419
9159,2801,9291
10688,2802,1265
10688,2802,237
10688,2802,6675
10688,2802,6900
10688,2802,1010
10688,2802,6494
10688,2802,5377
5344,2803,5474
5344,2803,8470
5344,2803,6
5344,2803,7329
5344,2803,4971
5344,2803,4640
11808,2804,663
11808,2804,8002
11808,2804,1070
11808,2804,5407
11808,2804,8695
4476,2805,8050
4476,2805,2267
4476,2805,742
4476,2805,6409
4476,2805,1567
4476,2805,5546
19915,2806,4606
19915,2806,2806
19915,2806,334
19915,2806,1619
627,2807,2551
627,2807,2612
627,2807,8906
627,2807,7120
627,2807,7149
627,2807,7718
6526,2808,3221
6526,2808,9725
6526,2808,9801
6526,2808,434
6526,2808,6405
6526,2808,5874
4792,2809,2374
4792,2809,5517
4792,2809,1692
4792,2809,927
4792,2809,6163
2139,2810,7145
2139,2810,9505
2139,2810,2953
6773,2811,5439
6773,2811,3648
6773,2811,7709
6773,2811,2720
6773,2811,4666
6773,2811,1361
4574,2812,931
4574,2812,8104
4574,2812,5228
4574,2812,7965
4574,2812,2119
4574,2812,4038
4574,2812,4304
19484,2813,7546
532,2814,8502
532,2814,9842
532,2814,229
532,2814,6408
9024,2815,9761
9024,2815,7751
9024,2815,2879
14365,2816,6925
8941,2817,4736
6476,2818,2611
6476,2818,8871
6476,2818,6465
6476,2818,3530
6580,2819,5168
6580,2819,9221
6580,2819,2484
6580,2819,9280
6580,2819,8541
6580,2819,3879
6580,2819,1471
10921,2820,9292
10921,2820,6611
6151,2821,3537
6151,2821,301
6151,2821,1937
6151,2821,1261
6151,2821,4032
6151,2821,5643
6151,2821,3153
14062,2822,5646
14062,2822,1209
14062,2822,814
14062,2822,1960
14062,2822,8663
14062,2822,501
8073,2823,9996
8073,2823,8221
8073,2823,1085
13455,2824,911
13455,2824,5183
13455,2824,5590
13455,2824,3697
13455,2824,8326
13455,2824,7299
13455,2824,1935
13455,2824,5727
16356,2825,930
16356,2825,7368
16356,2825,7722
16356,2825,1404
16356,2825,5180
16356,2825,874
16356,2825,6811
4800,2826,9198
4800,2826,8485
4800,2826,5495
4800,2826,2457
3809,2827,9344
3809,2827,5792
3809,2827,9479
3809,2827,5164
3809,2827,6235
3809,2827,7851
3809,2827,6432
3809,2827,3164
3809,2827,7061
12517,2828,2755
12517,2828,9587
12517,2828,1972
12517,2828,7115
12517,2828,1766
12517,2828,1698
12517,2828,3169
12517,2828,1071
12517,2828,2060
19820,2829,4571
19820,2829,1816
19820,2829,7624
19820,2829,7890
19820,2829,1668
2509,2830,3695
2509,2830,6973
2509,2830,9427
2509,2830,3019
2509,2830,9847
2509,2830,927
19202,2831,4708
19202,2831,3384
19202,2831,8018
19202,2831,9023
19202,2831,3887
19202,2831,6550
4808,2832,5373
4808,2832,1100
4808,2832,8763
4808,2832,7394
4808,2832,8208
4808,2832,515
4661,2833,8717
4661,2833,9152
4661,2833,9799
7370,2834,1202
7370,2834,1594
7370,2834,6447
7370,2834,4414
7370,2834,1766
7370,2834,1665
7370,2834,1785
7370,2834,7480
7370,2834,9474
9764,2835,3674
9764,2835,81
9764,2835,5356
9764,2835,7157
16717,2836,2680
16717,2836,470
16717,2836,9021
16717,2836,269
4107,2837,4353
4107,2837,4276
4107,2837,4912
4107,2837,2330
4107,2837,9487
4107,2837,2058
4107,2837,5130
4107,2837,9063
8180,2838,5564
9169,2839,5270
9169,2839,9666
9169,2839,3516
9169,2839,5856
9169,2839,3001
9169,2839,97
9169,2839,9352
2818,2840,623
2818,2840,9909
2818,2840,7578
6283,2841,7726
6283,2841,3402
6283,2841,9355
6283,2841,8822
6283,2841,7086
6283,2841,662
1517,2842,342
1517,2842,6205
1517,2842,6026
1517,2842,8256
1517,2842,5022
6934,2843,9257
6934,2843,2562
6934,2843,9697
6934,2843,5726
6934,2843,4787
6934,2843,3194
6934,2843,2898
6934,2843,6207
13097,2844,1317
13097,2844,6464
13097,2844,3430
13097,2844,5406
13097,2844,4952
13097,2844,7664
13097,2844,1082
13097,2844,6866
13097,2844,2142
13856,2845,2377
13856,2845,1126
13856,2845,6613
16168,2846,5580
16168,2846,6019
16168,2846,2144
16168,2846,8824
16168,2846,5806
16168,2846,1302
16334,2847,758
16334,2847,5781
16334,2847,9448
16334,2847,4457
16334,2847,6740
16334,2847,5132
16334,2847,9154
16334,2847,8318
8672,2848,5761
8672,2848,9223
1050,2849,8692
1050,2849,4617
1050,2849,3075
1050,2849,5607
1050,2849,8555
1050,2849,3096
16455,2850,7554
15079,2851,9668
15079,2851,1327
15079,2851,7144
15079,2851,9416
15079,2851,6143
15079,2851,1712
15079,2851,7555
15079,2851,1158
19425,2852,5006
4341,2853,7652
4341,2853,3725
4341,2853,8427
4341,2853,3047
4341,2853,2283
4341,2853,133
12550,2854,7035
12550,2854,2282
12550,2854,521
12550,2854,7905
12550,2854,9995
12550,2854,8105
12550,2854,5081
5464,2855,201
5464,2855,1929
5464,2855,595
5464,2855,3438
5464,2855,5909
5464,2855,7002
5464,2855,6718
5464,2855,3072
7185,2856,7338
10884,2857,8192
10884,2857,855
10884,2857,559
10884,2857,1448
10884,2857,4303
10884,2857,6698
10884,2857,2770
10884,2857,6962
7360,2858,2680
7360,2858,4983
4640,2859,7762
4640,2859,7333
4640,2859,9088
4640,2859,6560
4640,2859,9242
4640,2859,2133
4640,2859,50
4640,2859,1285
4640,2859,1436
19509,2860,1145
19509,2860,2432
19509,2860,5875
19509,2860,8446
19509,2860,7809
19509,2860,2794
3762,2861,1527
3762,2861,6727
3762,2861,6115
3762,2861,2490
3762,2861,9595
3762,2861,5645
3762,2861,3679
3762,2861,8580
2023,2862,9611
2023,2862,3779
2023,2862,5603
2023,2862,2560
2023,2862,8452
2023,2862,6482
2023,2862,8458
2023,2862,3638
12254,2863,52
12254,2863,1763
12254,2863,5187
12254,2863,8554
12254,2863,1354
12254,2863,5412
12254,2863,8898
12254,2863,8382
12254,2863,5762
8426,2864,4192
8426,2864,1953
8426,2864,9859
8426,2864,3957
8426,2864,1516
8426,2864,9446
8426,2864,7739
8426,2864,3620
9946,2865,5936
9946,2865,6595
9946,2865,9191
9946,2865,5260
9946,2865,6569
9946,2865,196
9946,2865,7377
14471,2866,9065
14471,2866,6554
14471,2866,8878
4994,2867,7470
4994,2867,2540
4994,2867,1068
4994,2867,7724
4994,2867,1490
16118,2868,8819
16118,2868,4055
16279,2869,3739
16279,2869,7258
16279,2869,798
16279,2869,5113
16279,2869,5533
16279,2869,7758
16279,2869,5988
16279,2869,7207
17393,2870,6755
11148,2871,2982
11148,2871,4896
11148,2871,2643
11148,2871,9443
11148,2871,1251
11148,2871,299
11148,2871,1621
18756,2872,8203
18756,2872,8644
18756,2872,9806
18756,2872,8081
18756,2872,7102
2628,2873,5210
2628,2873,8052
2628,2873,1068
2628,2873,7753
2628,2873,7734
18708,2874,8732
18708,2874,2560
18708,2874,8895
18708,2874,4221
18708,2874,6540
18708,2874,5260
18708,2874,3083
1241,2875,3054
8243,2876,6440
8243,2876,3819
8243,2876,5141
8243,2876,2748
8243,2876,5486
8243,2876,806
10052,2877,7327
10052,2877,6689
10052,2877,5732
16482,2878,8801
16482,2878,8204
16482,2878,5589
16482,2878,2641
15562,2879,1653
15562,2879,7818
15562,2879,6973
102,2880,8390
102,2880,5219
102,2880,5708
102,2880,2363
102,2880,331
17068,2881,3177
17068,2881,2332
17068,2881,8439
183,2882,2550
183,2882,7596
183,2882,9055
14889,2883,1566
7857,2884,5092
7857,2884,5173
7857,2884,2517
7857,2884,3768
7857,2884,1290
7857,2884,4288
12639,2885,5324
12639,2885,4880
12639,2885,2576
12639,2885,1823
12639,2885,9784
12186,2886,2732
12186,2886,8207
12186,2886,5518
12186,2886,6254
12186,2886,5572
12186,2886,1491
12186,2886,4284
12186,2886,6179
3003,2887,5880
3003,2887,3236
3003,2887,6084
3003,2887,1091
16814,2888,816
16814,2888,9749
12005,2889,3546
12005,2889,5416
12005,2889,895
12005,2889,2122
12005,2889,3095
12005,2889,3042
12554,2890,9296
12554,2890,7013
12554,2890,6173
12554,2890,252
12554,2890,7327
14621,2891,2867
14621,2891,6044
14621,2891,7378
14621,2891,9875
14621,2891,6466
14621,2891,3516
14621,2891,1945
14621,2891,5784
14621,2891,6577
7179,2892,1655
7179,2892,9547
7179,2892,3740
19485,2893,9291
19485,2893,7439
19485,2893,4786
19485,2893,6168
19485,2893,283
19485,2893,759
19485,2893,1688
19485,2893,847
19485,2893,1622
10218,2894,8848
10218,2894,2490
10218,2894,2205
10218,2894,2330
3241,2895,8289
3241,2895,2689
3241,2895,7892
3241,2895,4139
3241,2895,5199
12091,2896,3278
12091,2896,1922
12091,2896,9454
12091,2896,2408
12091,2896,3358
12091,2896,724
12091,2896,8621
953,2897,7118
953,2897,51
953,2897,9696
953,2897,3659
953,2897,17
953,2897,940
8435,2898,7287
8435,2898,8356
8435,2898,1450
8435,2898,4307
8435,2898,7399
8435,2898,834
8435,2898,3404
1042,2899,5530
18377,2900,8039
18377,2900,8666
18377,2900,1341
18377,2900,1288
18377,2900,8225
19350,2901,1848
19350,2901,5556
19350,2901,3461
7523,2902,4114
7523,2902,434
7523,2902,4199
7523,2902,3213
7523,2902,3741
7523,2902,5940
7523,2902,597
7523,2902,3708
7523,2902,6871
16453,2903,6981
883,2904,4203
16631,2905,6971
367,2906,2062
5318,2907,1481
5318,2907,1326
5318,2907,8361
5318,2907,321
5318,2907,6193
5318,2907,5783
5318,2907,3920
5318,2907,4015
5318,2907,8301
10542,2908,5454
15032,2909,175
15032,2909,5955
15032,2909,5064
15032,2909,1631
15032,2909,3261
15032,2909,8766
9096,2910,4533
9096,2910,2854
9096,2910,6508
9096,2910,8104
9096,2910,7202
9096,2910,7673
9096,2910,1073
9096,2910,4928
9096,2910,4268
18662,2911,2755
18662,2911,6484
18662,2911,877
18662,2911,6068
18662,2911,995
7696,2912,491
15384,2913,5962
1779,2914,1772
1779,2914,3686
1779,2914,4845
1779,2914,1356
4463,2915,7926
4463,2915,4627
4463,2915,7950
4463,2915,3487
13127,2916,7313
13127,2916,852
13127,2916,2983
13127,2916,1755
13127,2916,8576
6839,2917,4747
6839,2917,8273
6839,2917,3866
6839,2917,1955
6839,2917,8651
6839,2917,6551
12289,2918,831
12289,2918,6569
12289,2918,3412
12289,2918,9945
12289,2918,4305
17982,2919,5033
17982,2919,2323
17982,2919,4540
12990,2920,6399
12990,2920,291
12990,2920,7375
12990,2920,9218
12990,2920,5002
12990,2920,9888
12990,2920,5337
12990,2920,3579
8366,2921,6668
17980,2922,5178
17980,2922,8013
8823,2923,9154
8823,2923,3906
8823,2923,6669
8823,2923,4157
8823,2923,7320
1796,2924,5081
1796,2924,5035
1796,2924,1430
1796,2924,738
1796,2924,3531
3087,2925,5955
3087,2925,4415
3087,2925,5324
3087,2925,3478
3087,2925,7228
3087,2925,8549
3087,2925,7128
3087,2925,5445
3087,2925,9681
9429,2926,6728
9429,2926,3856
9429,2926,8926
9429,2926,1801
9429,2926,8226
5281,2927,961
5281,2927,8876
5281,2927,3975
5281,2927,2735
5281,2927,2363
5281,2927,7363
5281,2927,8704
1953,2928,3986
1953,2928,3742
1953,2928,9430
1953,2928,7610
18338,2929,6052
18338,2929,2500
18338,2929,9444
18338,2929,2352
18338,2929,7575
18338,2929,356
18119,2930,36
18119,2930,6996
18119,2930,3875
18119,2930,6933
9084,2931,3711
9084,2931,5736
9084,2931,2512
9084,2931,4690
9084,2931,4709
9084,2931,4133
9084,2931,1754
9084,2931,7220
9084,2931,3548
7167,2932,7605
7167,2932,9754
7167,2932,3897
7167,2932,9080
7167,2932,5610
7167,2932,6113
7167,2932,2552
7167,2932,9580
7167,2932,580
9423,2933,9200
9423,2933,4544
9423,2933,7337
9423,2933,6331
9423,2933,5581
9423,2933,4648
17090,2934,3402
17090,2934,341
17090,2934,8322
17090,2934,8139
17090,2934,134
17090,2934,2189
17090,2934,3429
5257,2935,5376
5257,2935,1557
5257,2935,3943
5257,2935,5641
5257,2935,2472
7677,2936,815
18271,2937,7037
18271,2937,6906
18271,2937,9447
18271,2937,7985
18271,2937,2963
18271,2937,4889
18271,2937,423
18271,2937,44
11370,2938,9798
11370,2938,9892
11370,2938,625
11370,2938,3467
11370,2938,9842
11370,2938,8864
11539,2939,6104
11539,2939,2738
11539,2939,4623
10090,2940,9409
10090,2940,3133
10090,2940,3707
10090,2940,2452
10090,2940,4392
10090,2940,4305
10090,2940,3752
5230,2941,8385
5230,2941,2460
5230,2941,1214
5230,2941,3555
5230,2941,2823
5230,2941,881
5230,2941,8407
5230,2941,4548
5230,2941,2653
10209,2942,8181
10209,2942,6719
10209,2942,303
10209,2942,4548
10209,2942,2558
10209,2942,8453
10209,2942,7420
10209,2942,214
6073,2943,9931
6073,2943,6673
6073,2943,1878
6073,2943,2732
6073,2943,4431
6073,2943,5208
3852,2944,4866
14845,2945,2439
5304,2946,5688
5304,2946,2375
5304,2946,2685
5304,2946,96
5304,2946,8374
5304,2946,910
12234,2947,8043
12234,2947,9198
12234,2947,9048
12234,2947,331
12234,2947,2393
12234,2947,510
12234,2947,5421
12234,2947,8874
2496,2948,296
2496,2948,518
2496,2948,9649
2496,2948,1472
2496,2948,7544
2496,2948,5214
8823,2949,5980
8823,2949,6960
8823,2949,1594
8823,2949,1254
8823,2949,8394
8823,2949,8123
9697,2950,1671
9697,2950,338
3619,2951,8696
3619,2951,2694
3619,2951,8004
3619,2951,1429
3619,2951,12
3619,2951,2356
3619,2951,5859
8505,2952,5917
8505,2952,1590
8505,2952,6779
8505,2952,1674
8505,2952,4579
8505,2952,8926
8505,2952,8345
2077,2953,2227
2077,2953,8538
2077,2953,2977
2077,2953,3844
2077,2953,4502
16474,2954,3346
16474,2954,2540
16474,2954,4052
16474,2954,7241
16474,2954,5450
16474,2954,1588
16474,2954,3787
16474,2954,4833
16474,2954,2692
2457,2955,2122
2457,2955,3343
2457,2955,5602
2457,2955,4860
2457,2955,5433
15946,2956,2186
15946,2956,8277
15946,2956,1736
15946,2956,1430
15946,2956,8002
15946,2956,2467
15946,2956,3321
15946,2956,1921
15946,2956,8508
3700,2957,8280
3700,2957,6164
3520,2958,1407
3520,2958,7629
18729,2959,4887
18729,2959,9198
18729,2959,8242
324,2960,4204
324,2960,1709
324,2960,2253
324,2960,392
324,2960,3700
324,2960,176
324,2960,6179
324,2960,9255
324,2960,1267
1629,2961,8364
1629,2961,5411
1629,2961,5411
1629,2961,6767
1629,2961,6621
1629,2961,1441
1629,2961,5839
1629,2961,8317
4034,2962,7402
4034,2962,3868
4034,2962,337
7016,2963,1566
13952,2964,3738
13952,2964,9961
13952,2964,8654
13952,2964,8688
13952,2964,5095
13952,2964,722
13952,2964,9022
13952,2964,9489
13952,2964,7602
15877,2965,1447
6024,2966,9988
6024,2966,5022
6024,2966,7352
6024,2966,4084
6024,2966,6384
6024,2966,497
2436,2967,2291
2436,2967,5221
2436,2967,1527
2436,2967,7831
2436,2967,8793
2436,2967,4457
2436,2967,2289
2436,2967,6006
2055,2968,6010
4787,2969,3871
4787,2969,7947
4787,2969,1433
4787,2969,722
4787,2969,129
4787,2969,4953
4787,2969,2265
13444,2970,9931
13444,2970,1802
13444,2970,1176
13444,2970,3035
13444,2970,7890
13444,2970,9578
13444,2970,5996
13444,2970,3381
13444,2970,6001
13445,2971,8971
13445,2971,2268
13445,2971,164
13445,2971,7957
15775,2972,695
7459,2973,2997
7459,2973,7271
7459,2973,5841
7459,2973,2935
7459,2973,5465
7459,2973,8564
15067,2974,8769
15067,2974,3193
15067,2974,7818
15067,2974,4613
10615,2975,9037
10615,2975,8212
10965,2976,6134
10965,2976,786
10965,2976,1075
10965,2976,8530
10965,2976,6883
10965,2976,6186
10965,2976,5392
10965,2976,2377
10965,2976,1600
9304,2977,6340
9304,2977,4094
9304,2977,3367
9304,2977,33
12333,2978,7766
12333,2978,6278
12333,2978,1924
12333,2978,8174
12333,2978,8811
12333,2978,7487
12333,2978,6774
4509,2979,5635
19458,2980,6928
19458,2980,9565
19458,2980,826
19458,2980,10000
19458,2980,7346
18539,2981,7379
18539,2981,6625
18539,2981,9435
15223,2982,8085
15223,2982,7767
15223,2982,1016
15223,2982,5063
15223,2982,7053
15223,2982,1013
15223,2982,2545
19780,2983,9160
19780,2983,4416
2080,2984,4438
2080,2984,2021
2080,2984,3044
2080,2984,1378
4786,2985,336
4786,2985,9684
4786,2985,8135
4786,2985,2361
4786,2985,2118
2554,2986,7815
18435,2987,4572
18435,2987,5945
18435,2987,7884
18435,2987,8425
18435,2987,9715
18435,2987,2934
5235,2988,4846
13927,2989,8241
12110,2990,5273
12110,2990,8231
12110,2990,4672
5109,2991,432
5109,2991,7512
5109,2991,1260
5109,2991,5984
5109,2991,9415
5109,2991,6416
19645,2992,9606
19645,2992,2087
19645,2992,7960
19645,2992,7632
19645,2992,7204
19645,2992,366
3724,2993,3073
3724,2993,8655
3724,2993,7454
3724,2993,6990
3724,2993,5467
6518,2994,9291
6518,2994,1112
6518,2994,3573
6518,2994,8737
6518,2994,5262
11254,2995,7489
11254,2995,3652
11254,2995,9207
11254,2995,4894
11254,2995,6945
11254,2995,3529
11254,2995,5289
11254,2995,5670
9921,2996,6338
10150,2997,1015
10150,2997,1036
10150,2997,7995
10150,2997,2765
10150,2997,9086
7960,2998,5864
2305,2999,9669
2305,2999,3939
2305,2999,7633
2305,2999,5940
2305,2999,5351
2305,2999,3188
2305,2999,1696
2305,2999,7983
2305,2999,2748
3666,3000,5813
3666,3000,6185
3666,3000,3509
3666,3000,2828
3666,3000,8471
