14005,4001,306
14005,4001,4226
14005,4001,7657
14005,4001,3611
14005,4001,1378
14005,4001,4489
14005,4001,6552
12910,4002,1755
12910,4002,1662
7707,4003,9977
7707,4003,9950
7707,4003,7019
2489,4004,3803
2489,4004,9037
2489,4004,9028
2489,4004,434
2489,4004,7482
2489,4004,2034
7577,4005,3961
35,4006,9694
35,4006,3643
35,4006,5174
35,4006,7956
35,4006,8746
15563,4007,1306
15563,4007,1307
15563,4007,5627
15563,4007,2299
15563,4007,7128
15563,4007,6109
2069,4008,5936
2069,4008,7301
2069,4008,7511
10934,4009,7225
8326,4010,1535
8326,4010,8565
8326,4010,3678
8326,4010,2198
8326,4010,6255
8326,4010,1894
8326,4010,9341
8326,4010,6050
8326,4010,3798
2617,4011,6775
2617,4011,7488
2617,4011,5734
2617,4011,8163
2617,4011,5735
2617,4011,5105
2617,4011,6858
18110,4012,7362
18110,4012,5083
2264,4013,4483
2264,4013,9587
2264,4013,3633
2264,4013,2735
2264,4013,361
2264,4013,7079
2264,4013,3235
2264,4013,8220
10154,4014,4132
10154,4014,3688
10154,4014,8190
5341,4015,948
1069,4016,6895
14511,4017,5779
14511,4017,1654
14511,4017,7465
14511,4017,9074
14511,4017,1038
14511,4017,1294
14511,4017,4699
14511,4017,3494
6791,4018,7779
6791,4018,3636
6791,4018,719
4961,4019,1322
4961,4019,4911
4961,4019,7562
4961,4019,1741
4961,4019,6960
4961,4019,9841
9078,4020,7433
1001,4021,578
1001,4021,4637
9057,4022,313
9057,4022,8508
9057,4022,8072
9057,4022,7597
9057,4022,2704
5087,4023,7083
9029,4024,5015
9029,4024,7647
9029,4024,57
9029,4024,6888
9029,4024,6812
14248,4025,2347
19887,4026,4500
19887,4026,1980
19887,4026,6324
19887,4026,7857
19887,4026,3576
19887,4026,2888
19887,4026,1724
19887,4026,4183
19887,4026,2818
19260,4027,6754
19260,4027,1818
17101,4028,7987
17101,4028,1198
17101,4028,853
17101,4028,9028
17101,4028,4933
15641,4029,8355
15641,4029,508
15641,4029,6447
15641,4029,803
15641,4029,654
15641,4029,5671
15641,4029,6656
15641,4029,1022
18016,4030,8974
18016,4030,679
18016,4030,8804
11614,4031,4535
11614,4031,7175
7243,4032,1801
7243,4032,1316
7243,4032,7669
7243,4032,4464
12846,4033,9580
12846,4033,3006
12846,4033,4672
10551,4034,7074
10551,4034,1084
10551,4034,7191
10551,4034,7870
10551,4034,7801
10551,4034,6931
10551,4034,7141
10551,4034,7088
10551,4034,3289
1972,4035,7657
1972,4035,7864
1972,4035,8484
1972,4035,7603
1972,4035,3030
1972,4035,8249
1972,4035,8924
13586,4036,6463
13586,4036,5069
13586,4036,8704
13586,4036,5208
13586,4036,2914
13586,4036,2978
1268,4037,2962
1268,4037,2436
1268,4037,7840
1268,4037,5240
1268,4037,9578
1268,4037,1528
1268,4037,957
1268,4037,3684
17505,4038,909
17505,4038,3500
12954,4039,7111
143,4040,636
143,4040,6908
12971,4041,4216
15798,4042,6651
15798,4042,3869
15798,4042,5664
10254,4043,5431
10254,4043,5448
1699,4044,4091
1699,4044,7537
15150,4045,8570
15150,4045,1387
15150,4045,6195
15150,4045,6418
4162,4046,7208
4162,4046,8764
4162,4046,2231
4162,4046,7075
4162,4046,5060
4162,4046,4919
4162,4046,5744
10033,4047,8505
10033,4047,681
10033,4047,5582
10033,4047,7930
10033,4047,6938
10033,4047,4080
10033,4047,504
18535,4048,3478
18535,4048,1130
18535,4048,3955
18535,4048,7689
18535,4048,8503
18535,4048,4714
18535,4048,7107
18535,4048,7132
5426,4049,4712
17583,4050,79
17583,4050,4337
17583,4050,9483
17583,4050,5002
17583,4050,6353
8081,4051,4300
8081,4051,3694
8081,4051,6587
8081,4051,9194
8081,4051,3538
16498,4052,7041
16498,4052,372
16498,4052,3029
16498,4052,1122
16498,4052,2523
17750,4053,2916
17750,4053,4944
17750,4053,7101
17750,4053,8621
17750,4053,9462
17750,4053,3384
17750,4053,1669
17750,4053,1248
17750,4053,9421
19585,4054,4501
19585,4054,4081
14407,4055,6986
14407,4055,1463
14407,4055,6028
14407,4055,565
14407,4055,2251
14407,4055,2463
14407,4055,3025
8543,4056,2559
8543,4056,8966
8543,4056,1364
8543,4056,4493
8543,4056,489
8543,4056,2648
8543,4056,4873
8543,4056,5200
8543,4056,1561
4251,4057,2152
4251,4057,2783
4251,4057,2471
4251,4057,9447
4251,4057,1708
4251,4057,3517
4251,4057,9971
8926,4058,1606
8926,4058,1015
8926,4058,2603
8926,4058,2814
8926,4058,7442
6638,4059,1658
6638,4059,3616
6638,4059,179
6638,4059,7852
6638,4059,5068
6638,4059,2560
6638,4059,6248
6638,4059,9502
2214,4060,7586
2214,4060,8554
2214,4060,6308
5193,4061,1037
5193,4061,619
5193,4061,5101
5903,4062,4320
5903,4062,7821
5903,4062,1942
6534,4063,5607
6534,4063,8823
6534,4063,6414
6534,4063,156
6534,4063,7727
6534,4063,7500
6534,4063,442
11084,4064,8494
11084,4064,3913
3467,4065,9056
3467,4065,2049
3467,4065,7194
3467,4065,3498
3467,4065,1816
3467,4065,1146
3467,4065,4437
3467,4065,1441
3764,4066,7424
11834,4067,8730
11834,4067,7826
11834,4067,6188
11834,4067,2624
11834,4067,4365
11834,4067,5893
15415,4068,9678
15415,4068,5850
15415,4068,4147
15415,4068,3000
15415,4068,4534
15415,4068,3167
15415,4068,6340
10138,4069,7177
19600,4070,9617
19600,4070,9738
15023,4071,9722
15023,4071,9958
15023,4071,1760
15023,4071,8067
15023,4071,3380
15023,4071,3006
15023,4071,4965
15023,4071,4788
3929,4072,1765
3929,4072,5829
3929,4072,444
3929,4072,6830
18512,4073,7532
18512,4073,6666
18512,4073,1358
9474,4074,4456
9474,4074,4401
9474,4074,7034
9474,4074,1208
9474,4074,4795
9474,4074,9450
9474,4074,4353
9474,4074,6189
18531,4075,2064
18531,4075,6344
18531,4075,7260
18531,4075,3463
18531,4075,2439
18531,4075,1432
18531,4075,360
18531,4075,6138
14690,4076,317
14690,4076,2091
16557,4077,7544
16557,4077,4636
16557,4077,4258
16557,4077,8337
16557,4077,8681
16557,4077,4360
16557,4077,1227
3174,4078,8980
3174,4078,1494
3174,4078,9763
3174,4078,4136
2662,4079,8025
2662,4079,8620
2662,4079,7282
11236,4080,7416
11236,4080,3439
11236,4080,4545
12333,4081,4462
12333,4081,6043
12333,4081,8905
12333,4081,6077
12333,4081,1509
12333,4081,7715
12333,4081,3883
12333,4081,2194
12333,4081,9212
7213,4082,2360
7213,4082,2841
7213,4082,3042
7213,4082,3071
15065,4083,1757
15065,4083,8500
15065,4083,23
15065,4083,4041
15065,4083,9542
15065,4083,4072
15065,4083,9088
15065,4083,7567
11439,4084,7310
11439,4084,6154
11439,4084,5977
11439,4084,8992
11439,4084,6757
11439,4084,6578
11439,4084,9365
11439,4084,6346
11439,4084,5086
9253,4085,6361
9253,4085,4479
2736,4086,617
2736,4086,6239
2736,4086,7308
12600,4087,1026
12600,4087,1265
12600,4087,2127
14424,4088,1839
14424,4088,8098
14424,4088,3702
14424,4088,2127
14424,4088,3944
14424,4088,298
14424,4088,8731
12078,4089,2339
12078,4089,77
12078,4089,6272
12078,4089,3755
12078,4089,8951
12078,4089,5610
12078,4089,435
17064,4090,1108
17064,4090,3918
17064,4090,9547
17064,4090,9612
17064,4090,752
17064,4090,4317
17064,4090,8269
16691,4091,9687
16691,4091,3396
16691,4091,7307
16691,4091,5583
16691,4091,6452
4197,4092,9872
4197,4092,2433
4197,4092,3919
4197,4092,7697
4197,4092,2987
4197,4092,4174
4197,4092,8668
17374,4093,2462
17374,4093,7923
17374,4093,296
17374,4093,7509
17374,4093,2339
17374,4093,8846
17374,4093,1163
17374,4093,7827
17374,4093,8136
11664,4094,7845
11664,4094,9879
11664,4094,3489
11664,4094,5200
11664,4094,8764
11664,4094,2677
11664,4094,7428
11664,4094,191
5058,4095,652
5058,4095,7284
5058,4095,3475
5058,4095,224
5058,4095,1251
5058,4095,7738
5058,4095,7230
5058,4095,5608
1613,4096,8467
1613,4096,2544
1613,4096,7753
1613,4096,831
1613,4096,5263
1613,4096,6039
6644,4097,8741
6644,4097,2017
6644,4097,1257
16974,4098,9206
16974,4098,5501
16974,4098,321
16974,4098,6091
16974,4098,9861
1384,4099,241
19339,4100,2573
19339,4100,5783
14079,4101,5526
14079,4101,3191
14079,4101,6175
14079,4101,6041
14079,4101,2658
14079,4101,9360
14079,4101,5975
14079,4101,3211
6901,4102,3120
6901,4102,3756
6901,4102,4739
8297,4103,2645
8297,4103,6336
8297,4103,6836
8297,4103,4526
8297,4103,9006
16730,4104,3322
18274,4105,1727
18274,4105,8238
18274,4105,5175
10912,4106,80
10912,4106,3702
1074,4107,3413
16840,4108,9402
16840,4108,9927
16840,4108,8752
16840,4108,589
16840,4108,5773
16840,4108,5961
16840,4108,1802
17851,4109,8694
17851,4109,2897
17851,4109,6817
17851,4109,4425
17851,4109,9751
17851,4109,8649
16100,4110,5723
16100,4110,4968
16100,4110,4890
16100,4110,5136
16100,4110,1688
16100,4110,1831
16100,4110,5862
16100,4110,4573
14939,4111,9291
14939,4111,7735
14939,4111,5012
14939,4111,5085
14939,4111,4434
14939,4111,2440
14939,4111,5157
92,4112,897
92,4112,8538
8799,4113,8955
8799,4113,9967
8799,4113,5329
6127,4114,9447
6127,4114,9855
6127,4114,4127
6127,4114,4035
6127,4114,9703
6127,4114,9330
451,4115,2952
174,4116,7911
174,4116,1798
174,4116,7331
174,4116,6303
11499,4117,9629
11499,4117,1121
11499,4117,2421
11499,4117,4163
11499,4117,8673
11499,4117,1975
11499,4117,6903
11499,4117,1966
146,4118,8146
146,4118,6164
146,4118,611
19164,4119,8408
19058,4120,352
19058,4120,7421
19058,4120,1934
19058,4120,5382
19058,4120,4321
19058,4120,778
13424,4121,4444
13424,4121,1042
13424,4121,887
13424,4121,4636
13424,4121,2260
13424,4121,6946
16906,4122,4123
16906,4122,1949
16906,4122,7998
4636,4123,1651
4636,4123,2383
4636,4123,7662
4636,4123,2328
4636,4123,1881
4636,4123,849
6218,4124,8620
6218,4124,7716
6218,4124,5056
6218,4124,8405
6218,4124,7895
6218,4124,4333
6218,4124,8720
6218,4124,8460
6218,4124,1105
17532,4125,7469
17532,4125,9821
17532,4125,6065
17532,4125,1426
17532,4125,1400
17532,4125,7755
5620,4126,9813
5620,4126,4654
5620,4126,1636
5620,4126,3155
5620,4126,3744
5620,4126,937
5620,4126,3025
5620,4126,4628
8896,4127,6585
8896,4127,9841
8896,4127,281
8896,4127,7100
16106,4128,6901
17072,4129,8631
17072,4129,1776
17072,4129,8172
17072,4129,8172
17072,4129,5293
17072,4129,7247
17072,4129,542
764,4130,7977
764,4130,4746
764,4130,6969
764,4130,8598
764,4130,6159
5130,4131,2715
1772,4132,3685
1772,4132,5096
1772,4132,6448
1772,4132,4763
1772,4132,6019
1772,4132,5403
1772,4132,5494
1772,4132,2376
1948,4133,3934
1948,4133,1996
1948,4133,9768
1948,4133,6664
1948,4133,5596
1948,4133,9141
1948,4133,6062
1948,4133,211
1948,4133,9874
11784,4134,9888
11784,4134,8843
11784,4134,9507
11784,4134,3237
11784,4134,1547
11784,4134,4571
11784,4134,1582
11784,4134,8252
7695,4135,3127
7695,4135,8084
7695,4135,532
7695,4135,8310
19721,4136,6905
19721,4136,5999
19721,4136,3479
19721,4136,2248
13637,4137,1157
13637,4137,6233
13637,4137,666
13637,4137,9711
13637,4137,6217
13637,4137,7130
13637,4137,5751
13637,4137,573
6185,4138,4455
6185,4138,8616
1726,4139,7681
1726,4139,2959
1726,4139,8343
1726,4139,4702
1726,4139,7385
7203,4140,350
7203,4140,5369
7203,4140,7556
7203,4140,4016
7203,4140,2873
7203,4140,222
7203,4140,6403
7203,4140,2351
7203,4140,3760
13437,4141,5909
13437,4141,8234
13437,4141,7983
13437,4141,6895
13437,4141,964
13437,4141,8146
13437,4141,8167
13437,4141,7001
13437,4141,6591
13623,4142,5600
13623,4142,6415
13623,4142,3743
13623,4142,6078
13623,4142,6525
13623,4142,6181
13623,4142,5280
4349,4143,9419
4349,4143,3088
4349,4143,8198
4349,4143,9767
4349,4143,9962
4349,4143,1600
4349,4143,7474
7776,4144,1187
7776,4144,1387
7776,4144,4623
7776,4144,2471
7776,4144,1730
7776,4144,2076
7776,4144,5019
7776,4144,8579
13553,4145,1564
13553,4145,9265
13553,4145,9479
13553,4145,362
13553,4145,626
13553,4145,3288
13553,4145,9556
13553,4145,9525
3989,4146,257
3989,4146,52
3989,4146,7650
3989,4146,3381
3150,4147,9731
3150,4147,134
3150,4147,1578
3150,4147,3721
3150,4147,7415
3150,4147,4016
3150,4147,1682
7845,4148,7893
7845,4148,1381
7845,4148,1066
7845,4148,6575
7845,4148,5759
2667,4149,6173
2667,4149,4960
2667,4149,9579
2667,4149,9954
2667,4149,5688
2667,4149,3963
10219,4150,335
10219,4150,8833
10219,4150,7128
7404,4151,5683
7404,4151,7837
7404,4151,6116
7404,4151,3717
7404,4151,1760
7404,4151,9755
10886,4152,2812
10886,4152,9360
10886,4152,6231
10886,4152,3287
828,4153,4116
828,4153,8659
12990,4154,504
12990,4154,6859
12990,4154,1442
12990,4154,3976
12990,4154,2056
12990,4154,5980
10678,4155,5034
10678,4155,4137
10678,4155,2670
10678,4155,8599
10678,4155,8400
10678,4155,6583
10678,4155,3753
10678,4155,3851
10678,4155,9160
1203,4156,2331
16619,4157,3649
16619,4157,2068
16619,4157,5470
16278,4158,4924
16278,4158,983
16278,4158,1767
16278,4158,2520
3360,4159,2282
3360,4159,6004
3360,4159,3024
3360,4159,2921
3360,4159,9147
2428,4160,7418
2428,4160,4089
2428,4160,4103
2428,4160,6418
2428,4160,519
2428,4160,9819
17619,4161,4319
644,4162,6475
644,4162,4064
644,4162,1102
644,4162,6834
644,4162,494
644,4162,6731
644,4162,6970
6773,4163,1571
6773,4163,7152
6773,4163,4546
6773,4163,5498
18540,4164,6066
258,4165,4673
258,4165,2468
258,4165,2365
258,4165,9749
258,4165,31
258,4165,2721
8582,4166,9663
8582,4166,6479
8582,4166,5093
8582,4166,4430
8582,4166,5831
1689,4167,6960
1689,4167,9330
3389,4168,1029
7498,4169,8040
15404,4170,2862
15404,4170,7443
6546,4171,4117
6546,4171,3038
4734,4172,4062
4734,4172,4380
4734,4172,7785
4734,4172,8839
13756,4173,4580
13756,4173,6651
13756,4173,8797
13756,4173,4731
13756,4173,7365
2964,4174,2558
2964,4174,7907
2964,4174,8802
2964,4174,2191
2964,4174,7057
11791,4175,2773
14705,4176,4793
14705,4176,5353
5436,4177,4200
5436,4177,9745
5436,4177,7598
5436,4177,9819
4018,4178,1984
4018,4178,2571
4018,4178,749
4018,4178,5384
4018,4178,2696
4018,4178,6620
4018,4178,8633
671,4179,4541
671,4179,2016
671,4179,5647
671,4179,1936
671,4179,6013
671,4179,7475
671,4179,8229
671,4179,6287
671,4179,3805
18376,4180,6798
18376,4180,6325
18376,4180,985
18376,4180,5766
18376,4180,2385
18376,4180,4565
18376,4180,4591
18376,4180,4014
53,4181,5619
53,4181,2609
53,4181,7107
6496,4182,2085
6496,4182,346
2662,4183,7006
2662,4183,3900
2662,4183,8529
2662,4183,1782
14917,4184,609
14917,4184,9404
14917,4184,93
18065,4185,366
18065,4185,7629
18065,4185,252
18065,4185,2043
18065,4185,9051
5901,4186,1441
5901,4186,7193
5901,4186,9859
5901,4186,9552
5901,4186,7948
16079,4187,7072
16079,4187,8546
16079,4187,7067
14635,4188,9313
10870,4189,86
10870,4189,2260
10870,4189,1529
10870,4189,7039
10870,4189,2587
10870,4189,36
10870,4189,3025
10870,4189,9586
10870,4189,725
15581,4190,5108
15581,4190,5875
15581,4190,6620
15581,4190,9855
15581,4190,4974
15581,4190,5324
13704,4191,7932
13704,4191,9242
13704,4191,8210
13704,4191,3469
8385,4192,1983
8385,4192,5581
8385,4192,6169
8385,4192,1511
8385,4192,6570
8385,4192,3040
8385,4192,1306
8385,4192,8778
8385,4192,5215
6294,4193,1114
6294,4193,4288
13303,4194,6549
13303,4194,2231
16799,4195,1188
16799,4195,724
16799,4195,1697
16799,4195,2590
16799,4195,552
16799,4195,8603
16799,4195,951
16799,4195,5352
16799,4195,6948
6041,4196,5019
6041,4196,6178
6041,4196,4968
6041,4196,5649
6041,4196,3383
8212,4197,6135
13371,4198,16
13371,4198,8147
13371,4198,4472
13371,4198,5008
13371,4198,8115
13371,4198,6539
13371,4198,4138
13371,4198,383
13371,4198,6741
247,4199,4230
247,4199,6760
247,4199,7582
247,4199,7049
247,4199,7108
247,4199,1445
11831,4200,7034
11831,4200,8739
11831,4200,1595
11831,4200,6287
11831,4200,1983
11831,4200,8009
11831,4200,3151
14759,4201,7743
14759,4201,389
14759,4201,1423
5734,4202,8783
5734,4202,1729
5734,4202,1558
5734,4202,9387
11346,4203,8700
11346,4203,4965
11346,4203,4013
11346,4203,9230
11346,4203,3720
8218,4204,1605
8218,4204,5492
8218,4204,7908
19273,4205,104
19273,4205,2162
19273,4205,5148
19273,4205,8774
19273,4205,429
19273,4205,5697
19273,4205,4701
19273,4205,3259
19273,4205,1899
7325,4206,7282
7325,4206,8488
7325,4206,6850
7325,4206,4826
9859,4207,8377
9859,4207,4399
9859,4207,5407
9859,4207,888
9859,4207,9269
9859,4207,6030
9859,4207,4009
13077,4208,673
13077,4208,6648
13077,4208,4063
13077,4208,5099
92,4209,7154
92,4209,8407
92,4209,9344
92,4209,6380
92,4209,4917
92,4209,5820
92,4209,8174
10322,4210,9233
11760,4211,9377
11760,4211,2290
11760,4211,1344
11760,4211,6658
10128,4212,8877
10128,4212,7877
10128,4212,2076
10128,4212,4739
10128,4212,3525
10128,4212,5411
10128,4212,4079
6836,4213,6819
6836,4213,4428
6836,4213,9710
12734,4214,1431
12734,4214,1162
12734,4214,745
12734,4214,4099
17675,4215,2451
17675,4215,6151
17675,4215,3123
17675,4215,9948
17675,4215,6213
17675,4215,3543
6503,4216,9618
2096,4217,1355
2096,4217,4807
2096,4217,8561
2096,4217,4291
2096,4217,3800
2096,4217,111
6466,4218,6877
6466,4218,9985
6466,4218,9885
12591,4219,6975
12591,4219,4336
12591,4219,7324
4260,4220,9671
4260,4220,7902
4260,4220,2176
4260,4220,3420
4260,4220,1246
4260,4220,8665
17297,4221,4507
17297,4221,1876
17297,4221,5498
17297,4221,3011
17297,4221,820
17297,4221,5523
13331,4222,2100
13331,4222,5604
18047,4223,5476
18047,4223,82
17244,4224,833
17244,4224,2996
12012,4225,6340
12012,4225,6825
12012,4225,8351
12012,4225,938
12012,4225,4329
12012,4225,4725
12012,4225,5566
12012,4225,7004
14170,4226,5707
14170,4226,1405
14170,4226,7589
14170,4226,2869
14170,4226,406
14170,4226,3360
14170,4226,716
14170,4226,5550
14170,4226,1810
12277,4227,1182
12277,4227,8685
12277,4227,9634
12277,4227,5270
1952,4228,7515
1952,4228,7183
1952,4228,3460
13638,4229,7003
17626,4230,4952
17626,4230,2952
17626,4230,7992
17626,4230,4318
17626,4230,3151
17626,4230,9471
17626,4230,563
17626,4230,7312
8989,4231,2083
8989,4231,8952
11910,4232,4768
11910,4232,5914
11910,4232,2065
11910,4232,5852
11910,4232,502
11910,4232,7682
11910,4232,9756
638,4233,8397
638,4233,9988
638,4233,8237
638,4233,4733
638,4233,8486
9566,4234,7450
9566,4234,7629
9566,4234,4718
9566,4234,9571
9566,4234,3649
9566,4234,8872
9566,4234,4405
9566,4234,3724
4240,4235,8978
4240,4235,4606
4240,4235,3362
13010,4236,4415
13010,4236,2239
13010,4236,4838
13010,4236,5524
13010,4236,2176
13010,4236,1661
12129,4237,7899
12129,4237,8420
12129,4237,3183
12129,4237,2009
12129,4237,1107
12129,4237,878
17503,4238,4075
17503,4238,8334
17503,4238,3135
17503,4238,3321
17503,4238,3029
17503,4238,6357
8914,4239,5104
8914,4239,4780
8914,4239,7721
8914,4239,6074
8914,4239,2160
8914,4239,6381
8914,4239,5703
8914,4239,325
8914,4239,6500
19268,4240,4944
19268,4240,6992
16075,4241,6982
16075,4241,3378
16075,4241,9147
10440,4242,2171
15747,4243,7651
15747,4243,3726
15747,4243,2760
15747,4243,8350
15747,4243,1785
5868,4244,5988
5868,4244,5620
5868,4244,2122
5868,4244,463
5868,4244,9985
4311,4245,29
4311,4245,1189
4311,4245,6445
4311,4245,4019
4311,4245,1156
4311,4245,6907
11818,4246,668
12574,4247,1052
12574,4247,4240
12574,4247,2076
12574,4247,3192
6441,4248,900
6441,4248,7843
6441,4248,7737
9287,4249,552
9287,4249,6084
9287,4249,9673
9287,4249,7507
9287,4249,1101
10682,4250,960
10682,4250,3432
10682,4250,6007
10682,4250,5627
10682,4250,4053
3580,4251,6433
3580,4251,4104
3580,4251,2216
3580,4251,8205
3580,4251,7719
3580,4251,2787
3580,4251,4269
3580,4251,4160
3580,4251,35
6932,4252,8986
6932,4252,9563
6932,4252,6913
18760,4253,3785
18760,4253,8246
12901,4254,2161
12901,4254,1321
12901,4254,6048
12166,4255,9549
12166,4255,9598
12166,4255,1861
12166,4255,1573
12166,4255,545
12166,4255,8154
12166,4255,7661
11814,4256,2357
9035,4257,947
9035,4257,9723
9035,4257,8632
9035,4257,8180
15555,4258,6937
14963,4259,8520
14963,4259,9463
14963,4259,8254
14963,4259,4575
14963,4259,3226
14963,4259,5128
14963,4259,1738
2920,4260,1782
1039,4261,1118
1039,4261,4086
1039,4261,7688
1039,4261,8016
1039,4261,1119
1039,4261,364
9876,4262,2434
9876,4262,7830
9876,4262,1184
9876,4262,5631
9876,4262,1013
9876,4262,3989
9876,4262,7931
9876,4262,5899
19969,4263,8757
19969,4263,1360
19969,4263,5032
19969,4263,9246
19969,4263,6661
18189,4264,3265
18189,4264,5948
18189,4264,4016
18189,4264,6307
18189,4264,7059
18189,4264,5262
5452,4265,7878
5452,4265,379
5452,4265,1572
1635,4266,45
1635,4266,6716
1635,4266,9175
1635,4266,9901
1635,4266,8877
1635,4266,2082
1635,4266,1920
14362,4267,9907
14362,4267,5532
14362,4267,6735
16613,4268,9124
16613,4268,5605
16613,4268,9972
16613,4268,3550
16613,4268,2302
16613,4268,4268
16613,4268,7366
16613,4268,6361
11561,4269,8487
11561,4269,2624
11561,4269,4157
11561,4269,9928
11561,4269,7665
11561,4269,9162
11561,4269,7888
15720,4270,7006
15720,4270,2955
15720,4270,566
15720,4270,7624
15720,4270,9606
15720,4270,2707
15720,4270,699
15720,4270,2444
15720,4270,5211
10276,4271,6386
8547,4272,2133
8547,4272,2594
8547,4272,8181
17493,4273,5673
17493,4273,1148
17493,4273,1546
17493,4273,9571
17493,4273,5167
17493,4273,590
17493,4273,9919
17493,4273,8191
10646,4274,8411
10646,4274,5809
10646,4274,1849
10646,4274,6552
10646,4274,2736
10646,4274,296
10646,4274,7895
18880,4275,3430
18880,4275,1138
18880,4275,6302
18880,4275,2389
18880,4275,7361
18880,4275,9815
16451,4276,9229
11562,4277,8201
11562,4277,5653
11562,4277,6494
11562,4277,5535
11562,4277,8796
11562,4277,8237
11562,4277,2984
10743,4278,3069
10743,4278,6287
10743,4278,7069
10743,4278,8302
10743,4278,9430
10743,4278,2079
10743,4278,57
10743,4278,9237
11462,4279,5513
11462,4279,872
7710,4280,9227
7710,4280,6216
7710,4280,6158
7710,4280,76
7710,4280,9437
7710,4280,9524
7710,4280,1188
7710,4280,3053
4579,4281,8021
4579,4281,163
4579,4281,2046
4579,4281,7281
4579,4281,4889
4579,4281,6789
4579,4281,2881
4579,4281,6410
12969,4282,4861
12969,4282,3810
12969,4282,3390
12969,4282,7293
12969,4282,9152
14344,4283,704
14344,4283,4722
14344,4283,316
14344,4283,3551
12862,4284,5469
15466,4285,9522
15466,4285,7529
9642,4286,9067
16829,4287,9808
16829,4287,6243
16829,4287,9725
16829,4287,7227
16829,4287,6224
16829,4287,3585
16829,4287,2950
16829,4287,9425
17892,4288,1857
17892,4288,4032
17892,4288,9489
17892,4288,1745
17892,4288,1513
17892,4288,5301
17892,4288,7253
17892,4288,1443
17892,4288,1336
15117,4289,9251
15117,4289,4214
15117,4289,2460
15117,4289,7622
18956,4290,9517
18956,4290,2238
18956,4290,5972
18956,4290,8399
18956,4290,5071
18956,4290,2814
18956,4290,2629
18956,4290,5181
18956,4290,1708
1916,4291,9633
1916,4291,7178
4569,4292,1424
4569,4292,1301
4569,4292,7509
11815,4293,1559
11815,4293,8994
11815,4293,5506
14427,4294,8171
14427,4294,5591
14427,4294,8090
14427,4294,5058
3578,4295,8037
3578,4295,137
3578,4295,1964
3578,4295,1453
3578,4295,28
3578,4295,1863
14738,4296,4582
14738,4296,8751
14738,4296,4048
14738,4296,557
11228,4297,7403
11228,4297,8636
17543,4298,6319
17543,4298,3709
17543,4298,5448
5292,4299,7087
5292,4299,7116
5292,4299,276
5292,4299,178
5292,4299,3299
5292,4299,6446
5292,4299,9446
5292,4299,3004
8486,4300,7446
2309,4301,6727
2309,4301,803
2309,4301,3446
2309,4301,7190
2309,4301,3726
2309,4301,1724
2309,4301,8297
2309,4301,1189
1269,4302,8715
1269,4302,8723
1269,4302,8150
1269,4302,8737
1269,4302,7323
8099,4303,3717
8099,4303,7707
8099,4303,7142
8099,4303,8371
8099,4303,5336
8099,4303,3887
8099,4303,1411
8099,4303,7159
8099,4303,9845
17136,4304,4737
17136,4304,6888
17136,4304,8430
17136,4304,6108
17136,4304,5720
17136,4304,8147
10577,4305,4154
10577,4305,5769
10577,4305,6718
10577,4305,3405
10577,4305,7180
10577,4305,9749
10577,4305,1817
10577,4305,1087
10577,4305,1366
19590,4306,1360
19590,4306,4544
19590,4306,3022
19590,4306,4795
19590,4306,4374
285,4307,7321
285,4307,8665
285,4307,3641
285,4307,9559
285,4307,9603
1936,4308,763
4245,4309,1629
4245,4309,5157
4245,4309,2992
4245,4309,5370
4245,4309,9673
4245,4309,5852
4245,4309,2748
4245,4309,1494
4245,4309,2929
5062,4310,3499
5062,4310,4476
5062,4310,2813
5062,4310,6383
16023,4311,4434
16023,4311,4385
16023,4311,4070
16023,4311,2160
16023,4311,1051
5088,4312,3597
5088,4312,9897
5088,4312,6995
5088,4312,5611
5088,4312,7656
5088,4312,1285
5088,4312,3326
6683,4313,6349
6683,4313,6286
6683,4313,4279
6683,4313,339
6683,4313,3352
6683,4313,7873
2937,4314,6762
2937,4314,5431
6172,4315,7124
6172,4315,8518
6172,4315,7463
6172,4315,5656
6172,4315,4577
6172,4315,4228
6172,4315,386
7475,4316,8384
7475,4316,3524
571,4317,2658
571,4317,2033
571,4317,4739
571,4317,7574
571,4317,8330
571,4317,7612
571,4317,8846
571,4317,5926
571,4317,1043
10452,4318,7281
10452,4318,8462
10452,4318,4603
10452,4318,1091
10452,4318,926
10452,4318,2759
10452,4318,7201
9548,4319,9810
17311,4320,1729
18738,4321,6350
18738,4321,5146
18738,4321,4908
18738,4321,6790
18738,4321,5304
18738,4321,9745
18738,4321,674
5578,4322,3234
5578,4322,4680
5578,4322,184
5578,4322,8018
5578,4322,6829
5578,4322,1282
15262,4323,2442
15262,4323,6292
15262,4323,8658
15262,4323,6946
15262,4323,9658
15262,4323,5348
14134,4324,8596
14134,4324,1305
14134,4324,1445
14134,4324,692
3946,4325,9604
3946,4325,1947
3946,4325,2337
3946,4325,1276
3946,4325,9833
18982,4326,4709
18982,4326,1812
18982,4326,9890
18982,4326,2452
18982,4326,9186
19755,4327,1851
19755,4327,9927
19755,4327,3769
19755,4327,3499
19755,4327,111
19888,4328,9435
19888,4328,1242
19888,4328,5082
19888,4328,383
19888,4328,3460
19888,4328,6165
13362,4329,1204
13362,4329,2989
13362,4329,5828
13362,4329,3003
13362,4329,2863
13362,4329,4100
13362,4329,3058
13362,4329,6460
13362,4329,5928
2017,4330,5979
2017,4330,9851
2017,4330,6860
2017,4330,8824
2017,4330,5476
2017,4330,3756
2017,4330,1157
8319,4331,7274
8319,4331,8047
8319,4331,102
8319,4331,2823
8319,4331,2206
8319,4331,7038
8319,4331,6475
8319,4331,7174
8065,4332,3415
8065,4332,4008
8065,4332,6844
8065,4332,6754
11325,4333,8671
11325,4333,6928
11325,4333,2700
11325,4333,4802
11325,4333,9208
11325,4333,7865
10076,4334,9071
4970,4335,9655
4970,4335,3166
4970,4335,2197
4970,4335,2071
4970,4335,9086
4970,4335,539
4970,4335,9515
4970,4335,5764
9943,4336,654
9943,4336,1046
9943,4336,1020
9943,4336,7570
9943,4336,2601
9943,4336,3015
12359,4337,8669
12359,4337,5532
12359,4337,1476
1980,4338,5306
1980,4338,4503
1980,4338,3458
1980,4338,2468
1980,4338,7816
1980,4338,4619
1980,4338,8501
1980,4338,6245
1980,4338,9474
16275,4339,8872
16275,4339,4116
16275,4339,2024
16275,4339,1338
16275,4339,7414
16275,4339,8781
4477,4340,6742
2720,4341,8579
2720,4341,4072
2720,4341,3753
8349,4342,128
8349,4342,5409
8349,4342,126
8349,4342,3482
8349,4342,3388
2980,4343,2060
2980,4343,1415
2980,4343,2601
2980,4343,8674
2980,4343,8206
2980,4343,9232
10843,4344,483
10843,4344,4883
10843,4344,8411
3785,4345,4154
3785,4345,7514
3785,4345,8531
3785,4345,9895
3785,4345,5690
3785,4345,1634
19678,4346,1797
19678,4346,8327
19678,4346,4261
18286,4347,4151
18286,4347,4492
18286,4347,3358
1743,4348,445
1743,4348,7178
1743,4348,9689
1743,4348,498
1743,4348,8651
1743,4348,6268
1743,4348,9228
6977,4349,2631
6977,4349,5164
6977,4349,5436
17588,4350,9665
17588,4350,9415
13185,4351,5404
13185,4351,5845
13185,4351,4348
7150,4352,7064
7150,4352,5441
7150,4352,8211
7294,4353,2441
7294,4353,2138
7294,4353,4161
7294,4353,2215
7294,4353,8144
7294,4353,9436
7294,4353,5198
7294,4353,7602
7294,4353,7393
8198,4354,4208
4837,4355,6066
4837,4355,6309
4837,4355,9845
4837,4355,611
4837,4355,9998
4837,4355,960
792,4356,5676
792,4356,6025
792,4356,1393
792,4356,7167
792,4356,9328
792,4356,6792
15633,4357,9101
15633,4357,8364
15633,4357,311
15633,4357,2951
15633,4357,1800
15633,4357,8450
15633,4357,4307
15633,4357,9563
15633,4357,9429
1643,4358,7194
7971,4359,1802
7971,4359,5243
7971,4359,684
7971,4359,9847
7971,4359,2581
8761,4360,7463
8761,4360,9888
8761,4360,997
8761,4360,2612
8761,4360,138
8761,4360,4265
8761,4360,1401
8761,4360,1316
8761,4360,1241
12967,4361,90
12967,4361,5159
12967,4361,6663
12967,4361,7051
9026,4362,1538
9026,4362,5414
9026,4362,9428
9026,4362,1491
9026,4362,2882
9026,4362,9549
1579,4363,7273
14725,4364,33
14167,4365,1596
14167,4365,9125
14167,4365,4995
8845,4366,8115
8845,4366,1664
8845,4366,7168
8845,4366,8452
8845,4366,255
8845,4366,5815
8845,4366,3087
8845,4366,5816
5267,4367,5661
5267,4367,7714
5267,4367,4931
5267,4367,9323
5267,4367,7131
5267,4367,984
5267,4367,2380
5267,4367,2908
2718,4368,7083
2718,4368,7577
6784,4369,6026
6784,4369,1827
6784,4369,5289
6784,4369,6471
11585,4370,5203
11585,4370,4624
11585,4370,6063
11585,4370,7130
11585,4370,8889
11585,4370,50
11585,4370,1002
11585,4370,6142
11585,4370,1018
14085,4371,8729
14085,4371,6948
14085,4371,8430
14085,4371,991
14085,4371,8575
14085,4371,4276
14085,4371,3776
1811,4372,2064
1811,4372,5589
1811,4372,5943
1811,4372,4921
1811,4372,1160
1811,4372,4003
1811,4372,7910
1811,4372,2291
1811,4372,7929
17840,4373,5114
17840,4373,5826
17840,4373,6195
8924,4374,2779
8924,4374,4923
19686,4375,345
19686,4375,8730
19686,4375,2414
19686,4375,3111
19686,4375,1739
6638,4376,9175
6638,4376,3265
6638,4376,2170
6638,4376,9832
5220,4377,1332
5220,4377,9683
5220,4377,8235
5220,4377,6696
5220,4377,8281
5220,4377,7984
5220,4377,9452
5220,4377,8554
5220,4377,3042
4434,4378,7586
4434,4378,9414
4434,4378,4469
4434,4378,28
4434,4378,4172
4434,4378,8153
12776,4379,3352
12776,4379,4174
12776,4379,3551
12776,4379,1059
12776,4379,2339
10857,4380,1783
10857,4380,537
10857,4380,1321
10857,4380,5528
19398,4381,3553
19398,4381,4112
19398,4381,6142
19398,4381,9594
19398,4381,8799
19398,4381,3941
19398,4381,5248
11391,4382,103
1279,4383,5645
1279,4383,6845
1279,4383,9913
1279,4383,2940
1279,4383,627
13536,4384,7083
2047,4385,7303
2047,4385,4578
2047,4385,7404
2047,4385,2500
2047,4385,5320
2047,4385,7079
2047,4385,7400
2047,4385,6180
18239,4386,6171
18239,4386,869
18239,4386,2166
18239,4386,3998
14338,4387,4298
14338,4387,5286
14338,4387,3940
14338,4387,3282
14338,4387,4971
14338,4387,223
12805,4388,5522
12805,4388,1858
12805,4388,2134
12805,4388,2377
12805,4388,677
12805,4388,98
12805,4388,3543
15680,4389,9540
15680,4389,8998
7936,4390,6338
7936,4390,3861
7936,4390,5221
7936,4390,6479
7936,4390,1074
7936,4390,9804
7936,4390,2910
6016,4391,7788
6016,4391,1207
6016,4391,7271
6016,4391,9805
14082,4392,4500
14082,4392,4212
14082,4392,2593
14082,4392,7743
14082,4392,6510
14082,4392,7683
14082,4392,2267
4182,4393,5459
4182,4393,2983
4182,4393,3214
4182,4393,7412
4182,4393,6520
4182,4393,59
4182,4393,7728
3879,4394,1372
3879,4394,4992
3879,4394,9478
3879,4394,4195
3879,4394,3268
3879,4394,3835
18586,4395,5958
6739,4396,4349
6739,4396,4421
6739,4396,9104
6739,4396,4016
6739,4396,3670
6739,4396,2683
6739,4396,3268
14924,4397,8450
14924,4397,1471
14924,4397,7031
14924,4397,7256
14924,4397,1195
11363,4398,227
18661,4399,1353
18661,4399,2184
18661,4399,569
18661,4399,6195
18661,4399,2914
18661,4399,6508
18661,4399,7837
9736,4400,7856
9736,4400,3383
9736,4400,4580
9736,4400,4920
9736,4400,9941
16356,4401,85
16356,4401,9524
16356,4401,2134
16356,4401,2558
16356,4401,5818
7308,4402,8522
7308,4402,9114
7308,4402,3647
7308,4402,591
11020,4403,3211
11020,4403,66
301,4404,804
301,4404,7900
7434,4405,7371
7434,4405,2112
7434,4405,4220
7434,4405,2269
7434,4405,3722
7434,4405,6093
7434,4405,8370
7434,4405,7557
15245,4406,7773
15245,4406,1132
15245,4406,203
15245,4406,1937
15245,4406,2748
15245,4406,9751
15245,4406,3834
15245,4406,6010
15245,4406,3088
13619,4407,2479
13619,4407,1136
14859,4408,6380
15023,4409,6543
15023,4409,6031
15023,4409,305
15023,4409,9409
10836,4410,3697
9670,4411,4343
10860,4412,5807
10860,4412,3142
10860,4412,2579
10860,4412,4120
10860,4412,3089
10860,4412,8412
10860,4412,5932
7151,4413,4307
7151,4413,7836
7151,4413,1769
7151,4413,1867
7151,4413,9216
7151,4413,1541
7151,4413,9634
7151,4413,2970
7151,4413,7209
2657,4414,1479
2657,4414,6405
2657,4414,900
8274,4415,1071
8274,4415,7139
8274,4415,9456
8274,4415,8951
8274,4415,926
1118,4416,3334
1118,4416,5093
1118,4416,6376
1118,4416,6267
1118,4416,2842
1118,4416,5265
1118,4416,6609
1118,4416,7879
1118,4416,1541
17359,4417,7684
17359,4417,9896
12941,4418,6015
12941,4418,4116
12941,4418,5759
12941,4418,869
12941,4418,8346
12941,4418,4697
12941,4418,7452
12941,4418,9860
12941,4418,1576
6688,4419,4568
6688,4419,6806
6688,4419,6373
6688,4419,935
6688,4419,7104
6688,4419,8045
7606,4420,5828
7606,4420,2635
7606,4420,3667
7606,4420,1829
7606,4420,5416
7606,4420,4927
7606,4420,6748
7606,4420,5761
7606,4420,2769
18283,4421,4683
18283,4421,3662
18283,4421,8925
18283,4421,6530
18283,4421,643
18283,4421,692
18283,4421,2882
9421,4422,8115
9421,4422,8473
9421,4422,7816
9421,4422,6178
9421,4422,6799
9421,4422,9726
9421,4422,8670
9421,4422,5105
8057,4423,4664
8057,4423,6022
8057,4423,7970
8057,4423,9715
15198,4424,410
15198,4424,6589
5532,4425,4722
5532,4425,7016
5532,4425,2944
5532,4425,5723
5532,4425,6148
5532,4425,3743
5532,4425,4464
5532,4425,6168
5532,4425,8666
4556,4426,4005
4556,4426,2461
4556,4426,2116
4556,4426,3359
16161,4427,1472
16161,4427,4029
353,4428,988
353,4428,5987
353,4428,3864
353,4428,3037
353,4428,6930
353,4428,1506
7931,4429,9243
7931,4429,3448
7931,4429,2965
8872,4430,1631
17194,4431,28
17194,4431,8393
2859,4432,7947
2859,4432,2516
8083,4433,8926
8083,4433,369
8083,4433,7231
8083,4433,6326
8083,4433,6488
8083,4433,332
8693,4434,4347
8693,4434,472
8693,4434,7797
8693,4434,582
8693,4434,5015
8693,4434,4097
9946,4435,9296
9946,4435,7954
9946,4435,5020
9946,4435,9067
9946,4435,2236
9946,4435,8244
12437,4436,2586
12437,4436,7090
12437,4436,7831
12437,4436,6126
12437,4436,768
12437,4436,4850
12437,4436,5195
12437,4436,3968
3842,4437,6200
3842,4437,8220
3842,4437,9480
3842,4437,7224
3842,4437,2682
3842,4437,1315
3842,4437,8434
12528,4438,9110
12528,4438,1997
14382,4439,1682
14382,4439,635
14382,4439,5452
14382,4439,2780
14382,4439,5270
14382,4439,134
14382,4439,5484
14382,4439,5087
7039,4440,9784
7039,4440,5504
7039,4440,8118
7039,4440,2852
19795,4441,8637
19795,4441,9070
19795,4441,9047
19795,4441,7758
19795,4441,4110
19795,4441,6811
3794,4442,5416
3794,4442,2516
3794,4442,2868
3794,4442,4092
3794,4442,5519
3794,4442,3849
3794,4442,6841
3794,4442,6581
11300,4443,7499
11300,4443,1002
11300,4443,5213
11300,4443,1201
11300,4443,9708
11300,4443,4704
11300,4443,9183
4099,4444,3034
4099,4444,1357
4099,4444,966
4099,4444,2308
19890,4445,6630
19890,4445,559
19890,4445,2303
7007,4446,1094
7007,4446,274
7007,4446,3612
7007,4446,2326
7007,4446,5011
12736,4447,4565
16476,4448,1475
16476,4448,2007
8618,4449,7812
8618,4449,9345
8618,4449,5885
8618,4449,9182
3014,4450,6866
3014,4450,1595
3014,4450,8522
3014,4450,3654
3014,4450,4397
11744,4451,7906
11744,4451,4265
11744,4451,2216
11744,4451,5202
11744,4451,982
11744,4451,1180
11744,4451,581
11744,4451,1670
11744,4451,6622
16431,4452,4375
16431,4452,2035
16431,4452,9441
16431,4452,4643
16431,4452,9941
8409,4453,6281
8409,4453,507
8409,4453,4544
8409,4453,7425
8409,4453,3082
8409,4453,4051
8409,4453,7630
8409,4453,7918
8409,4453,6323
16716,4454,8342
16716,4454,4716
16716,4454,8254
16716,4454,2487
16716,4454,392
16716,4454,9969
9025,4455,9638
9025,4455,2548
9025,4455,5369
9025,4455,4614
1874,4456,9295
1874,4456,8020
5470,4457,4181
9144,4458,5471
9144,4458,1592
9144,4458,6653
9144,4458,3721
9144,4458,4917
9144,4458,9377
9144,4458,2375
15906,4459,4594
15906,4459,7398
15906,4459,7593
15906,4459,7542
15906,4459,1721
15906,4459,6345
15906,4459,1731
15906,4459,2092
15906,4459,9870
7180,4460,2678
7180,4460,8999
7180,4460,2146
7180,4460,3005
7180,4460,9227
7180,4460,3841
7180,4460,4540
7180,4460,9942
7180,4460,3206
19102,4461,1366
19102,4461,1787
19102,4461,1390
19102,4461,4825
19102,4461,5805
19102,4461,6655
19102,4461,2555
19102,4461,4269
6991,4462,121
6991,4462,3057
12526,4463,5814
12526,4463,4976
12526,4463,4925
12526,4463,8415
12526,4463,3100
12526,4463,5648
4603,4464,1101
4603,4464,8855
4603,4464,1471
3183,4465,1653
3183,4465,9828
3183,4465,6003
3183,4465,5655
1158,4466,6893
1158,4466,4474
10429,4467,8510
10429,4467,1427
10429,4467,4826
10429,4467,9378
18179,4468,8580
18179,4468,9519
18179,4468,4367
18179,4468,5562
18179,4468,5752
18179,4468,8422
5789,4469,8109
5789,4469,7338
5789,4469,5968
5789,4469,3983
6721,4470,2450
6721,4470,2292
6721,4470,3751
6721,4470,5612
6721,4470,6984
6721,4470,5304
7450,4471,6620
7450,4471,2504
7450,4471,590
7450,4471,1346
7450,4471,8606
7450,4471,7352
7450,4471,8688
7450,4471,6418
17419,4472,520
17419,4472,372
17419,4472,8951
6853,4473,2044
6853,4473,6182
6853,4473,747
6853,4473,4389
6853,4473,3329
6853,4473,7419
12213,4474,7244
12213,4474,8387
12213,4474,4918
12213,4474,7187
12213,4474,6408
12213,4474,964
12213,4474,9564
12213,4474,2263
12213,4474,6383
14258,4475,9220
13277,4476,2745
13277,4476,6476
13277,4476,6047
13277,4476,9397
13277,4476,3768
13277,4476,6253
13277,4476,2721
4568,4477,3891
4568,4477,7526
4568,4477,1092
4568,4477,589
4568,4477,1283
4568,4477,6950
4568,4477,924
4568,4477,3889
4568,4477,9682
18157,4478,5662
18157,4478,6204
18157,4478,4369
18157,4478,666
18157,4478,2107
18157,4478,5912
14006,4479,7315
14006,4479,9317
14006,4479,4160
14006,4479,3958
14006,4479,7639
19798,4480,5927
19798,4480,6034
19798,4480,6762
19798,4480,5153
19798,4480,2350
19798,4480,1983
19798,4480,6891
19798,4480,5264
5156,4481,6842
1599,4482,4440
1599,4482,8867
1599,4482,1990
1599,4482,5537
1599,4482,6922
1599,4482,8425
1599,4482,9724
1599,4482,9334
1599,4482,9035
8598,4483,6877
7437,4484,4518
7437,4484,1451
7437,4484,3709
11397,4485,3721
11397,4485,3948
7344,4486,5378
7344,4486,9662
7344,4486,6253
7344,4486,3731
9767,4487,7366
9767,4487,9626
9767,4487,322
9767,4487,9133
9767,4487,9033
9767,4487,8086
9767,4487,6271
9767,4487,4898
9767,4487,5705
2166,4488,4750
2166,4488,8622
2166,4488,9151
2166,4488,3364
1459,4489,9546
17355,4490,2919
17355,4490,5940
17355,4490,4237
19884,4491,1025
19884,4491,6852
19884,4491,4446
19884,4491,4255
15236,4492,8348
15236,4492,9655
15236,4492,4639
15236,4492,6570
15236,4492,6995
15236,4492,961
15236,4492,8677
15236,4492,3771
4850,4493,849
4850,4493,1937
4850,4493,3942
4850,4493,8891
4850,4493,3808
4850,4493,418
145,4494,3881
1750,4495,3809
1750,4495,4992
1750,4495,3024
1750,4495,5
1750,4495,6293
1750,4495,3111
1750,4495,6147
1750,4495,4420
1750,4495,8635
18104,4496,9125
18104,4496,9040
18104,4496,7048
18104,4496,3880
18104,4496,7670
18104,4496,7936
18104,4496,5268
18104,4496,2793
18104,4496,5601
17422,4497,5763
17422,4497,7309
17422,4497,9961
686,4498,773
686,4498,5578
686,4498,6705
8748,4499,7036
8748,4499,9869
8748,4499,7685
8748,4499,8913
8748,4499,4181
8748,4499,6080
8748,4499,7960
8748,4499,4341
8748,4499,4218
8015,4500,2837
8015,4500,6856
8015,4500,5398
8015,4500,3915
8015,4500,6740
8015,4500,4955
8015,4500,778
8015,4500,2078
8015,4500,6448
5056,4501,5916
5056,4501,1795
5056,4501,8331
5056,4501,4140
13953,4502,6518
13953,4502,3777
13953,4502,2573
13953,4502,1383
13953,4502,7124
13953,4502,167
13229,4503,9142
13229,4503,1642
13229,4503,2201
13229,4503,5190
13229,4503,3494
13229,4503,9224
13229,4503,6306
5647,4504,3255
5647,4504,2825
5647,4504,3988
8308,4505,769
8308,4505,6414
8308,4505,6267
8308,4505,4967
8308,4505,1492
8308,4505,8998
8308,4505,9486
8308,4505,7570
12204,4506,8411
12204,4506,2426
12204,4506,6507
12204,4506,1183
12204,4506,567
12204,4506,1951
16729,4507,6420
16729,4507,9671
17337,4508,6890
17337,4508,1645
17337,4508,6568
17337,4508,4934
17337,4508,2128
17337,4508,6213
14790,4509,7726
14790,4509,5674
14790,4509,2252
14790,4509,3868
7077,4510,2207
7077,4510,5351
7077,4510,9945
7077,4510,8064
7077,4510,7253
7077,4510,1490
7077,4510,356
7077,4510,8014
7077,4510,5097
5644,4511,5485
5644,4511,1060
5644,4511,4760
5644,4511,2891
10194,4512,4193
10194,4512,6032
10194,4512,7276
10194,4512,5253
10194,4512,2664
10194,4512,6467
10194,4512,9737
10194,4512,628
10194,4512,4385
19739,4513,9222
19739,4513,7593
19739,4513,6654
19739,4513,7209
2803,4514,3658
2803,4514,9632
2803,4514,4279
2803,4514,4519
2803,4514,2973
2803,4514,2308
13384,4515,6562
13384,4515,8207
13384,4515,3929
13384,4515,7895
13384,4515,7079
14790,4516,3743
14790,4516,1807
14790,4516,9073
14790,4516,5670
14790,4516,6830
14790,4516,7847
612,4517,5109
6630,4518,9114
6630,4518,3434
6630,4518,1171
15351,4519,7838
15351,4519,704
15351,4519,5675
15351,4519,502
15351,4519,5016
15351,4519,1642
15351,4519,8655
7526,4520,7078
7526,4520,9336
7526,4520,4100
7526,4520,2383
7526,4520,4258
7526,4520,2947
1568,4521,7695
1568,4521,377
1568,4521,9809
1568,4521,6545
10399,4522,8963
12079,4523,2231
12079,4523,8802
12079,4523,6183
12079,4523,583
12079,4523,5100
12079,4523,9913
15213,4524,5803
15213,4524,3655
15213,4524,5291
15213,4524,7547
15213,4524,6517
15213,4524,2989
15213,4524,2549
15213,4524,9246
16095,4525,1107
16095,4525,6023
16095,4525,3857
16095,4525,2936
16095,4525,3542
16095,4525,5
16095,4525,811
12202,4526,311
12202,4526,5747
12202,4526,9693
12202,4526,3101
12202,4526,3074
12202,4526,6986
12202,4526,708
12202,4526,2439
12202,4526,4299
14468,4527,4203
14468,4527,5550
14468,4527,1700
14468,4527,1115
14468,4527,6479
14468,4527,8142
15668,4528,6772
15668,4528,1637
15668,4528,6058
15668,4528,1849
15668,4528,9075
15668,4528,4791
15668,4528,3381
15668,4528,7945
6990,4529,736
6990,4529,4229
6990,4529,5136
19720,4530,7685
19720,4530,3553
19720,4530,733
19720,4530,1666
19720,4530,8107
19720,4530,8729
19720,4530,2479
19720,4530,5724
19720,4530,9693
4580,4531,6001
4580,4531,1867
4580,4531,5757
4580,4531,997
4580,4531,1266
9636,4532,4429
9636,4532,6249
9636,4532,407
9636,4532,5433
2314,4533,7748
2314,4533,9069
2314,4533,1878
2314,4533,292
2314,4533,6206
2314,4533,5051
2314,4533,2008
9885,4534,8610
9885,4534,3551
9885,4534,8098
9885,4534,9835
13840,4535,3699
5534,4536,7837
5534,4536,2996
5534,4536,5680
5534,4536,1244
5534,4536,4361
5534,4536,2630
5534,4536,1010
5534,4536,1056
5534,4536,6097
11862,4537,2851
11862,4537,5507
11862,4537,9806
11862,4537,9317
11862,4537,2131
10252,4538,3171
10252,4538,2145
10252,4538,9564
10252,4538,3025
10252,4538,6013
4218,4539,8040
4218,4539,9011
4218,4539,3288
4218,4539,7440
13512,4540,3909
13512,4540,4654
13512,4540,5475
13512,4540,7540
13512,4540,5356
13512,4540,2392
13512,4540,7677
13512,4540,2462
13512,4540,513
17104,4541,9443
17104,4541,9990
17104,4541,7991
17104,4541,3638
17104,4541,6915
3137,4542,9394
3137,4542,4339
3137,4542,7291
3137,4542,3130
3137,4542,5134
3137,4542,7777
3137,4542,1285
5792,4543,7794
5792,4543,523
5792,4543,7086
5792,4543,6014
14520,4544,3981
14520,4544,4542
14520,4544,9711
14520,4544,5049
365,4545,5829
365,4545,8813
365,4545,2612
365,4545,3667
365,4545,8221
10612,4546,9306
10612,4546,9463
6886,4547,1762
6886,4547,783
6886,4547,2385
6886,4547,6993
6886,4547,2155
6886,4547,531
6886,4547,2848
6886,4547,9490
6886,4547,3548
19473,4548,1940
19473,4548,9105
19473,4548,7196
19473,4548,4846
19473,4548,2464
19473,4548,6576
19473,4548,3418
19473,4548,827
19473,4548,9776
613,4549,3449
613,4549,2591
613,4549,1148
613,4549,6732
613,4549,2344
613,4549,6486
7362,4550,711
7362,4550,1526
7362,4550,673
7362,4550,6247
7362,4550,5353
17166,4551,4661
17166,4551,1867
17166,4551,6772
17166,4551,545
17166,4551,7179
17166,4551,2175
17166,4551,4337
17166,4551,7345
16111,4552,5342
16111,4552,3637
16111,4552,8895
16111,4552,7610
16111,4552,7572
16111,4552,1804
16111,4552,3714
16111,4552,9484
56,4553,2916
56,4553,7528
56,4553,8411
56,4553,6550
6547,4554,670
6547,4554,9857
6547,4554,6896
6547,4554,2939
6547,4554,1404
6547,4554,6700
6547,4554,8413
6547,4554,5602
19180,4555,5752
19180,4555,6379
19180,4555,1361
19180,4555,9740
19180,4555,6201
19180,4555,2557
19180,4555,1919
19180,4555,6434
19180,4555,9879
2565,4556,6400
2565,4556,6165
2565,4556,7624
2565,4556,1591
2565,4556,1502
2565,4556,3074
2565,4556,1505
2565,4556,808
2565,4556,8722
2556,4557,3691
2556,4557,5988
2556,4557,9684
2556,4557,4852
2556,4557,9250
2556,4557,6325
2556,4557,3252
9685,4558,2185
9685,4558,7171
9685,4558,8041
9685,4558,4934
9685,4558,4986
9685,4558,8040
9685,4558,7363
9685,4558,9175
9685,4558,5300
302,4559,1402
302,4559,7283
10144,4560,4363
10144,4560,7068
10144,4560,5369
10144,4560,9510
8990,4561,3359
8990,4561,1641
8990,4561,1204
8990,4561,1392
8990,4561,7091
8990,4561,5691
8990,4561,3029
8990,4561,3145
8990,4561,8045
4815,4562,3941
4815,4562,1596
4815,4562,9991
4815,4562,7945
4815,4562,3377
4815,4562,8336
19077,4563,3361
19077,4563,9277
19077,4563,7539
19077,4563,2024
19077,4563,8263
15362,4564,4168
15362,4564,7331
15362,4564,9867
15362,4564,9229
15362,4564,7803
15362,4564,9114
15362,4564,7622
19158,4565,8627
19158,4565,8088
19158,4565,9759
19158,4565,6849
19158,4565,180
19158,4565,5702
19158,4565,7814
19158,4565,9073
19158,4565,5632
9719,4566,7465
10173,4567,4666
10173,4567,1117
18408,4568,9315
18408,4568,2223
18408,4568,6476
18408,4568,2151
2446,4569,162
2446,4569,8283
2446,4569,2163
2446,4569,2774
3174,4570,8577
3174,4570,8790
3174,4570,967
3174,4570,7223
3174,4570,4551
2052,4571,5315
2052,4571,3149
6621,4572,221
6621,4572,2616
6621,4572,7371
6621,4572,4581
6621,4572,8948
6621,4572,9780
6621,4572,6179
6803,4573,2847
433,4574,5378
433,4574,1620
433,4574,9187
433,4574,832
433,4574,7066
433,4574,2403
433,4574,6897
11688,4575,3582
11688,4575,2979
11688,4575,9721
5134,4576,2783
5134,4576,8533
304,4577,8413
304,4577,2007
304,4577,6404
6600,4578,9144
6600,4578,4600
6600,4578,7851
15142,4579,138
15142,4579,4048
15142,4579,3924
14670,4580,9934
14670,4580,6161
14670,4580,6622
13073,4581,8904
13073,4581,9270
13073,4581,7733
13073,4581,1081
13073,4581,4691
13073,4581,2412
13073,4581,9052
5951,4582,311
5951,4582,2035
5951,4582,2912
5951,4582,2183
5951,4582,760
5951,4582,6070
5951,4582,6269
5951,4582,1631
18727,4583,9386
18727,4583,2220
18727,4583,2179
18727,4583,8255
18727,4583,4247
18727,4583,8756
18727,4583,9060
18727,4583,4800
18727,4583,8986
19490,4584,6368
19490,4584,2547
19490,4584,7320
19490,4584,7362
19490,4584,580
19490,4584,7329
19490,4584,8544
13595,4585,4089
13595,4585,2872
13595,4585,8980
13595,4585,5119
13595,4585,4654
13595,4585,7710
13595,4585,4197
13595,4585,1948
18536,4586,9247
18536,4586,6184
18536,4586,1144
18536,4586,6083
18536,4586,1524
18536,4586,3530
18536,4586,3706
18536,4586,8761
18536,4586,4073
17453,4587,8893
17453,4587,2435
17453,4587,1441
17453,4587,109
17453,4587,3947
17453,4587,7552
17453,4587,5932
17453,4587,4857
12761,4588,1993
12761,4588,3839
12761,4588,3920
12761,4588,4634
12761,4588,6638
12761,4588,2927
12761,4588,9834
2550,4589,482
2550,4589,5837
2550,4589,3948
2550,4589,6728
2550,4589,3782
2550,4589,5185
14355,4590,7931
14355,4590,9823
12921,4591,1991
12921,4591,9321
12921,4591,8809
12921,4591,4843
1357,4592,2446
1357,4592,5762
1357,4592,4685
1357,4592,7538
1357,4592,8123
1357,4592,4670
1357,4592,6549
15163,4593,1541
15163,4593,3852
15163,4593,1305
15163,4593,52
15163,4593,1950
15163,4593,6825
18540,4594,5497
18540,4594,6724
18540,4594,763
18540,4594,3118
18540,4594,900
18540,4594,9924
1750,4595,3818
1750,4595,9648
1750,4595,2348
1750,4595,1268
1750,4595,2760
1750,4595,3569
1750,4595,7362
1750,4595,8556
10559,4596,126
10559,4596,1089
10559,4596,8677
10559,4596,543
10559,4596,1887
10559,4596,4712
8719,4597,4059
8719,4597,2710
8719,4597,185
8719,4597,9596
8719,4597,3168
8719,4597,405
8719,4597,3431
8719,4597,3720
9616,4598,5820
9616,4598,9908
9616,4598,1502
9616,4598,3411
8472,4599,6329
8472,4599,9855
8472,4599,4967
16269,4600,6197
16269,4600,760
16269,4600,4588
16269,4600,4724
16269,4600,52
19918,4601,4578
19918,4601,3358
19918,4601,5897
19918,4601,6593
19918,4601,8026
19918,4601,8738
5591,4602,7258
5591,4602,4531
5591,4602,7239
5591,4602,4085
8272,4603,4095
8272,4603,8369
8272,4603,2415
16622,4604,536
16622,4604,5268
16622,4604,2080
16622,4604,2069
16622,4604,4665
16622,4604,529
16622,4604,7344
16622,4604,8314
13198,4605,9175
13198,4605,2986
13198,4605,8330
1116,4606,9379
9292,4607,5812
9292,4607,4705
10467,4608,3000
10467,4608,3685
10467,4608,4583
7515,4609,1301
7515,4609,3346
7515,4609,7794
7515,4609,902
7515,4609,1304
7515,4609,1818
7515,4609,1820
7515,4609,411
10648,4610,7581
10648,4610,5759
10648,4610,7485
10648,4610,514
10648,4610,4099
10648,4610,390
10648,4610,6655
8896,4611,1620
8896,4611,7191
8896,4611,6919
8896,4611,1065
8896,4611,5535
8896,4611,2653
8896,4611,6944
5404,4612,3043
5404,4612,1979
5404,4612,1431
5404,4612,2540
5404,4612,6105
5404,4612,2534
5404,4612,5377
5404,4612,8994
5404,4612,7589
17308,4613,7823
17308,4613,4404
17308,4613,6128
17308,4613,7467
17308,4613,5987
17308,4613,9638
17308,4613,7650
379,4614,8697
379,4614,3337
379,4614,5839
379,4614,6641
379,4614,8242
379,4614,2082
19807,4615,4669
19807,4615,6185
19807,4615,1130
19807,4615,2645
19807,4615,138
19807,4615,1835
19807,4615,484
19807,4615,6912
19807,4615,2674
17026,4616,1941
17026,4616,8114
17026,4616,2302
17026,4616,3925
17026,4616,3175
17026,4616,3182
17026,4616,729
17026,4616,1532
17026,4616,5078
13824,4617,7900
13824,4617,3332
13824,4617,9301
13824,4617,9086
2052,4618,5048
2052,4618,8036
2052,4618,4676
2052,4618,7565
2052,4618,570
4202,4619,3770
4202,4619,4157
4202,4619,9484
4202,4619,4964
4202,4619,2629
4202,4619,9401
4202,4619,6142
17676,4620,3836
17676,4620,6760
17676,4620,9722
17676,4620,6367
17676,4620,2617
17676,4620,2392
17676,4620,5779
17676,4620,9616
18198,4621,1914
18198,4621,1300
18198,4621,6333
18198,4621,7196
18198,4621,6279
18198,4621,6861
18198,4621,6181
11804,4622,6193
11804,4622,3525
11804,4622,4842
11804,4622,4746
11804,4622,9238
2454,4623,5846
2454,4623,6784
2454,4623,2594
2454,4623,1251
2454,4623,1649
15658,4624,3731
15658,4624,2602
15658,4624,233
15658,4624,8508
15658,4624,5430
15658,4624,9532
15658,4624,71
7848,4625,9077
7848,4625,3916
10333,4626,3277
10014,4627,4680
10014,4627,2449
10014,4627,5868
2594,4628,5964
2594,4628,2605
2594,4628,8203
2594,4628,3595
2594,4628,6499
2594,4628,8950
2594,4628,2677
2594,4628,6782
2594,4628,9023
12326,4629,5905
12326,4629,554
12326,4629,1505
12326,4629,3070
12326,4629,58
12326,4629,9991
16386,4630,5472
16386,4630,1995
16386,4630,6138
16386,4630,3915
16386,4630,626
3174,4631,7228
3174,4631,7146
3174,4631,6778
3174,4631,8321
3174,4631,4363
3174,4631,8880
19538,4632,4253
19538,4632,5185
19538,4632,2439
19538,4632,920
19538,4632,4240
5470,4633,9331
5470,4633,3396
5470,4633,8141
5470,4633,5126
5470,4633,20
5470,4633,4840
5470,4633,3841
5470,4633,8668
5841,4634,9168
5841,4634,7250
5841,4634,3197
5841,4634,1633
5841,4634,4225
5841,4634,878
8546,4635,4446
8546,4635,9727
8546,4635,4644
16970,4636,4872
16970,4636,4951
8236,4637,4206
8236,4637,5860
8236,4637,1802
8236,4637,604
11457,4638,8994
11457,4638,8825
11457,4638,5862
11457,4638,3287
7468,4639,4925
7468,4639,6101
7468,4639,323
7468,4639,6415
7468,4639,1535
7468,4639,367
7468,4639,2357
11991,4640,9664
11991,4640,4364
11991,4640,4413
15397,4641,1433
15397,4641,736
15397,4641,6909
15397,4641,8402
9632,4642,7090
18893,4643,5442
18893,4643,2908
18893,4643,5486
18893,4643,3594
18893,4643,7496
18893,4643,7597
18893,4643,9462
18893,4643,7649
18893,4643,5386
7575,4644,8603
7575,4644,6681
7575,4644,5674
7575,4644,5138
7575,4644,547
7575,4644,8563
8097,4645,3947
8097,4645,4829
8097,4645,5166
8097,4645,572
8097,4645,4488
8097,4645,7372
8097,4645,9745
8097,4645,7612
8097,4645,2708
16762,4646,7150
16762,4646,9757
16762,4646,8898
16762,4646,9760
16762,4646,4718
16762,4646,7843
16762,4646,5250
16762,4646,3836
16762,4646,5822
6388,4647,2354
6388,4647,9871
7818,4648,3086
7818,4648,2090
7818,4648,6303
7818,4648,8283
7818,4648,610
7818,4648,9769
10037,4649,840
10037,4649,4705
10037,4649,475
10037,4649,4142
10037,4649,2006
10037,4649,7890
2663,4650,1922
16449,4651,4287
16449,4651,5131
15352,4652,4058
15352,4652,1277
15352,4652,2533
15352,4652,3312
10634,4653,9071
10634,4653,3802
10634,4653,9612
6921,4654,5591
6921,4654,9517
6921,4654,2290
6921,4654,8397
6921,4654,6049
14651,4655,9078
14651,4655,482
14651,4655,9844
14651,4655,6128
19858,4656,5653
19858,4656,2845
19858,4656,5774
19858,4656,7834
19858,4656,9156
19858,4656,7344
19858,4656,1486
19858,4656,6
19858,4656,718
19590,4657,3453
19590,4657,8219
19590,4657,4507
19590,4657,9509
19590,4657,7376
19590,4657,3232
19590,4657,4761
5189,4658,2717
5189,4658,5362
5189,4658,5032
5189,4658,6964
5189,4658,6589
5189,4658,5545
5189,4658,587
5189,4658,7929
4871,4659,5326
4871,4659,3247
4871,4659,4392
4871,4659,7562
4871,4659,602
4871,4659,856
4871,4659,3497
4871,4659,7521
8968,4660,8019
8968,4660,511
8968,4660,8820
8968,4660,7410
8968,4660,875
8968,4660,5482
8968,4660,8378
8968,4660,4757
4636,4661,4175
4636,4661,655
4636,4661,2889
4636,4661,6201
4636,4661,2659
4636,4661,2648
4636,4661,302
18243,4662,6518
18243,4662,897
18243,4662,8673
18243,4662,729
18243,4662,2044
18243,4662,5747
18243,4662,4801
10912,4663,3631
10912,4663,1891
10912,4663,4272
10912,4663,6967
10912,4663,7696
10912,4663,3695
10912,4663,2939
7670,4664,3110
10307,4665,3013
10307,4665,9535
10307,4665,661
10307,4665,4959
10307,4665,921
10307,4665,581
10307,4665,1387
10307,4665,9766
10307,4665,3794
13465,4666,568
7354,4667,8831
7354,4667,4063
7354,4667,4433
7354,4667,9384
7354,4667,725
3290,4668,6837
3290,4668,7511
3290,4668,1662
3290,4668,63
3290,4668,8037
3290,4668,180
3290,4668,9620
3290,4668,2280
3290,4668,5210
18543,4669,2869
18543,4669,7197
13160,4670,6544
13160,4670,449
13160,4670,8677
13160,4670,5359
13160,4670,2148
13160,4670,2474
13160,4670,1998
13160,4670,3089
16596,4671,7570
16596,4671,311
16596,4671,676
16596,4671,4030
16596,4671,4088
16596,4671,5224
16596,4671,1340
16596,4671,4686
87,4672,3438
87,4672,2259
87,4672,3322
87,4672,9713
87,4672,3645
87,4672,2065
87,4672,3439
87,4672,1651
87,4672,9883
7940,4673,4601
7940,4673,2363
7940,4673,6303
7940,4673,9330
7940,4673,76
7940,4673,6286
7940,4673,8202
15827,4674,3013
15827,4674,2539
8378,4675,9869
8378,4675,1756
8378,4675,8723
8378,4675,1102
8378,4675,5643
8378,4675,1231
8378,4675,2461
8378,4675,7738
11878,4676,3853
11878,4676,2645
10367,4677,9373
10367,4677,3032
10367,4677,5913
10367,4677,4057
10367,4677,1144
13571,4678,1757
13571,4678,8258
13571,4678,3770
13571,4678,5434
13571,4678,3218
13571,4678,3938
13571,4678,6151
18933,4679,3347
18519,4680,3894
18519,4680,8874
18519,4680,2274
18519,4680,6566
9645,4681,6720
19874,4682,5799
19874,4682,7568
19874,4682,3861
19874,4682,7262
19874,4682,3652
19874,4682,6467
722,4683,9975
722,4683,944
722,4683,9788
722,4683,1363
722,4683,7632
722,4683,2271
722,4683,8018
722,4683,6269
722,4683,4909
17540,4684,5978
17540,4684,4843
17540,4684,9577
17540,4684,2805
17540,4684,4986
17540,4684,8819
17540,4684,9319
17540,4684,3333
1927,4685,945
1927,4685,4703
1927,4685,597
1927,4685,1049
17955,4686,559
17955,4686,6803
17955,4686,9500
17955,4686,3196
4029,4687,620
4029,4687,2386
2295,4688,7928
2295,4688,2868
2295,4688,1041
2295,4688,9782
2295,4688,2893
2295,4688,3780
1165,4689,189
1165,4689,6970
1165,4689,8796
18830,4690,1953
18830,4690,7812
18830,4690,1496
18830,4690,108
18830,4690,4264
18830,4690,8278
2341,4691,4621
2341,4691,4931
2341,4691,8475
2341,4691,4988
7565,4692,3198
7565,4692,8636
12893,4693,2186
12893,4693,5658
7870,4694,5106
7870,4694,2
7870,4694,9491
7870,4694,7933
7870,4694,52
7870,4694,3409
12473,4695,195
12473,4695,5050
12473,4695,4799
12473,4695,1289
12473,4695,2815
12473,4695,3432
12473,4695,881
12473,4695,3551
12473,4695,7426
13832,4696,4881
13832,4696,6564
13832,4696,6280
13832,4696,4526
9440,4697,4714
9440,4697,7093
9440,4697,6130
9440,4697,2947
9440,4697,7805
9440,4697,3487
9440,4697,9813
9440,4697,4906
6779,4698,1924
6779,4698,998
6779,4698,8997
4323,4699,376
4323,4699,7694
4323,4699,958
4323,4699,7375
4323,4699,3385
4323,4699,7732
4323,4699,6533
4323,4699,7783
11221,4700,8319
11221,4700,7969
11221,4700,4955
18309,4701,7702
18309,4701,39
18309,4701,6970
18309,4701,9219
18309,4701,4902
5266,4702,178
5266,4702,7492
5266,4702,2868
5266,4702,5483
5266,4702,9070
5266,4702,503
10684,4703,425
10684,4703,9046
10684,4703,6276
10684,4703,1460
10684,4703,359
10684,4703,8098
10684,4703,8994
10684,4703,5935
10684,4703,4831
15397,4704,8885
15397,4704,1351
15397,4704,8838
15397,4704,4729
15397,4704,1311
15397,4704,2895
15397,4704,5616
15397,4704,6371
13460,4705,6611
13460,4705,335
13460,4705,1602
8037,4706,1918
8037,4706,6529
10731,4707,7380
10731,4707,1015
10731,4707,6703
10731,4707,9444
10731,4707,3706
10731,4707,9804
12828,4708,8958
12828,4708,2368
12828,4708,5193
12828,4708,6643
12828,4708,6978
12828,4708,380
12828,4708,8537
11833,4709,6191
11833,4709,1620
11833,4709,1540
11833,4709,9741
11833,4709,2469
4082,4710,3216
4082,4710,1643
4082,4710,1409
4082,4710,5519
4082,4710,1457
4082,4710,6499
4082,4710,1314
6152,4711,1542
6152,4711,7733
14947,4712,4082
14947,4712,6918
14947,4712,8895
14947,4712,4071
14947,4712,8541
8118,4713,9957
2539,4714,4346
2539,4714,8280
2539,4714,3382
2539,4714,8968
2539,4714,3485
2539,4714,666
15167,4715,7716
15167,4715,5004
15167,4715,5010
15167,4715,315
15167,4715,4106
8755,4716,558
17674,4717,4849
17674,4717,5546
17674,4717,4130
17674,4717,5901
17674,4717,3796
17674,4717,4169
17674,4717,891
17674,4717,7767
17674,4717,2999
14207,4718,1481
14207,4718,4090
14207,4718,5777
14207,4718,876
11449,4719,4058
11449,4719,1979
11449,4719,2119
11449,4719,1319
11449,4719,7285
11449,4719,5458
16912,4720,5560
16912,4720,6898
16912,4720,1377
14306,4721,4701
14306,4721,5678
14306,4721,7439
14306,4721,5404
14306,4721,9694
14306,4721,5190
14306,4721,3808
14306,4721,3221
14306,4721,7526
1316,4722,2143
1316,4722,321
1316,4722,2100
7102,4723,5223
7102,4723,8359
7102,4723,4765
7102,4723,2078
7102,4723,1284
10184,4724,4358
10184,4724,21
10184,4724,7924
10184,4724,5361
10184,4724,5346
10184,4724,3585
10184,4724,5081
10184,4724,997
12438,4725,8880
12438,4725,1748
12438,4725,8684
12438,4725,8225
12438,4725,8124
12438,4725,2844
12438,4725,5232
12438,4725,4561
19843,4726,5603
19843,4726,9889
19843,4726,1061
1375,4727,8674
1375,4727,8802
1375,4727,6941
1375,4727,3453
1375,4727,1638
8963,4728,7345
8963,4728,1518
8963,4728,8540
8963,4728,6886
8963,4728,1544
8963,4728,4825
8963,4728,7659
8963,4728,3292
3930,4729,2386
3930,4729,802
3930,4729,2852
11964,4730,4344
11964,4730,93
17264,4731,2774
17264,4731,2367
17264,4731,4749
17264,4731,7538
17264,4731,4788
17264,4731,6
4783,4732,8231
4783,4732,8610
4783,4732,2054
4783,4732,7120
4783,4732,9795
4783,4732,2260
5719,4733,5003
5719,4733,6216
5719,4733,6486
5719,4733,7792
5719,4733,5805
5719,4733,6807
5719,4733,189
5719,4733,7344
11907,4734,1483
11907,4734,4551
11907,4734,8394
11907,4734,9779
11907,4734,9669
11907,4734,2855
11907,4734,332
11907,4734,4423
4429,4735,12
4429,4735,9801
4429,4735,4924
4429,4735,8618
4429,4735,3098
4429,4735,9175
4429,4735,3864
4429,4735,5858
11273,4736,9509
19682,4737,6658
19682,4737,1511
19682,4737,9868
19682,4737,9645
19682,4737,1721
19682,4737,6813
19682,4737,5591
19682,4737,3019
19682,4737,4491
697,4738,5985
697,4738,9228
697,4738,4981
697,4738,5334
697,4738,3398
697,4738,4639
697,4738,6740
697,4738,6431
697,4738,4175
1974,4739,897
1974,4739,1307
1974,4739,8391
1974,4739,5736
1974,4739,8822
1974,4739,3162
16286,4740,1542
16286,4740,4540
16286,4740,457
13774,4741,5039
13774,4741,5847
13774,4741,5157
13774,4741,5037
13774,4741,2131
15734,4742,9588
15734,4742,3130
15734,4742,2260
15734,4742,9350
15734,4742,827
2566,4743,8170
6416,4744,6736
6416,4744,8118
497,4745,8115
497,4745,4407
497,4745,271
497,4745,4505
497,4745,2816
497,4745,6331
497,4745,7744
497,4745,4925
497,4745,6979
5012,4746,3880
5012,4746,3790
5012,4746,4810
5012,4746,2245
5012,4746,6180
5012,4746,6161
5012,4746,8062
5132,4747,6420
8326,4748,7075
8326,4748,2599
8326,4748,1087
8326,4748,5
8326,4748,1938
8326,4748,6963
8326,4748,648
8326,4748,6754
8326,4748,9567
15258,4749,195
15258,4749,6472
15258,4749,3596
15258,4749,778
15258,4749,556
6308,4750,2054
6308,4750,9832
6308,4750,4467
6308,4750,738
6308,4750,6002
11138,4751,3198
11138,4751,4888
11138,4751,8054
11138,4751,8
11138,4751,2412
11138,4751,6848
11138,4751,8637
11138,4751,6121
11138,4751,5493
10649,4752,2119
10649,4752,9558
10649,4752,394
10649,4752,3690
13774,4753,280
13774,4753,7100
13774,4753,249
13774,4753,1072
13774,4753,2477
13774,4753,7723
6429,4754,8539
6429,4754,3434
6429,4754,1840
6429,4754,8778
6429,4754,4491
6429,4754,3031
6429,4754,9354
6429,4754,1082
6429,4754,2176
4848,4755,9520
14484,4756,457
14484,4756,8702
14484,4756,4475
14484,4756,9652
14484,4756,5128
14484,4756,8547
14484,4756,895
14484,4756,4960
14484,4756,5153
14657,4757,9753
14657,4757,792
14657,4757,2081
14657,4757,6514
14657,4757,1202
14657,4757,6383
14657,4757,5964
14657,4757,2039
14657,4757,7171
11434,4758,7294
11434,4758,5187
11434,4758,7785
11434,4758,9775
11434,4758,4869
11322,4759,7152
11322,4759,6846
11322,4759,2281
11322,4759,8257
11322,4759,4085
11322,4759,3860
15808,4760,2843
15808,4760,5986
15808,4760,6712
15808,4760,3098
15932,4761,3627
15932,4761,5696
15932,4761,122
15932,4761,9131
15932,4761,5769
15932,4761,648
15932,4761,7682
15932,4761,1108
15932,4761,2411
10506,4762,3282
10506,4762,9140
10506,4762,5541
10506,4762,4345
10506,4762,4612
614,4763,2848
614,4763,8887
614,4763,5268
614,4763,8470
614,4763,4041
614,4763,8091
14951,4764,2846
3971,4765,6902
3971,4765,6148
3971,4765,3682
3971,4765,1820
3971,4765,8995
15763,4766,7415
15763,4766,8527
15763,4766,1332
15763,4766,7907
15763,4766,4093
15763,4766,8989
16089,4767,2640
16089,4767,1673
16089,4767,7338
16089,4767,1299
16089,4767,7785
16089,4767,3826
14219,4768,8864
14219,4768,7044
14219,4768,8816
14219,4768,9184
14219,4768,4562
14219,4768,9846
17537,4769,4593
17537,4769,7644
17537,4769,2149
17537,4769,1088
17537,4769,9235
17537,4769,8029
17537,4769,2023
17537,4769,2997
80,4770,4990
80,4770,5624
80,4770,8439
9310,4771,3512
9310,4771,625
9310,4771,762
9310,4771,97
18663,4772,6740
19471,4773,9775
19471,4773,9051
19471,4773,1019
19471,4773,4316
19471,4773,145
19471,4773,4112
15246,4774,8778
15246,4774,252
15246,4774,5824
15246,4774,8206
15246,4774,3691
15246,4774,1371
15246,4774,4681
8911,4775,9220
8911,4775,6186
12660,4776,712
12660,4776,4004
12660,4776,895
12660,4776,7900
12660,4776,1657
12660,4776,4103
15586,4777,3918
15586,4777,8720
15586,4777,3943
15586,4777,7889
15586,4777,3327
15586,4777,6697
15586,4777,404
2232,4778,5041
2232,4778,8763
2232,4778,8712
2232,4778,6662
2232,4778,281
2232,4778,607
9050,4779,903
9050,4779,9883
9050,4779,1681
9050,4779,2865
9050,4779,8806
9050,4779,1634
9050,4779,4384
9050,4779,6764
9050,4779,5871
9164,4780,7396
9164,4780,1995
9164,4780,1314
9164,4780,2528
9164,4780,2012
9164,4780,4408
9164,4780,2220
9164,4780,5104
9164,4780,4465
12198,4781,4405
12198,4781,2160
12198,4781,6981
5849,4782,9150
5849,4782,255
5849,4782,8186
396,4783,2092
14392,4784,1105
14392,4784,7411
3630,4785,2090
3630,4785,1286
3630,4785,7156
3630,4785,9199
3630,4785,376
3630,4785,6768
3630,4785,2236
16894,4786,6879
788,4787,2262
788,4787,4948
788,4787,1263
788,4787,3628
788,4787,6430
788,4787,298
788,4787,9747
788,4787,9890
788,4787,8950
2371,4788,9633
2371,4788,8292
2371,4788,4379
2371,4788,6904
2371,4788,5489
2371,4788,5864
2371,4788,6031
19317,4789,4572
19317,4789,2648
19317,4789,272
19317,4789,4439
19317,4789,9194
19317,4789,407
19317,4789,562
19317,4789,2623
19317,4789,6549
6906,4790,2619
17297,4791,8307
17297,4791,2811
17297,4791,7657
17297,4791,7196
3270,4792,4756
3270,4792,6156
3270,4792,7595
3270,4792,4170
3270,4792,5779
3270,4792,7597
3270,4792,38
2303,4793,4899
2303,4793,1761
2303,4793,48
2303,4793,3167
2303,4793,7346
8991,4794,2052
8991,4794,8951
8991,4794,3281
8991,4794,3790
2773,4795,1601
2773,4795,3670
2773,4795,1607
6735,4796,2785
6735,4796,4924
6735,4796,604
6735,4796,4626
6735,4796,7436
6735,4796,3454
6735,4796,6324
227,4797,1500
227,4797,4507
16352,4798,6745
16352,4798,5750
16352,4798,8876
7599,4799,7602
7599,4799,2019
7599,4799,9967
12581,4800,6404
15806,4801,1003
15806,4801,5601
15806,4801,5208
15806,4801,5761
15806,4801,5366
15806,4801,9492
15806,4801,8436
12073,4802,1074
12073,4802,8389
12073,4802,7703
8213,4803,2009
8213,4803,3772
8213,4803,3471
8213,4803,7577
8213,4803,1717
8213,4803,9636
18254,4804,7283
18254,4804,2445
18254,4804,8726
18254,4804,142
18254,4804,6016
18254,4804,7710
12612,4805,6952
12612,4805,6972
12612,4805,8934
12612,4805,9099
17468,4806,7861
17468,4806,2267
17468,4806,8456
17468,4806,3873
17468,4806,8229
17468,4806,4296
4011,4807,8311
4011,4807,7770
4011,4807,9039
4011,4807,5684
9564,4808,3516
9564,4808,3032
9564,4808,9002
9564,4808,6520
9564,4808,9
9564,4808,4639
9564,4808,4407
12532,4809,76
12532,4809,5646
12532,4809,4512
12532,4809,2586
12532,4809,2655
12532,4809,4977
16985,4810,9869
16985,4810,7377
14772,4811,5624
14772,4811,7664
14772,4811,7454
14772,4811,4273
14772,4811,7853
14772,4811,5374
14772,4811,4601
14772,4811,2560
15073,4812,6029
15073,4812,959
15073,4812,2800
15073,4812,2286
15073,4812,5722
15073,4812,5621
15073,4812,255
15073,4812,9449
7443,4813,3639
7443,4813,2106
7443,4813,8568
7443,4813,5496
7443,4813,2202
7443,4813,7280
7443,4813,195
7443,4813,4128
7443,4813,6574
4590,4814,3639
4590,4814,8791
4590,4814,3442
4590,4814,6809
4590,4814,419
5047,4815,7189
5047,4815,6253
5047,4815,8211
5047,4815,7620
5047,4815,1770
5047,4815,1400
5047,4815,8160
5047,4815,639
8555,4816,7365
8555,4816,6260
8555,4816,1492
8555,4816,4620
8555,4816,9201
8555,4816,8630
9764,4817,8414
9764,4817,4105
9764,4817,5145
9764,4817,8528
9764,4817,6790
9764,4817,6945
12637,4818,9133
1249,4819,1402
1249,4819,2908
1249,4819,7690
1249,4819,4913
1249,4819,6096
1249,4819,6866
1249,4819,3511
1249,4819,5705
1249,4819,5315
4519,4820,8578
4519,4820,5455
4519,4820,660
4519,4820,8335
4519,4820,36
5886,4821,3339
5886,4821,5217
4166,4822,4093
4166,4822,3553
9514,4823,9404
9514,4823,9145
9514,4823,7955
9514,4823,5294
10658,4824,8272
10658,4824,8371
10658,4824,468
10658,4824,1044
10658,4824,5671
10658,4824,9989
7082,4825,8298
7082,4825,7755
7082,4825,1083
7082,4825,2560
15705,4826,3182
15705,4826,5887
15705,4826,7138
15705,4826,3063
15705,4826,7845
15705,4826,6079
15705,4826,4784
15705,4826,3279
15705,4826,9608
15811,4827,5607
15811,4827,9299
15811,4827,3407
17462,4828,80
17462,4828,652
17462,4828,5409
17462,4828,4823
17462,4828,7821
17462,4828,6770
17462,4828,6968
17462,4828,3404
17462,4828,2498
11572,4829,156
7125,4830,2294
7125,4830,3469
7125,4830,2166
7125,4830,9590
8823,4831,5313
8823,4831,8259
8823,4831,7645
8823,4831,8855
8823,4831,9711
8823,4831,5928
12167,4832,9646
12167,4832,5943
18822,4833,3531
18822,4833,6411
18822,4833,8312
18822,4833,7019
18822,4833,4835
18822,4833,5904
18822,4833,6938
18822,4833,2622
17098,4834,4633
17098,4834,3189
18263,4835,8542
18263,4835,7880
18263,4835,4428
18263,4835,3436
18263,4835,1528
18263,4835,6363
18263,4835,5731
18263,4835,8842
18263,4835,7026
10238,4836,6635
10238,4836,2840
10238,4836,8921
10238,4836,8955
10238,4836,4257
10238,4836,5665
183,4837,2831
183,4837,3458
183,4837,4316
6314,4838,4619
6314,4838,3604
6314,4838,7295
6314,4838,9273
6314,4838,61
6314,4838,5348
6314,4838,3331
6314,4838,6511
12157,4839,9082
12157,4839,6120
12157,4839,1109
12157,4839,1727
12157,4839,3592
12157,4839,1053
12157,4839,4752
12157,4839,2841
4227,4840,307
4227,4840,3970
4227,4840,7131
4227,4840,2631
4227,4840,6559
11280,4841,8179
11280,4841,3590
11280,4841,7310
16725,4842,3019
16725,4842,285
16725,4842,346
16725,4842,2868
16725,4842,9992
16725,4842,4289
16725,4842,7317
16725,4842,5994
6059,4843,6185
6059,4843,7010
6059,4843,7599
2169,4844,9323
2169,4844,580
2169,4844,3613
12961,4845,3317
12961,4845,9186
10358,4846,8209
10358,4846,3688
1394,4847,5017
1394,4847,399
1394,4847,3470
1394,4847,3398
1394,4847,9327
1394,4847,4974
1394,4847,3491
1394,4847,3460
1394,4847,2415
10396,4848,6617
10396,4848,5972
15376,4849,7002
15376,4849,5715
15376,4849,3715
15376,4849,7121
15376,4849,3234
16414,4850,4757
16414,4850,4421
16414,4850,3949
16414,4850,2370
16414,4850,3810
16414,4850,7805
16414,4850,9291
583,4851,6309
583,4851,1871
583,4851,7719
583,4851,7136
583,4851,5438
6562,4852,4585
6562,4852,1087
6562,4852,5152
6562,4852,305
16218,4853,6339
16218,4853,2024
16665,4854,8356
16665,4854,1544
16665,4854,6365
11047,4855,9439
11047,4855,8911
11047,4855,3378
11047,4855,3982
11047,4855,3023
11047,4855,1792
16259,4856,7289
9964,4857,395
9964,4857,2357
9964,4857,9735
9964,4857,2282
9964,4857,4725
9964,4857,4842
9964,4857,2246
12454,4858,2650
1610,4859,984
18989,4860,6361
17434,4861,7823
17434,4861,2813
17434,4861,5249
14989,4862,3721
14989,4862,4600
14989,4862,1469
14989,4862,7176
16318,4863,7653
16318,4863,6993
16318,4863,982
16318,4863,2731
16318,4863,2893
16318,4863,5756
2008,4864,8498
2008,4864,3162
2008,4864,7009
2008,4864,8590
2008,4864,4845
2008,4864,1768
2008,4864,3924
2008,4864,9054
2008,4864,664
3290,4865,3873
3290,4865,8873
3290,4865,4720
3290,4865,632
3290,4865,1255
3290,4865,7313
3290,4865,1348
3290,4865,2178
14044,4866,9412
14044,4866,8735
14044,4866,1203
14044,4866,4511
14044,4866,1043
9830,4867,4543
9830,4867,5957
9830,4867,2447
9830,4867,4303
11302,4868,5589
11302,4868,827
11302,4868,1443
11302,4868,917
4238,4869,8912
4238,4869,3846
4238,4869,5533
149,4870,5249
149,4870,1177
149,4870,65
149,4870,5202
1580,4871,2080
1580,4871,7673
1580,4871,2640
1580,4871,5115
1580,4871,9588
1580,4871,2832
1580,4871,8050
12115,4872,23
12115,4872,5091
12115,4872,3237
12115,4872,4003
12115,4872,9298
637,4873,2781
637,4873,4305
18839,4874,3446
18839,4874,5114
4078,4875,6824
4078,4875,953
4078,4875,8773
4078,4875,7069
4078,4875,2628
4078,4875,3386
4078,4875,6685
18930,4876,4885
18930,4876,6888
18930,4876,921
18930,4876,2984
18930,4876,1827
18930,4876,8073
18930,4876,9079
62,4877,4221
62,4877,8502
62,4877,244
62,4877,8705
62,4877,3318
62,4877,6393
2555,4878,3796
2555,4878,6556
2555,4878,6662
2555,4878,8591
2555,4878,7762
2555,4878,9630
12878,4879,317
12878,4879,8768
14943,4880,9340
14943,4880,4613
14943,4880,5159
14943,4880,4899
2910,4881,9838
2910,4881,6342
11941,4882,2409
11941,4882,1611
11941,4882,1698
11941,4882,3286
11941,4882,7849
11941,4882,6673
11941,4882,4656
11941,4882,5864
11941,4882,5605
1102,4883,2159
1102,4883,8826
1102,4883,9654
1102,4883,4470
1102,4883,509
4237,4884,2497
4237,4884,8946
4237,4884,3664
4237,4884,7534
4237,4884,6904
4237,4884,8135
13808,4885,1406
13808,4885,8432
13808,4885,3717
13808,4885,1049
13808,4885,52
13808,4885,5066
9338,4886,7559
9338,4886,6517
9338,4886,5757
9338,4886,9542
9338,4886,7447
9338,4886,5168
16452,4887,3443
16452,4887,6217
16452,4887,4500
16452,4887,5347
16452,4887,8822
16452,4887,9326
1037,4888,658
1037,4888,3861
1037,4888,9234
13360,4889,8287
13360,4889,2467
13360,4889,1646
13360,4889,2684
14366,4890,1734
14366,4890,8827
14366,4890,6447
14366,4890,1578
14366,4890,6545
14366,4890,298
14366,4890,8648
14366,4890,3809
9775,4891,547
9775,4891,767
9775,4891,339
9775,4891,54
9775,4891,633
4733,4892,3425
10004,4893,7236
11768,4894,3606
11768,4894,200
11768,4894,1227
11768,4894,9997
11768,4894,2938
5983,4895,8173
5983,4895,8442
5983,4895,6212
5983,4895,2879
5983,4895,6868
5983,4895,1864
6735,4896,8680
6735,4896,1806
6735,4896,9161
6735,4896,9625
6735,4896,5026
937,4897,6544
937,4897,8798
937,4897,1028
7812,4898,7475
7812,4898,7822
7812,4898,1005
7812,4898,7107
17824,4899,1945
13939,4900,7438
13939,4900,2447
13939,4900,27
13939,4900,8965
13939,4900,6253
13939,4900,4960
13939,4900,9533
13939,4900,9664
13939,4900,4465
3142,4901,483
3142,4901,7127
3142,4901,7101
3142,4901,9397
3142,4901,6058
3142,4901,4150
8351,4902,5229
8351,4902,5594
8351,4902,8028
8351,4902,2622
8351,4902,2482
8351,4902,8360
8351,4902,8658
8351,4902,4209
8351,4902,7627
9453,4903,2575
13448,4904,899
13448,4904,8390
13448,4904,8492
13448,4904,6316
13448,4904,9111
13448,4904,4211
13448,4904,6024
13448,4904,9236
6890,4905,4781
6890,4905,3636
6890,4905,6351
6890,4905,7201
6890,4905,2934
6890,4905,2758
6890,4905,2435
6890,4905,9960
6890,4905,5131
8482,4906,5833
8482,4906,4228
11021,4907,4420
11021,4907,5123
11021,4907,6255
11021,4907,4264
11021,4907,5620
11021,4907,3399
11021,4907,1030
11021,4907,9524
11021,4907,6760
8412,4908,5863
8412,4908,3709
8412,4908,9795
16616,4909,1601
15711,4910,1311
15711,4910,9535
15711,4910,9951
18950,4911,4129
18950,4911,1508
18950,4911,1289
18950,4911,7751
18950,4911,7460
18950,4911,4621
18950,4911,5853
14908,4912,5309
14908,4912,3490
6049,4913,3588
6049,4913,5415
6049,4913,9172
6049,4913,3955
6049,4913,2568
6049,4913,8049
11015,4914,8567
11015,4914,8840
11015,4914,1169
11015,4914,2798
11015,4914,1716
15409,4915,3645
15409,4915,6294
15409,4915,8039
15409,4915,8603
2341,4916,1488
2341,4916,9699
2341,4916,2336
2341,4916,3065
8467,4917,711
8467,4917,8995
8467,4917,7895
3079,4918,599
3079,4918,9988
3079,4918,1235
3079,4918,372
3079,4918,323
43,4919,8287
43,4919,9455
43,4919,8507
43,4919,906
43,4919,8121
43,4919,3024
43,4919,8205
43,4919,7555
16305,4920,7354
16305,4920,1896
16305,4920,8354
16305,4920,9584
16305,4920,2240
16305,4920,2579
4066,4921,9964
4066,4921,2787
4066,4921,9528
4066,4921,4099
3306,4922,9806
3306,4922,8605
3306,4922,5674
8055,4923,8326
8055,4923,5259
8055,4923,5483
8055,4923,2937
8055,4923,3894
13362,4924,2491
13362,4924,1095
13362,4924,6734
13362,4924,2394
1997,4925,1498
1997,4925,3726
1997,4925,3049
1997,4925,9173
1997,4925,2954
1997,4925,8631
1997,4925,8861
1997,4925,8789
1997,4925,9206
3392,4926,1250
3392,4926,5385
3392,4926,8125
3392,4926,4642
3392,4926,9107
3392,4926,405
3392,4926,356
19056,4927,4183
19056,4927,3724
19056,4927,2917
19056,4927,5737
19056,4927,2283
19056,4927,3818
19056,4927,8943
19056,4927,8721
13691,4928,8669
13691,4928,9493
13691,4928,5674
13691,4928,2527
8576,4929,4680
8576,4929,6601
8576,4929,4626
8576,4929,9718
7071,4930,8603
7071,4930,7400
7071,4930,9610
16556,4931,7351
19755,4932,4166
19755,4932,2939
19755,4932,710
19755,4932,6442
19755,4932,1876
19755,4932,2245
19755,4932,9695
19755,4932,9077
19755,4932,9052
17323,4933,6940
17323,4933,6434
17323,4933,1238
17323,4933,4168
17323,4933,5821
17323,4933,39
1497,4934,6084
1497,4934,9778
1497,4934,6177
1497,4934,4616
7335,4935,2329
7335,4935,9654
7335,4935,926
7335,4935,3558
15450,4936,6057
15450,4936,7106
15450,4936,4392
15450,4936,6852
15450,4936,5574
15450,4936,8804
15450,4936,6101
15450,4936,7004
17464,4937,8070
17464,4937,8682
17464,4937,2989
17464,4937,1158
17464,4937,9964
17464,4937,3863
17464,4937,8407
17464,4937,9254
17464,4937,6370
3887,4938,3694
3887,4938,5496
5162,4939,1995
5162,4939,6853
5162,4939,6494
5162,4939,2915
5162,4939,5356
5162,4939,2414
5162,4939,8899
5162,4939,186
5162,4939,3619
13784,4940,8969
13784,4940,5829
13784,4940,2889
13784,4940,7045
13784,4940,8484
13784,4940,9815
13784,4940,9716
5261,4941,5509
8814,4942,2560
8814,4942,6490
8814,4942,7703
8814,4942,3811
8814,4942,7179
8814,4942,1135
8814,4942,8173
8814,4942,2384
8814,4942,7218
13866,4943,9563
13866,4943,7701
13866,4943,8838
13866,4943,9479
13866,4943,7386
13866,4943,6842
13866,4943,8855
5331,4944,2305
5331,4944,6108
5331,4944,528
5331,4944,7133
5331,4944,688
5331,4944,4679
8483,4945,9313
8483,4945,1444
8483,4945,6526
8483,4945,828
19365,4946,2348
19365,4946,7606
7426,4947,2204
7426,4947,9749
8854,4948,8668
8854,4948,1671
8854,4948,4239
8854,4948,6771
8854,4948,1942
8854,4948,4132
8854,4948,7281
19256,4949,4280
19256,4949,7528
19256,4949,4648
19256,4949,1669
6107,4950,731
6107,4950,8450
6107,4950,5471
6107,4950,5514
6107,4950,3453
15170,4951,9628
15170,4951,6748
15170,4951,2124
15170,4951,3441
15170,4951,435
15170,4951,9382
15170,4951,2484
2612,4952,8796
2612,4952,8289
2612,4952,7846
2612,4952,6508
2612,4952,1258
2612,4952,8883
17021,4953,9307
5495,4954,835
5495,4954,3780
17872,4955,4824
17872,4955,6692
9074,4956,5836
9074,4956,540
9074,4956,1530
9074,4956,3229
5071,4957,5283
5071,4957,7137
5071,4957,3248
5071,4957,9435
5071,4957,9852
9350,4958,7787
9350,4958,834
9350,4958,9356
9350,4958,2873
9350,4958,1388
9350,4958,3901
16242,4959,3582
16242,4959,5009
16242,4959,8550
16242,4959,1634
16242,4959,6329
11869,4960,2232
11869,4960,4682
11869,4960,8647
11869,4960,9735
11869,4960,3932
11869,4960,5922
11869,4960,5738
11869,4960,5953
11869,4960,8103
6223,4961,1368
6223,4961,1856
6223,4961,3371
6223,4961,3631
11725,4962,8928
11725,4962,2135
11725,4962,3643
11725,4962,9784
11725,4962,3899
11725,4962,3085
11725,4962,8410
11725,4962,9386
19275,4963,1523
19275,4963,3362
19275,4963,3354
19275,4963,4423
19275,4963,2855
19275,4963,4868
14004,4964,3068
14004,4964,3228
14004,4964,5750
14004,4964,6817
12404,4965,5839
12404,4965,7462
1647,4966,7817
1647,4966,5068
1647,4966,4575
1647,4966,2454
1647,4966,6937
1647,4966,8259
1647,4966,3127
1647,4966,6971
7574,4967,9989
7574,4967,7091
7574,4967,6412
7574,4967,3190
7574,4967,5376
6384,4968,3864
6384,4968,4659
6384,4968,1291
6384,4968,9215
6384,4968,1600
17140,4969,2357
17140,4969,4127
17140,4969,5173
17140,4969,8173
17140,4969,5769
17140,4969,2941
17140,4969,6806
17140,4969,4337
16399,4970,4516
16399,4970,3572
10343,4971,3742
10343,4971,6327
10343,4971,1539
10343,4971,8443
10343,4971,1670
10343,4971,8295
10343,4971,7978
9565,4972,3709
9565,4972,1118
9565,4972,3125
13393,4973,1868
13393,4973,196
13393,4973,2725
8528,4974,976
18540,4975,505
18540,4975,9524
18540,4975,7583
18540,4975,5484
18540,4975,2561
17602,4976,1502
17602,4976,9134
17602,4976,2780
17602,4976,8220
10388,4977,3838
10388,4977,6368
10388,4977,6140
10388,4977,4583
10388,4977,1208
10388,4977,8895
10388,4977,865
10395,4978,8895
16058,4979,9888
12021,4980,3108
12021,4980,1073
12021,4980,624
12021,4980,6348
12021,4980,2875
12021,4980,7370
12021,4980,4246
12021,4980,3224
12021,4980,3432
4653,4981,356
4653,4981,8478
4653,4981,367
4653,4981,6253
4653,4981,3192
4653,4981,7940
4653,4981,8836
4653,4981,1476
8701,4982,6119
8701,4982,9373
5608,4983,5131
5608,4983,4599
5608,4983,6751
5608,4983,5729
5608,4983,6594
5608,4983,4351
5608,4983,1342
354,4984,5360
354,4984,9875
354,4984,5760
354,4984,5079
354,4984,5337
16316,4985,6217
16316,4985,8553
16316,4985,5956
5098,4986,2334
5098,4986,6724
5098,4986,7781
5098,4986,1908
3565,4987,7776
3565,4987,3090
3565,4987,7922
3565,4987,1270
3565,4987,4093
3565,4987,9083
3565,4987,453
3565,4987,6925
6374,4988,791
6374,4988,6304
6374,4988,9271
6374,4988,1712
6374,4988,9994
6374,4988,9426
6374,4988,9263
6374,4988,882
6374,4988,3542
15267,4989,278
15267,4989,7507
15267,4989,627
11194,4990,7291
11194,4990,9751
2924,4991,4410
2924,4991,7291
2924,4991,9971
2924,4991,856
2924,4991,323
2924,4991,1146
2924,4991,6710
2924,4991,50
2924,4991,8626
18031,4992,195
18031,4992,5642
18031,4992,125
18031,4992,1408
11634,4993,9489
11634,4993,155
955,4994,437
974,4995,1164
14873,4996,1000
14873,4996,9443
14873,4996,9959
14873,4996,9279
14873,4996,6668
14873,4996,6633
14873,4996,469
14873,4996,6499
14873,4996,7265
15403,4997,8189
15403,4997,1747
2097,4998,546
2097,4998,6645
13205,4999,1253
13205,4999,3077
13205,4999,3662
13205,4999,4673
13205,4999,3106
13205,4999,1244
13205,4999,9639
13205,4999,4364
12221,5000,7159
12221,5000,6078
12221,5000,1753
12221,5000,7692
