10001,2013/11/19,12934,102.63,8.47,111.10
10002,2013/11/29,2761,174.51,14.40,188.91
10003,2013/11/17,16077,372.85,30.76,403.61
10004,2013/11/23,16213,126.20,10.41,136.61
10005,2013/11/14,10403,223.54,18.44,241.98
10006,2013/11/15,16547,127.28,10.50,137.78
10007,2013/11/08,6944,233.75,19.28,253.03
10008,2013/11/16,12923,317.36,26.18,343.54
10009,2013/11/28,16213,56.28,4.64,60.92
10010,2013/11/08,12874,165.17,13.63,178.80
10011,2013/11/16,8457,209.66,17.30,226.96
10012,2013/11/14,5608,331.19,27.32,358.51
10013,2013/11/06,6365,180.20,14.87,195.07
10014,2013/11/06,1826,272.21,22.46,294.67
10015,2013/11/16,7152,383.55,31.64,415.19
10016,2013/11/19,7543,157.70,13.01,170.71
10017,2013/11/24,6220,281.48,23.22,304.70
10018,2013/11/23,13489,71.74,5.92,77.66
10019,2013/11/20,15640,238.16,19.65,257.81
10020,2013/11/08,19887,100.27,8.27,108.54
10021,2013/11/27,15305,30.41,2.51,32.92
10022,2013/11/26,16189,25.99,2.14,28.13
10023,2013/11/25,7979,177.09,14.61,191.70
10024,2013/11/06,12759,158.96,13.11,172.07
10025,2013/11/20,5906,300.67,24.81,325.48
10026,2013/11/08,15792,132.60,10.94,143.54
10027,2013/11/25,7694,91.04,7.51,98.55
10028,2013/11/25,13440,2.77,0.23,3.00
10029,2013/11/19,7971,78.40,6.47,84.87
10030,2013/11/16,18556,146.73,12.11,158.84
10031,2013/11/01,14692,388.80,32.08,420.88
10032,2013/11/24,16195,357.83,29.52,387.35
10033,2013/11/16,12698,59.01,4.87,63.88
10034,2013/11/30,270,236.61,19.52,256.13
10035,2013/11/14,16498,296.00,24.42,320.42
10036,2013/11/25,11285,138.20,11.40,149.60
10037,2013/11/13,2502,281.14,23.19,304.33
10038,2013/11/30,15994,316.16,26.08,342.24
10039,2013/11/27,10690,275.66,22.74,298.40
10040,2013/11/05,16393,180.82,14.92,195.74
10041,2013/11/05,17233,256.14,21.13,277.27
10042,2013/11/23,3622,183.67,15.15,198.82
10043,2013/11/15,9308,321.30,26.51,347.81
10044,2013/11/14,12251,169.82,14.01,183.83
10045,2013/11/03,3919,116.75,9.63,126.38
10046,2013/11/10,9077,287.36,23.71,311.07
10047,2013/11/17,15951,253.87,20.94,274.81
10048,2013/11/22,2255,306.91,25.32,332.23
10049,2013/11/22,5370,245.58,20.26,265.84
10050,2013/11/18,18270,13.23,1.09,14.32
10051,2013/11/30,7368,262.03,21.62,283.65
10052,2013/11/15,6672,77.97,6.43,84.40
10053,2013/11/17,5989,68.03,5.61,73.64
10054,2013/11/18,15371,238.97,19.72,258.69
10055,2013/11/09,10061,30.14,2.49,32.63
10056,2013/11/17,10479,37.97,3.13,41.10
10057,2013/11/06,15505,44.84,3.70,48.54
10058,2013/11/14,893,393.96,32.50,426.46
10059,2013/11/13,10848,191.42,15.79,207.21
10060,2013/11/07,14220,399.94,33.00,432.94
10061,2013/11/22,6170,166.05,13.70,179.75
10062,2013/11/22,15885,192.85,15.91,208.76
10063,2013/11/05,9398,119.58,9.87,129.45
10064,2013/11/23,7237,228.65,18.86,247.51
10065,2013/11/01,6318,3.07,0.25,3.32
10066,2013/11/17,16822,215.07,17.74,232.81
10067,2013/11/07,6174,278.24,22.95,301.19
10068,2013/11/24,10212,76.17,6.28,82.45
10069,2013/11/03,12467,190.99,15.76,206.75
10070,2013/11/12,10492,305.51,25.20,330.71
10071,2013/11/06,6320,138.26,11.41,149.67
10072,2013/11/19,6427,279.30,23.04,302.34
10073,2013/11/29,8246,148.82,12.28,161.10
10074,2013/11/03,15579,219.42,18.10,237.52
10075,2013/11/26,12038,179.79,14.83,194.62
10076,2013/11/19,4135,7.05,0.58,7.63
10077,2013/11/09,1324,55.28,4.56,59.84
10078,2013/11/14,17941,34.18,2.82,37.00
10079,2013/11/19,1093,243.80,20.11,263.91
10080,2013/11/11,10592,125.62,10.36,135.98
10081,2013/11/26,7871,397.63,32.80,430.43
10082,2013/11/26,8693,162.78,13.43,176.21
10083,2013/11/04,5608,391.44,32.29,423.73
10084,2013/11/05,4440,119.80,9.88,129.68
10085,2013/11/20,13243,270.67,22.33,293.00
10086,2013/11/17,306,62.09,5.12,67.21
10087,2013/11/01,18236,36.16,2.98,39.14
10088,2013/11/19,9173,372.90,30.76,403.66
10089,2013/11/05,4791,140.12,11.56,151.68
10090,2013/11/14,12952,218.62,18.04,236.66
10091,2013/11/27,5071,283.71,23.41,307.12
10092,2013/11/24,12721,295.76,24.40,320.16
10093,2013/11/16,15216,103.01,8.50,111.51
10094,2013/11/14,6828,145.63,12.01,157.64
10095,2013/11/11,2296,176.28,14.54,190.82
10096,2013/11/27,6060,289.91,23.92,313.83
10097,2013/11/10,13053,125.87,10.38,136.25
10098,2013/11/28,10361,184.32,15.21,199.53
10099,2013/11/19,9176,321.96,26.56,348.52
10100,2013/11/22,14231,294.77,24.32,319.09
10101,2013/11/21,2657,233.53,19.27,252.80
10102,2013/11/24,14176,117.19,9.67,126.86
10103,2013/11/11,36,367.82,30.35,398.17
10104,2013/11/25,6278,379.12,31.28,410.40
10105,2013/11/11,16790,321.68,26.54,348.22
10106,2013/11/25,15094,364.76,30.09,394.85
10107,2013/11/09,6205,249.90,20.62,270.52
10108,2013/11/16,722,128.96,10.64,139.60
10109,2013/11/05,6352,83.10,6.86,89.96
10110,2013/11/01,14768,218.53,18.03,236.56
10111,2013/11/15,14673,212.13,17.50,229.63
10112,2013/11/07,3935,223.86,18.47,242.33
10113,2013/11/04,3187,305.16,25.18,330.34
10114,2013/11/29,7556,350.24,28.89,379.13
10115,2013/11/05,9218,332.04,27.39,359.43
10116,2013/11/27,9523,28.72,2.37,31.09
10117,2013/11/03,9533,135.71,11.20,146.91
10118,2013/11/12,713,180.27,14.87,195.14
10119,2013/11/18,3732,341.27,28.15,369.42
10120,2013/11/23,1550,368.15,30.37,398.52
10121,2013/11/25,10058,70.98,5.86,76.84
10122,2013/11/14,4655,239.34,19.75,259.09
10123,2013/11/16,14282,240.26,19.82,260.08
10124,2013/11/22,12590,327.43,27.01,354.44
10125,2013/11/09,18735,158.65,13.09,171.74
10126,2013/11/28,10157,211.82,17.48,229.30
10127,2013/11/09,10625,337.06,27.81,364.87
10128,2013/11/16,6055,114.10,9.41,123.51
10129,2013/11/21,13015,1.14,0.09,1.23
10130,2013/11/21,5385,151.38,12.49,163.87
10131,2013/11/18,13904,383.66,31.65,415.31
10132,2013/11/01,12788,247.42,20.41,267.83
10133,2013/11/26,6156,75.19,6.20,81.39
10134,2013/11/29,15332,77.69,6.41,84.10
10135,2013/11/18,18680,250.80,20.69,271.49
10136,2013/11/11,12653,379.46,31.31,410.77
10137,2013/11/12,11080,396.18,32.68,428.86
10138,2013/11/07,15864,223.64,18.45,242.09
10139,2013/11/18,14629,121.05,9.99,131.04
10140,2013/11/21,2647,339.47,28.01,367.48
10141,2013/11/03,13217,127.21,10.49,137.70
10142,2013/11/28,4952,296.10,24.43,320.53
10143,2013/11/08,4891,28.16,2.32,30.48
10144,2013/11/18,12739,141.87,11.70,153.57
10145,2013/11/13,11934,141.38,11.66,153.04
10146,2013/11/21,15637,94.75,7.82,102.57
10147,2013/11/12,18391,86.67,7.15,93.82
10148,2013/11/07,17569,288.83,23.83,312.66
10149,2013/11/28,1383,55.67,4.59,60.26
10150,2013/11/29,19583,89.14,7.35,96.49
10151,2013/11/05,16614,183.12,15.11,198.23
10152,2013/11/24,3149,39.59,3.27,42.86
10153,2013/11/03,10238,306.10,25.25,331.35
10154,2013/11/25,4550,197.34,16.28,213.62
10155,2013/11/10,7255,92.58,7.64,100.22
10156,2013/11/01,14101,174.00,14.36,188.35
10157,2013/11/11,11843,209.30,17.27,226.57
10158,2013/11/13,1623,299.29,24.69,323.98
10159,2013/11/23,1616,267.88,22.10,289.98
10160,2013/11/14,5445,217.06,17.91,234.97
10161,2013/11/01,14263,300.83,24.82,325.65
10162,2013/11/14,16363,68.60,5.66,74.26
10163,2013/11/24,17450,294.47,24.29,318.76
10164,2013/11/08,13573,322.07,26.57,348.64
10165,2013/11/01,19897,19.35,1.60,20.95
10166,2013/11/06,981,355.08,29.29,384.37
10167,2013/11/07,2814,293.38,24.20,317.58
10168,2013/11/26,6352,180.26,14.87,195.13
10169,2013/11/05,6298,100.03,8.25,108.28
10170,2013/11/19,10486,117.72,9.71,127.43
10171,2013/11/07,13496,258.67,21.34,280.01
10172,2013/11/17,13639,352.77,29.10,381.87
10173,2013/11/11,16741,16.24,1.34,17.58
10174,2013/11/14,18907,28.03,2.31,30.34
10175,2013/11/08,5575,356.51,29.41,385.92
10176,2013/11/21,10551,392.65,32.39,425.04
10177,2013/11/01,6415,116.08,9.58,125.66
10178,2013/11/10,18493,189.77,15.66,205.43
10179,2013/11/24,82,256.73,21.18,277.91
10180,2013/11/12,3546,81.46,6.72,88.18
10181,2013/11/23,4831,152.81,12.61,165.42
10182,2013/11/12,16585,128.53,10.60,139.13
10183,2013/11/24,8747,103.71,8.56,112.27
10184,2013/11/23,3525,288.72,23.82,312.54
10185,2013/11/27,16126,113.25,9.34,122.59
10186,2013/11/24,6365,152.90,12.61,165.51
10187,2013/11/07,18406,233.69,19.28,252.97
10188,2013/11/22,15673,365.90,30.19,396.09
10189,2013/11/06,18980,314.18,25.92,340.10
10190,2013/11/20,18126,59.77,4.93,64.70
10191,2013/11/06,5804,350.79,28.94,379.73
10192,2013/11/07,13007,167.64,13.83,181.47
10193,2013/11/28,13717,243.53,20.09,263.62
10194,2013/11/25,12201,336.74,27.78,364.52
10195,2013/11/20,16772,243.42,20.08,263.50
10196,2013/11/17,18511,279.49,23.06,302.55
10197,2013/11/07,8159,11.86,0.98,12.84
10198,2013/11/27,18826,29.75,2.45,32.20
10199,2013/11/01,4446,390.51,32.22,422.73
10200,2013/11/21,9452,340.18,28.06,368.24
10201,2013/11/03,3364,368.84,30.43,399.27
10202,2013/11/22,1458,178.05,14.69,192.74
10203,2013/11/15,7160,185.80,15.33,201.13
10204,2013/11/19,6198,135.49,11.18,146.67
10205,2013/11/14,6247,327.79,27.04,354.83
10206,2013/11/22,16210,393.04,32.43,425.47
10207,2013/11/23,14769,52.67,4.35,57.02
10208,2013/11/04,5839,379.66,31.32,410.98
10209,2013/11/25,11030,170.66,14.08,184.74
10210,2013/11/10,3724,303.97,25.08,329.05
10211,2013/11/15,3811,201.26,16.60,217.86
10212,2013/11/28,5057,141.62,11.68,153.30
10213,2013/11/27,7889,332.74,27.45,360.19
10214,2013/11/07,3055,277.82,22.92,300.74
10215,2013/11/16,19119,35.73,2.95,38.68
10216,2013/11/15,17916,257.95,21.28,279.23
10217,2013/11/28,176,6.90,0.57,7.47
10218,2013/11/16,316,50.95,4.20,55.15
10219,2013/11/21,19201,44.66,3.68,48.34
10220,2013/11/11,5968,40.48,3.34,43.82
10221,2013/11/13,2704,275.61,22.74,298.35
10222,2013/11/03,2598,270.19,22.29,292.48
10223,2013/11/03,3556,108.90,8.98,117.88
10224,2013/11/01,9684,203.85,16.82,220.67
10225,2013/11/18,5567,325.28,26.84,352.12
10226,2013/11/14,18083,71.13,5.87,77.00
10227,2013/11/05,6691,144.43,11.92,156.35
10228,2013/11/10,13218,282.61,23.32,305.93
10229,2013/11/20,5500,42.78,3.53,46.31
10230,2013/11/08,893,391.65,32.31,423.96
10231,2013/11/05,4681,170.16,14.04,184.20
10232,2013/11/06,10764,117.26,9.67,126.93
10233,2013/11/26,539,323.58,26.70,350.28
10234,2013/11/25,7380,60.61,5.00,65.61
10235,2013/11/24,15538,113.03,9.32,122.35
10236,2013/11/20,9343,206.05,17.00,223.05
10237,2013/11/30,4961,49.33,4.07,53.40
10238,2013/11/20,1962,389.61,32.14,421.75
10239,2013/11/14,8792,173.64,14.33,187.97
10240,2013/11/14,15215,115.26,9.51,124.77
10241,2013/11/17,18867,169.90,14.02,183.92
10242,2013/11/28,6437,357.65,29.51,387.16
10243,2013/11/04,14877,211.45,17.44,228.89
10244,2013/11/07,12373,372.45,30.73,403.18
10245,2013/11/04,9446,356.21,29.39,385.60
10246,2013/11/10,1683,361.70,29.84,391.54
10247,2013/11/11,15474,56.29,4.64,60.93
10248,2013/11/24,7664,395.43,32.62,428.05
10249,2013/11/24,10450,248.04,20.46,268.50
10250,2013/11/03,14463,209.17,17.26,226.43
10251,2013/11/09,13250,292.31,24.12,316.43
10252,2013/11/26,12210,236.98,19.55,256.53
10253,2013/11/08,4852,258.80,21.35,280.15
10254,2013/11/24,8665,266.49,21.99,288.48
10255,2013/11/20,16953,235.16,19.40,254.56
10256,2013/11/10,3241,92.23,7.61,99.84
10257,2013/11/27,9052,383.69,31.65,415.34
10258,2013/11/25,3840,321.99,26.56,348.55
10259,2013/11/04,17977,63.25,5.22,68.47
10260,2013/11/12,15848,134.32,11.08,145.40
10261,2013/11/28,2158,276.34,22.80,299.14
10262,2013/11/21,10835,194.68,16.06,210.74
10263,2013/11/26,8251,157.07,12.96,170.03
10264,2013/11/19,16134,265.75,21.92,287.67
10265,2013/11/02,7512,292.27,24.11,316.38
10266,2013/11/04,5701,140.56,11.60,152.16
10267,2013/11/15,15701,270.22,22.29,292.51
10268,2013/11/13,15242,246.12,20.30,266.42
10269,2013/11/30,17889,254.60,21.00,275.60
10270,2013/11/15,12655,235.60,19.44,255.04
10271,2013/11/11,17054,102.29,8.44,110.73
10272,2013/11/12,4435,201.95,16.66,218.61
10273,2013/11/13,1681,63.33,5.22,68.55
10274,2013/11/24,15766,233.85,19.29,253.14
10275,2013/11/29,10421,285.70,23.57,309.27
10276,2013/11/27,8965,388.13,32.02,420.15
10277,2013/11/16,309,278.98,23.02,302.00
10278,2013/11/10,6288,334.64,27.61,362.25
10279,2013/11/05,6552,307.52,25.37,332.89
10280,2013/11/01,18056,332.57,27.44,360.01
10281,2013/11/26,21,24.32,2.01,26.33
10282,2013/11/12,10343,371.97,30.69,402.66
10283,2013/11/18,2999,172.74,14.25,186.99
10284,2013/11/27,14117,311.34,25.69,337.03
10285,2013/11/11,11366,155.57,12.83,168.40
10286,2013/11/26,16761,344.08,28.39,372.47
10287,2013/11/05,18449,193.19,15.94,209.13
10288,2013/11/18,1781,199.67,16.47,216.14
10289,2013/11/23,17679,343.17,28.31,371.48
10290,2013/11/13,5734,79.21,6.53,85.74
10291,2013/11/18,9135,125.73,10.37,136.10
10292,2013/11/09,15757,272.44,22.48,294.92
10293,2013/11/04,4426,377.86,31.17,409.03
10294,2013/11/25,3799,78.37,6.47,84.84
10295,2013/11/08,4856,89.56,7.39,96.95
10296,2013/11/11,196,252.63,20.84,273.47
10297,2013/11/30,537,364.85,30.10,394.95
10298,2013/11/17,6553,330.54,27.27,357.81
10299,2013/11/14,19977,103.21,8.51,111.72
10300,2013/11/24,8041,188.59,15.56,204.15
10301,2013/11/04,11493,72.58,5.99,78.57
10302,2013/11/12,17928,312.05,25.74,337.79
10303,2013/11/17,9924,36.66,3.02,39.68
10304,2013/11/28,19386,197.86,16.32,214.18
10305,2013/11/27,10657,160.09,13.21,173.30
10306,2013/11/30,7706,378.21,31.20,409.41
10307,2013/11/03,19167,308.38,25.44,333.82
10308,2013/11/19,9077,70.69,5.83,76.52
10309,2013/11/03,14369,198.89,16.41,215.30
10310,2013/11/06,7275,246.59,20.34,266.93
10311,2013/11/15,18430,250.47,20.66,271.13
10312,2013/11/01,1112,338.75,27.95,366.70
10313,2013/11/23,8872,81.71,6.74,88.45
10314,2013/11/11,15985,289.38,23.87,313.25
10315,2013/11/06,10755,97.89,8.08,105.97
10316,2013/11/28,13950,164.34,13.56,177.90
10317,2013/11/20,6286,346.22,28.56,374.78
10318,2013/11/28,12010,135.74,11.20,146.94
10319,2013/11/30,2531,89.75,7.40,97.15
10320,2013/11/23,2777,187.86,15.50,203.36
10321,2013/11/28,1990,398.37,32.87,431.24
10322,2013/11/24,14950,328.98,27.14,356.12
10323,2013/11/05,10062,81.25,6.70,87.95
10324,2013/11/20,6832,70.29,5.80,76.09
10325,2013/11/29,5510,86.88,7.17,94.05
10326,2013/11/07,19194,35.82,2.96,38.78
10327,2013/11/22,15122,181.93,15.01,196.94
10328,2013/11/10,2654,305.25,25.18,330.43
10329,2013/11/22,8706,231.84,19.13,250.97
10330,2013/11/30,14145,195.70,16.15,211.85
10331,2013/11/28,5930,25.45,2.10,27.55
10332,2013/11/21,3331,183.74,15.16,198.90
10333,2013/11/18,19154,36.80,3.04,39.84
10334,2013/11/21,18300,87.25,7.20,94.45
10335,2013/11/07,3581,138.40,11.42,149.82
10336,2013/11/04,11131,111.57,9.20,120.77
10337,2013/11/05,2332,389.79,32.16,421.95
10338,2013/11/17,19501,282.35,23.29,305.64
10339,2013/11/18,9164,128.17,10.57,138.74
10340,2013/11/25,11918,51.99,4.29,56.28
10341,2013/11/30,17171,307.51,25.37,332.88
10342,2013/11/06,985,38.48,3.17,41.65
10343,2013/11/20,4201,349.81,28.86,378.67
10344,2013/11/06,6091,105.86,8.73,114.59
10345,2013/11/19,8250,122.60,10.11,132.71
10346,2013/11/18,9688,171.78,14.17,185.95
10347,2013/11/25,3125,156.13,12.88,169.01
10348,2013/11/03,595,122.54,10.11,132.65
10349,2013/11/07,5218,225.36,18.59,243.95
10350,2013/11/11,14958,332.98,27.47,360.45
10351,2013/11/14,17534,52.55,4.34,56.89
10352,2013/11/03,17961,281.31,23.21,304.52
10353,2013/11/09,15264,244.97,20.21,265.18
10354,2013/11/12,11578,372.54,30.73,403.27
10355,2013/11/25,11001,297.68,24.56,322.24
10356,2013/11/22,4605,309.39,25.52,334.91
10357,2013/11/22,12107,21.27,1.75,23.02
10358,2013/11/24,7676,379.73,31.33,411.06
10359,2013/11/04,6374,203.81,16.81,220.62
10360,2013/11/27,2626,235.68,19.44,255.12
10361,2013/11/30,12365,391.94,32.34,424.28
10362,2013/11/18,15483,321.81,26.55,348.36
10363,2013/11/11,18118,361.73,29.84,391.57
10364,2013/11/26,3178,266.52,21.99,288.51
10365,2013/11/10,3300,392.94,32.42,425.36
10366,2013/11/26,4314,251.53,20.75,272.28
10367,2013/11/10,530,179.91,14.84,194.75
10368,2013/11/29,5787,243.39,20.08,263.47
10369,2013/11/13,3009,50.99,4.21,55.20
10370,2013/11/09,15654,173.79,14.34,188.13
10371,2013/11/12,4465,311.27,25.68,336.95
10372,2013/11/30,14193,66.04,5.45,71.49
10373,2013/11/21,8797,358.48,29.57,388.05
10374,2013/11/07,1673,198.77,16.40,215.17
10375,2013/11/11,17625,116.40,9.60,126.00
10376,2013/11/01,12753,244.89,20.20,265.09
10377,2013/11/06,16862,1.22,0.10,1.32
10378,2013/11/20,10656,284.56,23.48,308.04
10379,2013/11/22,8757,128.26,10.58,138.84
10380,2013/11/02,9772,298.48,24.62,323.10
10381,2013/11/08,13136,140.04,11.55,151.59
10382,2013/11/23,14995,54.06,4.46,58.52
10383,2013/11/04,12997,334.72,27.61,362.33
10384,2013/11/27,13013,324.76,26.79,351.55
10385,2013/11/26,12899,180.22,14.87,195.09
10386,2013/11/30,15034,253.73,20.93,274.66
10387,2013/11/28,806,198.80,16.40,215.20
10388,2013/11/01,9593,29.88,2.47,32.35
10389,2013/11/12,19200,339.33,27.99,367.32
10390,2013/11/05,13588,397.68,32.81,430.49
10391,2013/11/01,9837,224.33,18.51,242.84
10392,2013/11/08,19193,55.94,4.62,60.56
10393,2013/11/19,227,77.87,6.42,84.29
10394,2013/11/14,12471,163.01,13.45,176.46
10395,2013/11/13,8879,373.07,30.78,403.85
10396,2013/11/09,15824,294.14,24.27,318.41
10397,2013/11/28,14126,371.79,30.67,402.46
10398,2013/11/21,18065,347.46,28.67,376.13
10399,2013/11/02,15899,41.36,3.41,44.77
10400,2013/11/03,6275,397.33,32.78,430.11
10401,2013/11/30,5517,23.84,1.97,25.81
10402,2013/11/05,12759,29.40,2.43,31.83
10403,2013/11/22,13545,64.04,5.28,69.32
10404,2013/11/27,16568,123.32,10.17,133.49
10405,2013/11/18,19185,193.07,15.93,209.00
10406,2013/11/29,11257,200.26,16.52,216.78
10407,2013/11/20,12886,175.19,14.45,189.64
10408,2013/11/05,17819,143.56,11.84,155.40
10409,2013/11/07,3678,204.56,16.88,221.44
10410,2013/11/30,8729,54.80,4.52,59.32
10411,2013/11/08,8594,156.35,12.90,169.25
10412,2013/11/28,19222,216.37,17.85,234.22
10413,2013/11/02,3826,374.96,30.93,405.89
10414,2013/11/27,12830,53.50,4.41,57.91
10415,2013/11/25,8678,37.38,3.08,40.46
10416,2013/11/11,1938,159.51,13.16,172.67
10417,2013/11/18,4814,373.79,30.84,404.63
10418,2013/11/05,888,127.39,10.51,137.90
10419,2013/11/30,1164,141.43,11.67,153.10
10420,2013/11/25,1901,343.49,28.34,371.83
10421,2013/11/25,2548,344.75,28.44,373.19
10422,2013/11/05,9926,199.90,16.49,216.39
10423,2013/11/18,19495,272.20,22.46,294.66
10424,2013/11/23,8281,21.33,1.76,23.09
10425,2013/11/22,4245,312.72,25.80,338.52
10426,2013/11/28,7158,357.55,29.50,387.05
10427,2013/11/16,2166,79.91,6.59,86.50
10428,2013/11/10,11395,15.17,1.25,16.42
10429,2013/11/03,9908,53.54,4.42,57.96
10430,2013/11/14,18238,108.14,8.92,117.06
10431,2013/11/18,12135,251.88,20.78,272.66
10432,2013/11/29,7596,87.93,7.25,95.18
10433,2013/11/23,12324,3.55,0.29,3.84
10434,2013/11/26,7979,311.99,25.74,337.73
10435,2013/11/16,6689,262.80,21.68,284.48
10436,2013/11/23,14800,97.84,8.07,105.91
10437,2013/11/23,541,140.16,11.56,151.72
10438,2013/11/20,11331,204.94,16.91,221.85
10439,2013/11/05,5848,180.51,14.89,195.40
10440,2013/11/03,12480,307.83,25.40,333.23
10441,2013/11/26,5682,29.37,2.42,31.79
10442,2013/11/28,19622,367.66,30.33,397.99
10443,2013/11/14,10996,145.78,12.03,157.81
10444,2013/11/05,3191,266.95,22.02,288.97
10445,2013/11/01,8957,371.02,30.61,401.63
10446,2013/11/11,3782,25.22,2.08,27.30
10447,2013/11/26,16509,332.83,27.46,360.29
10448,2013/11/02,18049,109.23,9.01,118.24
10449,2013/11/13,13694,120.77,9.96,130.73
10450,2013/11/01,15027,58.17,4.80,62.97
10451,2013/11/24,5302,359.37,29.65,389.02
10452,2013/11/01,10249,228.71,18.87,247.58
10453,2013/11/03,18350,54.26,4.48,58.74
10454,2013/11/05,4574,229.99,18.97,248.96
10455,2013/11/03,6910,309.92,25.57,335.49
10456,2013/11/01,11912,366.02,30.20,396.22
10457,2013/11/12,14461,120.75,9.96,130.71
10458,2013/11/10,19047,297.53,24.55,322.08
10459,2013/11/25,5703,377.97,31.18,409.15
10460,2013/11/16,959,94.98,7.84,102.82
10461,2013/11/08,7951,328.55,27.11,355.66
10462,2013/11/16,5031,276.76,22.83,299.59
10463,2013/11/25,5994,364.23,30.05,394.28
10464,2013/11/04,10015,282.87,23.34,306.21
10465,2013/11/28,18526,20.09,1.66,21.75
10466,2013/11/20,17460,369.76,30.51,400.27
10467,2013/11/25,13615,257.95,21.28,279.23
10468,2013/11/19,9724,240.71,19.86,260.57
10469,2013/11/20,9602,53.76,4.44,58.20
10470,2013/11/07,10262,84.20,6.95,91.15
10471,2013/11/27,8351,335.14,27.65,362.79
10472,2013/11/15,16606,309.63,25.54,335.17
10473,2013/11/09,8147,322.10,26.57,348.67
10474,2013/11/19,13691,312.98,25.82,338.80
10475,2013/11/23,8031,204.10,16.84,220.94
10476,2013/11/14,478,44.58,3.68,48.26
10477,2013/11/22,11919,72.95,6.02,78.97
10478,2013/11/29,5791,9.49,0.78,10.27
10479,2013/11/23,7244,225.88,18.64,244.52
10480,2013/11/19,2893,135.67,11.19,146.86
10481,2013/11/17,8657,27.46,2.27,29.73
10482,2013/11/16,13729,377.71,31.16,408.87
10483,2013/11/22,4964,156.90,12.94,169.84
10484,2013/11/21,11784,112.37,9.27,121.64
10485,2013/11/08,9898,269.90,22.27,292.17
10486,2013/11/17,19858,166.53,13.74,180.27
10487,2013/11/18,11082,357.66,29.51,387.17
10488,2013/11/25,966,261.45,21.57,283.02
10489,2013/11/24,2977,55.08,4.54,59.62
10490,2013/11/20,8844,4.04,0.33,4.37
10491,2013/11/02,16588,306.01,25.25,331.26
10492,2013/11/07,5588,186.70,15.40,202.10
10493,2013/11/02,1376,99.36,8.20,107.56
10494,2013/11/29,7651,32.07,2.65,34.72
10495,2013/11/22,8014,328.20,27.08,355.28
10496,2013/11/06,16641,307.59,25.38,332.97
10497,2013/11/08,12789,86.47,7.13,93.60
10498,2013/11/23,3231,70.97,5.86,76.83
10499,2013/11/01,6113,43.34,3.58,46.92
10500,2013/11/05,12366,28.62,2.36,30.98
10501,2013/11/09,5520,396.25,32.69,428.94
10502,2013/11/24,2982,139.92,11.54,151.46
10503,2013/11/27,8661,197.96,16.33,214.29
10504,2013/11/21,612,374.49,30.90,405.39
10505,2013/11/07,13076,144.59,11.93,156.52
10506,2013/11/08,7470,198.92,16.41,215.33
10507,2013/11/20,6052,21.34,1.76,23.10
10508,2013/11/14,14739,49.24,4.06,53.30
10509,2013/11/14,17115,57.31,4.73,62.04
10510,2013/11/22,1037,63.20,5.21,68.41
10511,2013/11/28,9359,165.41,13.65,179.06
10512,2013/11/17,19659,148.88,12.28,161.16
10513,2013/11/05,3757,338.11,27.89,366.00
10514,2013/11/02,8453,300.28,24.77,325.05
10515,2013/11/29,15613,113.70,9.38,123.08
10516,2013/11/04,4016,109.02,8.99,118.01
10517,2013/11/30,12724,65.44,5.40,70.84
10518,2013/11/26,7260,320.20,26.42,346.62
10519,2013/11/28,15602,375.03,30.94,405.97
10520,2013/11/02,2356,67.69,5.58,73.27
10521,2013/11/20,2595,119.76,9.88,129.64
10522,2013/11/21,5295,269.67,22.25,291.92
10523,2013/11/24,7891,85.73,7.07,92.80
10524,2013/11/27,8512,214.67,17.71,232.38
10525,2013/11/25,10944,18.09,1.49,19.58
10526,2013/11/21,16518,259.87,21.44,281.31
10527,2013/11/23,10498,175.40,14.47,189.87
10528,2013/11/01,8380,267.10,22.04,289.14
10529,2013/11/26,19177,107.25,8.85,116.10
10530,2013/11/30,10952,1.14,0.09,1.23
10531,2013/11/27,3117,27.79,2.29,30.08
10532,2013/11/24,18706,224.16,18.49,242.65
10533,2013/11/14,18833,355.86,29.36,385.22
10534,2013/11/25,14132,207.59,17.13,224.72
10535,2013/11/30,5379,137.20,11.32,148.52
10536,2013/11/17,11313,106.23,8.76,114.99
10537,2013/11/22,8187,223.02,18.40,241.42
10538,2013/11/02,1484,254.71,21.01,275.72
10539,2013/11/17,3173,95.26,7.86,103.12
10540,2013/11/12,3461,183.32,15.12,198.44
10541,2013/11/05,1411,126.86,10.47,137.33
10542,2013/11/09,12691,250.20,20.64,270.84
10543,2013/11/25,1515,122.11,10.07,132.18
10544,2013/11/10,6225,391.69,32.31,424.00
10545,2013/11/19,17501,3.71,0.31,4.02
10546,2013/11/12,1280,172.15,14.20,186.35
10547,2013/11/14,16718,252.28,20.81,273.09
10548,2013/11/29,19348,277.81,22.92,300.73
10549,2013/11/16,12492,13.41,1.11,14.52
10550,2013/11/09,12597,147.30,12.15,159.45
10551,2013/11/16,18103,23.74,1.96,25.70
10552,2013/11/09,13293,87.79,7.24,95.03
10553,2013/11/21,17188,379.11,31.28,410.39
10554,2013/11/05,4991,397.59,32.80,430.39
10555,2013/11/06,19337,343.62,28.35,371.97
10556,2013/11/27,10827,91.72,7.57,99.29
10557,2013/11/23,4676,25.90,2.14,28.04
10558,2013/11/05,9860,184.09,15.19,199.28
10559,2013/11/23,2714,200.15,16.51,216.66
10560,2013/11/04,18797,380.24,31.37,411.61
10561,2013/11/04,1049,373.54,30.82,404.36
10562,2013/11/05,10947,172.64,14.24,186.88
10563,2013/11/19,2613,335.26,27.66,362.92
10564,2013/11/13,10486,352.20,29.06,381.26
10565,2013/11/26,11613,65.83,5.43,71.26
10566,2013/11/13,6010,281.85,23.25,305.10
10567,2013/11/10,10448,214.94,17.73,232.67
10568,2013/11/04,12086,294.38,24.29,318.67
10569,2013/11/02,18737,33.60,2.77,36.37
10570,2013/11/28,16009,103.34,8.53,111.87
10571,2013/11/08,10274,190.17,15.69,205.86
10572,2013/11/06,11960,288.98,23.84,312.82
10573,2013/11/23,10690,279.30,23.04,302.34
10574,2013/11/15,7683,121.73,10.04,131.77
10575,2013/11/07,1383,364.32,30.06,394.38
10576,2013/11/22,14875,224.47,18.52,242.99
10577,2013/11/02,7313,29.22,2.41,31.63
10578,2013/11/08,348,271.33,22.38,293.71
10579,2013/11/17,13836,128.36,10.59,138.95
10580,2013/11/09,9305,70.66,5.83,76.49
10581,2013/11/05,3173,24.13,1.99,26.12
10582,2013/11/04,15323,203.64,16.80,220.44
10583,2013/11/01,14904,396.40,32.70,429.10
10584,2013/11/29,12596,41.42,3.42,44.84
10585,2013/11/02,14266,38.19,3.15,41.34
10586,2013/11/19,126,224.48,18.52,243.00
10587,2013/11/01,17727,346.99,28.63,375.62
10588,2013/11/23,7820,99.06,8.17,107.23
10589,2013/11/11,18745,305.59,25.21,330.80
10590,2013/11/28,18779,374.19,30.87,405.06
10591,2013/11/25,17598,321.65,26.54,348.19
10592,2013/11/18,19031,355.50,29.33,384.83
10593,2013/11/21,8490,89.14,7.35,96.49
10594,2013/11/12,9641,227.08,18.73,245.81
10595,2013/11/29,11792,29.95,2.47,32.42
10596,2013/11/14,8323,16.61,1.37,17.98
10597,2013/11/23,937,349.10,28.80,377.90
10598,2013/11/13,2224,33.64,2.78,36.42
10599,2013/11/09,3021,179.83,14.84,194.67
10600,2013/11/13,6563,10.69,0.88,11.57
10601,2013/11/07,1248,70.38,5.81,76.19
10602,2013/11/22,16634,110.27,9.10,119.37
10603,2013/11/11,8038,297.64,24.56,322.20
10604,2013/11/08,7493,352.58,29.09,381.67
10605,2013/11/30,17857,254.02,20.96,274.98
10606,2013/11/06,16490,154.36,12.73,167.09
10607,2013/11/24,6884,121.12,9.99,131.11
10608,2013/11/08,13987,382.08,31.52,413.60
10609,2013/11/15,8775,391.08,32.26,423.34
10610,2013/11/08,673,280.34,23.13,303.47
10611,2013/11/05,10853,68.37,5.64,74.01
10612,2013/11/27,14661,303.65,25.05,328.70
10613,2013/11/07,17551,91.81,7.57,99.38
10614,2013/11/13,10182,390.37,32.21,422.58
10615,2013/11/09,1111,335.85,27.71,363.56
10616,2013/11/10,9450,210.27,17.35,227.62
10617,2013/11/03,2521,347.27,28.65,375.92
10618,2013/11/20,2506,100.36,8.28,108.64
10619,2013/11/05,2047,55.10,4.55,59.65
10620,2013/11/10,13358,107.50,8.87,116.37
10621,2013/11/11,11079,130.17,10.74,140.91
10622,2013/11/12,17939,201.84,16.65,218.49
10623,2013/11/26,4721,353.92,29.20,383.12
10624,2013/11/01,15103,0.50,0.04,0.54
10625,2013/11/18,16782,293.28,24.20,317.48
10626,2013/11/18,3700,178.08,14.69,192.77
10627,2013/11/27,324,150.51,12.42,162.93
10628,2013/11/02,11768,228.11,18.82,246.93
10629,2013/11/12,6285,77.30,6.38,83.68
10630,2013/11/13,1462,187.49,15.47,202.96
10631,2013/11/08,14269,82.21,6.78,88.99
10632,2013/11/13,11886,197.89,16.33,214.22
10633,2013/11/14,8709,115.08,9.49,124.57
10634,2013/11/18,16514,138.03,11.39,149.42
10635,2013/11/17,1149,108.60,8.96,117.56
10636,2013/11/18,2647,36.76,3.03,39.79
10637,2013/11/15,16109,18.62,1.54,20.16
10638,2013/11/18,1259,174.23,14.37,188.60
10639,2013/11/28,9658,147.00,12.13,159.13
10640,2013/11/26,8054,94.20,7.77,101.97
10641,2013/11/20,17933,335.56,27.68,363.24
10642,2013/11/17,2729,255.06,21.04,276.10
10643,2013/11/08,9585,36.25,2.99,39.24
10644,2013/11/08,4339,150.36,12.40,162.76
10645,2013/11/17,4145,215.26,17.76,233.02
10646,2013/11/08,14546,287.19,23.69,310.88
10647,2013/11/19,11455,304.62,25.13,329.75
10648,2013/11/28,8144,25.16,2.08,27.24
10649,2013/11/21,17282,158.05,13.04,171.09
10650,2013/11/05,690,237.81,19.62,257.43
10651,2013/11/06,3516,349.58,28.84,378.42
10652,2013/11/06,15535,189.23,15.61,204.84
10653,2013/11/29,14816,256.58,21.17,277.75
10654,2013/11/08,5051,355.13,29.30,384.43
10655,2013/11/30,7973,68.89,5.68,74.57
10656,2013/11/23,17977,79.76,6.58,86.34
10657,2013/11/10,8798,277.15,22.86,300.01
10658,2013/11/24,712,235.23,19.41,254.64
10659,2013/11/20,16950,162.07,13.37,175.44
10660,2013/11/16,11951,187.86,15.50,203.36
10661,2013/11/05,7372,310.27,25.60,335.87
10662,2013/11/11,8167,213.57,17.62,231.19
10663,2013/11/18,10309,312.94,25.82,338.76
10664,2013/11/29,13956,1.73,0.14,1.87
10665,2013/11/16,9101,311.52,25.70,337.22
10666,2013/11/03,10215,300.54,24.79,325.33
10667,2013/11/20,12653,198.86,16.41,215.27
10668,2013/11/09,12384,7.59,0.63,8.22
10669,2013/11/10,4169,295.14,24.35,319.49
10670,2013/11/25,2465,294.55,24.30,318.85
10671,2013/11/12,14875,2.75,0.23,2.98
10672,2013/11/26,1233,335.16,27.65,362.81
10673,2013/11/20,2128,60.98,5.03,66.01
10674,2013/11/26,17933,165.03,13.61,178.64
10675,2013/11/04,15050,313.91,25.90,339.81
10676,2013/11/28,16659,158.80,13.10,171.90
10677,2013/11/10,2,5.08,0.42,5.50
10678,2013/11/12,17701,3.15,0.26,3.41
10679,2013/11/12,9311,373.32,30.80,404.12
10680,2013/11/07,8334,322.43,26.60,349.03
10681,2013/11/25,6817,121.59,10.03,131.62
10682,2013/11/11,17228,280.40,23.13,303.53
10683,2013/11/26,18177,217.52,17.95,235.47
10684,2013/11/04,2754,298.05,24.59,322.64
10685,2013/11/05,753,65.64,5.42,71.06
10686,2013/11/14,17484,205.69,16.97,222.66
10687,2013/11/13,12548,105.36,8.69,114.05
10688,2013/11/15,12746,94.68,7.81,102.49
10689,2013/11/17,19294,31.27,2.58,33.85
10690,2013/11/24,12844,341.57,28.18,369.75
10691,2013/11/07,17664,89.86,7.41,97.27
10692,2013/11/01,16355,96.55,7.97,104.52
10693,2013/11/10,19674,360.60,29.75,390.35
10694,2013/11/12,13181,357.98,29.53,387.51
10695,2013/11/22,17024,159.96,13.20,173.16
10696,2013/11/05,1489,212.35,17.52,229.87
10697,2013/11/12,1577,250.79,20.69,271.48
10698,2013/11/02,3386,160.05,13.20,173.25
10699,2013/11/10,14193,188.43,15.55,203.98
10700,2013/11/23,12929,6.67,0.55,7.22
10701,2013/11/19,18931,112.98,9.32,122.30
10702,2013/11/09,5032,340.47,28.09,368.56
10703,2013/11/03,12688,154.87,12.78,167.65
10704,2013/11/26,701,163.17,13.46,176.63
10705,2013/11/16,13932,380.84,31.42,412.26
10706,2013/11/18,15978,362.48,29.90,392.38
10707,2013/11/16,13702,257.42,21.24,278.66
10708,2013/11/20,8305,261.47,21.57,283.04
10709,2013/11/18,5991,236.61,19.52,256.13
10710,2013/11/15,5027,101.08,8.34,109.42
10711,2013/11/17,3325,164.96,13.61,178.57
10712,2013/11/21,13601,393.51,32.46,425.97
10713,2013/11/05,19002,41.13,3.39,44.52
10714,2013/11/08,19954,210.91,17.40,228.31
10715,2013/11/05,12094,391.74,32.32,424.06
10716,2013/11/30,14422,85.24,7.03,92.27
10717,2013/11/22,6273,320.30,26.42,346.72
10718,2013/11/01,13762,115.38,9.52,124.90
10719,2013/11/26,2530,307.64,25.38,333.02
10720,2013/11/08,10939,161.11,13.29,174.40
10721,2013/11/15,2108,19.94,1.65,21.59
10722,2013/11/16,11455,396.72,32.73,429.45
10723,2013/11/29,6879,362.09,29.87,391.96
10724,2013/11/24,19040,30.57,2.52,33.09
10725,2013/11/26,15039,365.80,30.18,395.98
10726,2013/11/02,16132,86.06,7.10,93.16
10727,2013/11/18,2017,26.15,2.16,28.31
10728,2013/11/25,3055,104.40,8.61,113.01
10729,2013/11/04,4154,92.90,7.66,100.56
10730,2013/11/26,9802,254.97,21.04,276.01
10731,2013/11/15,1408,129.25,10.66,139.91
10732,2013/11/05,4457,75.72,6.25,81.97
10733,2013/11/09,6242,47.99,3.96,51.95
10734,2013/11/05,4962,358.65,29.59,388.24
10735,2013/11/04,5786,343.14,28.31,371.45
10736,2013/11/21,19547,270.54,22.32,292.86
10737,2013/11/29,8606,166.03,13.70,179.73
10738,2013/11/01,1167,164.38,13.56,177.94
10739,2013/11/17,7245,192.40,15.87,208.27
10740,2013/11/03,6526,256.40,21.15,277.55
10741,2013/11/11,19556,97.41,8.04,105.45
10742,2013/11/29,1898,355.32,29.31,384.63
10743,2013/11/02,2390,148.70,12.27,160.97
10744,2013/11/24,15097,22.93,1.89,24.82
10745,2013/11/24,10082,222.69,18.37,241.06
10746,2013/11/06,3349,291.95,24.09,316.04
10747,2013/11/28,9507,228.16,18.82,246.98
10748,2013/11/20,8539,399.20,32.93,432.13
10749,2013/11/24,285,305.71,25.22,330.93
10750,2013/11/07,16150,172.04,14.19,186.23
10751,2013/11/23,669,331.98,27.39,359.37
10752,2013/11/24,11606,180.79,14.92,195.71
10753,2013/11/07,7247,293.92,24.25,318.17
10754,2013/11/04,7375,66.25,5.47,71.72
10755,2013/11/12,15535,43.66,3.60,47.26
10756,2013/11/25,19331,400.00,33.00,433.00
10757,2013/11/11,1067,165.64,13.67,179.31
10758,2013/11/22,6128,169.16,13.96,183.12
10759,2013/11/18,19004,33.87,2.79,36.66
10760,2013/11/23,7508,251.17,20.72,271.89
10761,2013/11/17,8355,135.49,11.18,146.67
10762,2013/11/16,10802,257.36,21.23,278.59
10763,2013/11/08,5511,66.62,5.50,72.12
10764,2013/11/01,12256,370.48,30.56,401.04
10765,2013/11/12,410,220.56,18.20,238.76
10766,2013/11/17,14395,215.38,17.77,233.15
10767,2013/11/10,1308,296.85,24.49,321.34
10768,2013/11/02,2647,184.93,15.26,200.19
10769,2013/11/12,15829,19.68,1.62,21.30
10770,2013/11/22,8766,275.28,22.71,297.99
10771,2013/11/29,13374,331.86,27.38,359.24
10772,2013/11/05,10239,15.79,1.30,17.09
10773,2013/11/07,6813,283.87,23.42,307.29
10774,2013/11/08,11908,10.18,0.84,11.02
10775,2013/11/15,7397,202.97,16.75,219.72
10776,2013/11/21,19495,33.23,2.74,35.97
10777,2013/11/12,11585,43.22,3.57,46.79
10778,2013/11/14,583,284.63,23.48,308.11
10779,2013/11/16,11649,307.54,25.37,332.91
10780,2013/11/24,13335,123.88,10.22,134.10
10781,2013/11/23,801,64.36,5.31,69.67
10782,2013/11/15,14124,311.69,25.71,337.40
10783,2013/11/29,732,138.43,11.42,149.85
10784,2013/11/15,6287,324.16,26.74,350.90
10785,2013/11/24,19879,206.98,17.08,224.06
10786,2013/11/10,17198,98.57,8.13,106.70
10787,2013/11/18,8016,388.26,32.03,420.29
10788,2013/11/16,1192,77.40,6.39,83.79
10789,2013/11/10,12479,169.50,13.98,183.48
10790,2013/11/26,1510,271.54,22.40,293.94
10791,2013/11/18,19127,351.05,28.96,380.01
10792,2013/11/07,7444,5.23,0.43,5.66
10793,2013/11/08,10199,77.76,6.42,84.18
10794,2013/11/02,5932,257.61,21.25,278.86
10795,2013/11/14,9494,127.84,10.55,138.39
10796,2013/11/14,1096,280.03,23.10,303.13
10797,2013/11/18,14697,72.88,6.01,78.89
10798,2013/11/05,2656,394.53,32.55,427.08
10799,2013/11/29,7164,227.73,18.79,246.52
10800,2013/11/01,19919,0.57,0.05,0.62
10801,2013/11/09,6510,183.30,15.12,198.42
10802,2013/11/16,15351,262.69,21.67,284.36
10803,2013/11/20,17097,210.21,17.34,227.55
10804,2013/11/26,2814,337.76,27.87,365.63
10805,2013/11/02,2284,388.86,32.08,420.94
10806,2013/11/27,7656,11.78,0.97,12.75
10807,2013/11/16,9058,167.43,13.81,181.24
10808,2013/11/27,8322,279.93,23.09,303.02
10809,2013/11/16,1267,270.39,22.31,292.70
10810,2013/11/02,11185,186.87,15.42,202.29
10811,2013/11/02,18038,255.07,21.04,276.11
10812,2013/11/24,17716,24.35,2.01,26.36
10813,2013/11/04,4758,263.64,21.75,285.39
10814,2013/11/13,6492,127.76,10.54,138.30
10815,2013/11/24,741,308.40,25.44,333.84
10816,2013/11/05,16061,107.81,8.89,116.70
10817,2013/11/05,4194,112.44,9.28,121.72
10818,2013/11/24,17076,28.97,2.39,31.36
10819,2013/11/24,7239,177.12,14.61,191.73
10820,2013/11/27,11332,267.93,22.10,290.03
10821,2013/11/13,19613,123.73,10.21,133.94
10822,2013/11/24,2435,187.59,15.48,203.07
10823,2013/11/08,19932,83.13,6.86,89.99
10824,2013/11/01,11872,130.23,10.74,140.97
10825,2013/11/29,10592,1.06,0.09,1.15
10826,2013/11/20,7139,201.06,16.59,217.65
10827,2013/11/22,9258,206.19,17.01,223.20
10828,2013/11/13,15835,54.64,4.51,59.15
10829,2013/11/20,7789,138.09,11.39,149.48
10830,2013/11/20,19522,373.42,30.81,404.23
10831,2013/11/25,16419,172.96,14.27,187.23
10832,2013/11/22,7869,195.56,16.13,211.69
10833,2013/11/25,19384,346.76,28.61,375.37
10834,2013/11/05,3778,291.04,24.01,315.05
10835,2013/11/20,14889,25.11,2.07,27.18
10836,2013/11/03,19977,298.54,24.63,323.17
10837,2013/11/30,14035,64.72,5.34,70.06
10838,2013/11/13,6130,363.05,29.95,393.00
10839,2013/11/24,16615,324.07,26.74,350.81
10840,2013/11/13,13331,50.15,4.14,54.29
10841,2013/11/10,4322,173.09,14.28,187.37
10842,2013/11/24,443,258.63,21.34,279.97
10843,2013/11/22,15978,53.47,4.41,57.88
10844,2013/11/03,6065,188.69,15.57,204.26
10845,2013/11/26,453,320.13,26.41,346.54
10846,2013/11/07,14133,230.45,19.01,249.46
10847,2013/11/17,12347,120.82,9.97,130.79
10848,2013/11/23,9225,359.89,29.69,389.58
10849,2013/11/12,15848,387.38,31.96,419.34
10850,2013/11/27,1897,237.82,19.62,257.44
10851,2013/11/19,3990,85.27,7.03,92.30
10852,2013/11/06,16123,51.51,4.25,55.76
10853,2013/11/20,11994,3.79,0.31,4.10
10854,2013/11/11,808,386.53,31.89,418.42
10855,2013/11/13,4805,117.44,9.69,127.13
10856,2013/11/17,19420,45.86,3.78,49.64
10857,2013/11/07,2350,100.68,8.31,108.99
10858,2013/11/25,11145,106.49,8.79,115.28
10859,2013/11/03,10694,151.37,12.49,163.86
10860,2013/11/25,16095,157.90,13.03,170.93
10861,2013/11/24,6742,173.29,14.30,187.59
10862,2013/11/04,17373,228.64,18.86,247.50
10863,2013/11/27,10954,252.51,20.83,273.34
10864,2013/11/23,2221,353.88,29.20,383.08
10865,2013/11/03,2597,370.65,30.58,401.23
10866,2013/11/22,18435,121.05,9.99,131.04
10867,2013/11/05,861,295.20,24.35,319.55
10868,2013/11/20,11084,309.91,25.57,335.48
10869,2013/11/15,3826,36.55,3.02,39.57
10870,2013/11/26,7000,180.24,14.87,195.11
10871,2013/11/10,17820,160.41,13.23,173.64
10872,2013/11/06,12240,153.53,12.67,166.20
10873,2013/11/28,11804,173.38,14.30,187.68
10874,2013/11/04,4931,93.75,7.73,101.48
10875,2013/11/10,15305,67.24,5.55,72.79
10876,2013/11/10,10158,106.88,8.82,115.70
10877,2013/11/26,77,344.61,28.43,373.04
10878,2013/11/12,3018,145.89,12.04,157.93
10879,2013/11/11,15241,212.87,17.56,230.43
10880,2013/11/29,4753,354.01,29.21,383.22
10881,2013/11/24,4514,94.51,7.80,102.31
10882,2013/11/08,2683,267.19,22.04,289.23
10883,2013/11/11,16308,88.64,7.31,95.95
10884,2013/11/03,10156,33.37,2.75,36.12
10885,2013/11/16,14324,138.81,11.45,150.26
10886,2013/11/04,12060,32.96,2.72,35.68
10887,2013/11/15,19170,29.42,2.43,31.85
10888,2013/11/29,16856,235.61,19.44,255.05
10889,2013/11/14,2599,309.05,25.50,334.55
10890,2013/11/16,5038,32.56,2.69,35.25
10891,2013/11/16,12293,92.90,7.66,100.56
10892,2013/11/24,10228,238.06,19.64,257.70
10893,2013/11/07,860,0.44,0.04,0.48
10894,2013/11/28,14898,125.02,10.31,135.33
10895,2013/11/15,13360,390.42,32.21,422.63
10896,2013/11/01,18342,348.52,28.75,377.27
10897,2013/11/27,11171,121.20,10.00,131.20
10898,2013/11/05,18927,130.33,10.75,141.08
10899,2013/11/29,2395,143.59,11.85,155.44
10900,2013/11/24,18380,47.91,3.95,51.86
10901,2013/11/30,14542,285.84,23.58,309.42
10902,2013/11/13,14492,265.04,21.87,286.91
10903,2013/11/27,3031,318.73,26.30,345.03
10904,2013/11/16,4222,332.29,27.41,359.70
10905,2013/11/06,6577,309.22,25.51,334.73
10906,2013/11/08,3480,217.64,17.96,235.60
10907,2013/11/28,17495,116.50,9.61,126.11
10908,2013/11/06,15061,268.84,22.18,291.02
10909,2013/11/02,301,195.10,16.10,211.20
10910,2013/11/30,17378,389.25,32.11,421.36
10911,2013/11/26,7036,89.30,7.37,96.67
10912,2013/11/26,10606,22.44,1.85,24.29
10913,2013/11/04,2143,267.80,22.09,289.89
10914,2013/11/23,1246,361.50,29.82,391.32
10915,2013/11/11,1795,288.22,23.78,312.00
10916,2013/11/25,19441,228.77,18.87,247.64
10917,2013/11/29,18602,54.02,4.46,58.48
10918,2013/11/16,6690,253.77,20.94,274.71
10919,2013/11/13,13417,226.67,18.70,245.37
10920,2013/11/25,7817,325.77,26.88,352.65
10921,2013/11/10,14092,301.84,24.90,326.74
10922,2013/11/25,12749,299.98,24.75,324.73
10923,2013/11/03,5363,160.77,13.26,174.03
10924,2013/11/12,12836,147.95,12.21,160.16
10925,2013/11/13,11773,297.53,24.55,322.08
10926,2013/11/02,13149,188.16,15.52,203.68
10927,2013/11/22,10187,21.82,1.80,23.62
10928,2013/11/23,1151,385.30,31.79,417.09
10929,2013/11/26,17139,247.41,20.41,267.82
10930,2013/11/14,15987,269.44,22.23,291.67
10931,2013/11/08,17366,306.17,25.26,331.43
10932,2013/11/21,5493,382.88,31.59,414.47
10933,2013/11/20,13367,321.96,26.56,348.52
10934,2013/11/20,2708,138.25,11.41,149.66
10935,2013/11/05,4871,43.66,3.60,47.26
10936,2013/11/19,2658,254.75,21.02,275.77
10937,2013/11/10,3132,120.53,9.94,130.47
10938,2013/11/07,11968,139.65,11.52,151.17
10939,2013/11/06,5052,174.27,14.38,188.65
10940,2013/11/27,15429,3.02,0.25,3.27
10941,2013/11/27,11949,245.86,20.28,266.14
10942,2013/11/26,10454,21.23,1.75,22.98
10943,2013/11/01,329,116.70,9.63,126.33
10944,2013/11/23,6890,96.59,7.97,104.56
10945,2013/11/12,9638,119.31,9.84,129.15
10946,2013/11/13,16583,220.98,18.23,239.21
10947,2013/11/17,5234,136.88,11.29,148.17
10948,2013/11/01,14395,206.53,17.04,223.57
10949,2013/11/25,17905,146.65,12.10,158.75
10950,2013/11/03,5658,305.91,25.24,331.15
10951,2013/11/04,10909,212.29,17.51,229.80
10952,2013/11/26,10667,390.65,32.23,422.88
10953,2013/11/27,6722,135.59,11.19,146.78
10954,2013/11/26,19538,324.70,26.79,351.49
10955,2013/11/30,608,198.43,16.37,214.80
10956,2013/11/18,3473,373.45,30.81,404.26
10957,2013/11/19,5588,194.18,16.02,210.20
10958,2013/11/30,11038,371.54,30.65,402.19
10959,2013/11/05,9623,311.48,25.70,337.18
10960,2013/11/20,3214,395.85,32.66,428.51
10961,2013/11/17,14911,354.41,29.24,383.65
10962,2013/11/08,16129,213.20,17.59,230.79
10963,2013/11/26,12706,362.55,29.91,392.46
10964,2013/11/29,1727,200.84,16.57,217.41
10965,2013/11/02,10959,256.73,21.18,277.91
10966,2013/11/19,19295,289.93,23.92,313.85
10967,2013/11/19,4283,147.14,12.14,159.28
10968,2013/11/17,16697,137.16,11.32,148.48
10969,2013/11/20,580,178.20,14.70,192.90
10970,2013/11/30,6807,325.01,26.81,351.82
10971,2013/11/27,17180,374.35,30.88,405.23
10972,2013/11/19,9523,171.26,14.13,185.39
10973,2013/11/26,13720,19.00,1.57,20.57
10974,2013/11/21,13630,346.55,28.59,375.14
10975,2013/11/05,2382,288.74,23.82,312.56
10976,2013/11/13,16509,107.05,8.83,115.88
10977,2013/11/09,13521,79.15,6.53,85.68
10978,2013/11/06,9047,143.52,11.84,155.36
10979,2013/11/14,18011,48.20,3.98,52.18
10980,2013/11/03,6689,213.13,17.58,230.71
10981,2013/11/14,16241,241.02,19.88,260.90
10982,2013/11/02,6940,71.37,5.89,77.26
10983,2013/11/22,18488,116.81,9.64,126.45
10984,2013/11/15,10173,230.94,19.05,249.99
10985,2013/11/11,16284,67.85,5.60,73.45
10986,2013/11/24,6625,58.49,4.83,63.32
10987,2013/11/08,1123,361.15,29.79,390.94
10988,2013/11/30,19657,168.66,13.91,182.57
10989,2013/11/27,16970,188.75,15.57,204.32
10990,2013/11/12,5383,248.92,20.54,269.46
10991,2013/11/17,3502,252.35,20.82,273.17
10992,2013/11/14,14549,396.33,32.70,429.03
10993,2013/11/27,10569,317.83,26.22,344.05
10994,2013/11/27,1756,270.56,22.32,292.88
10995,2013/11/15,7090,212.19,17.51,229.70
10996,2013/11/22,4630,307.40,25.36,332.76
10997,2013/11/04,17545,132.54,10.93,143.47
10998,2013/11/02,12756,353.04,29.13,382.17
10999,2013/11/30,18842,31.18,2.57,33.75
11000,2013/11/13,1027,191.66,15.81,207.47
