8391,7001,6079
18655,7002,7571
18655,7002,730
18655,7002,2982
15040,7003,2602
15040,7003,7955
15040,7003,8826
15040,7003,2944
15040,7003,129
15040,7003,6776
15040,7003,8422
9001,7004,3828
2795,7005,6151
2795,7005,3287
2795,7005,7113
2795,7005,4071
4050,7006,8917
4050,7006,3504
4050,7006,985
4050,7006,4111
4050,7006,153
4050,7006,3906
4050,7006,9986
4050,7006,1501
4050,7006,9131
10562,7007,1641
10562,7007,4317
10562,7007,4533
10562,7007,7736
10562,7007,4122
10562,7007,5104
10562,7007,5698
10562,7007,7903
10562,7007,5494
18799,7008,7133
18799,7008,2423
18799,7008,2295
18799,7008,1544
18799,7008,9013
18799,7008,4818
18799,7008,8895
18799,7008,8136
18799,7008,7696
5598,7009,8887
5598,7009,8788
5598,7009,5840
5598,7009,3780
5598,7009,7741
5598,7009,2704
5598,7009,7175
5598,7009,9238
5598,7009,4997
19628,7010,9164
13717,7011,9658
17088,7012,2924
17088,7012,6749
17088,7012,4001
17088,7012,7616
17088,7012,4652
17088,7012,1702
17088,7012,3509
17088,7012,2140
7439,7013,3436
7439,7013,2534
7439,7013,4344
7439,7013,7264
7439,7013,735
7439,7013,2510
18515,7014,3746
18515,7014,3086
18515,7014,2767
18515,7014,2286
18515,7014,1485
18515,7014,1686
15787,7015,1528
15787,7015,6989
8503,7016,1154
8503,7016,2789
8503,7016,1671
8503,7016,9917
8503,7016,1128
8503,7016,3813
8503,7016,7789
8503,7016,170
8503,7016,524
17336,7017,248
14472,7018,1488
14472,7018,4677
14472,7018,9464
14472,7018,6177
14472,7018,616
3485,7019,5637
11611,7020,7660
11611,7020,5653
11611,7020,4371
11611,7020,8684
11611,7020,3137
11611,7020,7066
11611,7020,2881
4688,7021,3478
4688,7021,9534
4688,7021,1564
4688,7021,390
13701,7022,3836
13701,7022,5096
18933,7023,987
18933,7023,2587
18933,7023,3149
18933,7023,9794
18933,7023,7811
18933,7023,3854
18933,7023,8822
772,7024,7586
772,7024,8555
4779,7025,1878
4779,7025,3757
4779,7025,6085
4779,7025,5790
17876,7026,9351
17876,7026,1589
17876,7026,3236
9100,7027,6254
9100,7027,6133
9100,7027,8972
9100,7027,7197
9100,7027,9618
9100,7027,9556
9100,7027,6340
9100,7027,8117
1823,7028,3500
1823,7028,396
1823,7028,3621
1823,7028,5498
1823,7028,8181
1823,7028,8818
1823,7028,4674
1823,7028,9242
12877,7029,5513
12877,7029,3269
12877,7029,9068
12877,7029,3980
12877,7029,2296
12877,7029,1826
12877,7029,5464
12877,7029,884
12877,7029,5851
8062,7030,8465
8062,7030,3063
8062,7030,994
8062,7030,4145
8062,7030,3235
8062,7030,8294
8062,7030,1508
8062,7030,7887
366,7031,5979
366,7031,4785
366,7031,5081
8753,7032,2489
8753,7032,3265
8753,7032,837
8753,7032,8892
8753,7032,9124
8753,7032,4638
12292,7033,1634
12292,7033,6699
12292,7033,8082
12292,7033,8165
12292,7033,9539
12292,7033,3501
16335,7034,1298
4270,7035,7117
4270,7035,6680
4270,7035,2762
4270,7035,7900
4270,7035,1824
17045,7036,1199
17045,7036,4005
15012,7037,5673
13942,7038,9106
13942,7038,1058
13942,7038,5745
13942,7038,7976
13942,7038,3047
13942,7038,6046
18208,7039,243
18208,7039,6973
18208,7039,5329
18208,7039,1754
18208,7039,815
18208,7039,1064
18208,7039,4397
7004,7040,9724
7004,7040,6957
7004,7040,9893
7004,7040,3574
7004,7040,4874
7004,7040,5042
7004,7040,6089
7004,7040,2857
7004,7040,9532
2570,7041,8711
2570,7041,5616
2570,7041,3340
2570,7041,6609
12665,7042,4031
12665,7042,9956
12665,7042,6200
12665,7042,6585
12665,7042,3095
12665,7042,6527
12665,7042,5735
12665,7042,4138
12665,7042,7343
12108,7043,9161
12108,7043,2231
12108,7043,1590
12108,7043,2102
12108,7043,5179
12108,7043,2220
12108,7043,3737
12108,7043,9963
6116,7044,9010
6116,7044,2246
6116,7044,7607
6116,7044,4317
6116,7044,5643
6116,7044,8899
2258,7045,6355
2258,7045,9738
2258,7045,8807
2258,7045,6668
2258,7045,377
2258,7045,2864
2258,7045,9688
2258,7045,6226
16943,7046,8060
16943,7046,2637
3071,7047,2665
3071,7047,3715
3071,7047,1752
3071,7047,553
3071,7047,5410
3071,7047,3102
11930,7048,1822
11930,7048,2234
11930,7048,521
11930,7048,8599
2472,7049,2771
2472,7049,5919
2472,7049,9864
2472,7049,4454
2472,7049,3086
2472,7049,2174
2472,7049,2225
2472,7049,4281
2472,7049,1240
6124,7050,9469
6124,7050,5923
12323,7051,6145
12323,7051,4325
12323,7051,7509
12323,7051,1696
9561,7052,3275
9561,7052,3252
9561,7052,5267
9561,7052,7661
9561,7052,7554
9561,7052,6723
9561,7052,2492
9561,7052,5090
8786,7053,6467
8786,7053,7013
8786,7053,5798
8786,7053,5937
8786,7053,3489
13526,7054,4319
13526,7054,7321
13526,7054,2242
17928,7055,1609
17928,7055,8033
17928,7055,1379
17928,7055,5366
4758,7056,1087
4758,7056,4325
4758,7056,661
5515,7057,121
5515,7057,7635
5515,7057,8926
5515,7057,1326
5515,7057,3715
5515,7057,7809
18375,7058,7033
18375,7058,1095
18375,7058,6717
18375,7058,6609
18375,7058,6756
18375,7058,4943
18375,7058,26
18375,7058,3749
2766,7059,812
2766,7059,5473
2766,7059,6769
2766,7059,6274
2766,7059,2468
19001,7060,8353
19001,7060,2109
19001,7060,5090
19001,7060,2230
19001,7060,6957
19001,7060,1706
19001,7060,2402
19001,7060,2088
19001,7060,2080
15104,7061,833
15104,7061,5631
15104,7061,7040
15104,7061,2801
15104,7061,4392
13000,7062,5364
13000,7062,3540
13000,7062,599
13000,7062,3025
10224,7063,8011
10224,7063,2306
10224,7063,2166
10224,7063,9137
10224,7063,6439
18479,7064,393
18479,7064,3151
18479,7064,2473
18479,7064,4849
18479,7064,834
18479,7064,1257
7863,7065,8685
7863,7065,3011
7863,7065,2417
7863,7065,4129
7863,7065,2973
7863,7065,7730
16551,7066,7241
19426,7067,5725
19426,7067,6999
10891,7068,1802
10891,7068,4187
10891,7068,589
10891,7068,9988
10891,7068,8157
10891,7068,5284
10891,7068,8192
148,7069,5107
148,7069,1115
13678,7070,3821
9466,7071,4331
9466,7071,2602
9466,7071,9269
9466,7071,9636
9466,7071,5549
9466,7071,3312
9466,7071,9
9466,7071,3815
17842,7072,7575
17842,7072,6828
17842,7072,1375
17842,7072,1880
17842,7072,5381
17842,7072,5152
17842,7072,3024
17842,7072,4630
17842,7072,342
11781,7073,9631
11781,7073,502
11781,7073,4490
3555,7074,2609
3555,7074,548
3555,7074,6841
3555,7074,1346
3555,7074,2786
3555,7074,1933
3555,7074,4250
3555,7074,8101
3555,7074,828
22,7075,9204
7385,7076,5470
7385,7076,5861
7385,7076,6282
7385,7076,2062
7385,7076,8837
7385,7076,5344
14553,7077,3839
14553,7077,8745
14553,7077,3349
14553,7077,4677
7759,7078,7572
7759,7078,8814
7759,7078,6357
5278,7079,5762
5278,7079,6589
5278,7079,1542
17945,7080,4504
17945,7080,6885
3123,7081,5441
3123,7081,845
3123,7081,3859
3123,7081,6054
3123,7081,4333
3123,7081,2854
3123,7081,354
3123,7081,5336
13755,7082,5850
13755,7082,320
13755,7082,3470
13755,7082,8205
13755,7082,8766
13755,7082,36
13755,7082,7843
13755,7082,7219
6544,7083,445
6544,7083,287
6544,7083,3384
6544,7083,7740
6544,7083,2499
16697,7084,8701
16697,7084,8728
14988,7085,1701
17838,7086,2191
17838,7086,7131
17838,7086,3386
13539,7087,9873
13539,7087,2347
15201,7088,6323
15201,7088,9493
15201,7088,8821
1042,7089,9440
1042,7089,1954
1042,7089,6969
1042,7089,4266
1042,7089,6501
1042,7089,7125
1042,7089,8872
1042,7089,5078
1042,7089,8073
1342,7090,1998
1342,7090,2270
1342,7090,7694
1342,7090,1340
1342,7090,9933
3772,7091,970
3772,7091,5020
3772,7091,4374
3772,7091,7011
3772,7091,9141
14425,7092,7883
14425,7092,8424
14425,7092,3646
2678,7093,683
2678,7093,2817
10454,7094,1902
10454,7094,1193
10454,7094,208
10454,7094,9522
7971,7095,7268
7971,7095,3946
15183,7096,8930
15183,7096,7060
15183,7096,8183
15183,7096,7992
15183,7096,5104
14010,7097,3281
14010,7097,4052
14010,7097,8653
14010,7097,6787
14010,7097,5687
14010,7097,9655
7954,7098,8999
7954,7098,3446
7954,7098,5766
7954,7098,5935
7954,7098,2563
7954,7098,4792
7781,7099,3196
7781,7099,4124
1820,7100,4964
1820,7100,6781
1820,7100,691
1820,7100,838
1820,7100,158
1820,7100,5748
1820,7100,5912
16949,7101,5694
16949,7101,8363
16949,7101,2085
16949,7101,5881
16949,7101,3407
932,7102,7180
932,7102,6791
15256,7103,1911
15256,7103,1356
15256,7103,4990
15256,7103,6298
15256,7103,5508
7740,7104,5428
17668,7105,9300
17668,7105,5961
17668,7105,9736
17668,7105,4351
3823,7106,5219
3823,7106,113
3823,7106,2834
16682,7107,2211
16682,7107,6943
16682,7107,5784
16682,7107,6473
16682,7107,7585
16682,7107,8223
15916,7108,2969
15916,7108,8514
15916,7108,8965
15916,7108,5209
15916,7108,3941
15916,7108,5486
7771,7109,3037
7771,7109,6233
7771,7109,8893
7771,7109,8578
7771,7109,8477
7771,7109,22
7771,7109,4758
7771,7109,7332
11691,7110,9578
11691,7110,1033
13036,7111,404
6881,7112,2261
6881,7112,8300
6881,7112,4180
6881,7112,7638
6881,7112,7506
6881,7112,520
7023,7113,5468
7023,7113,7603
3980,7114,2760
3980,7114,2778
3980,7114,6862
3980,7114,7719
3980,7114,9291
3980,7114,9960
3980,7114,2796
3980,7114,7672
3980,7114,9994
230,7115,1373
230,7115,6082
230,7115,3671
230,7115,966
230,7115,9016
230,7115,111
13944,7116,6094
13944,7116,9586
13944,7116,6141
13944,7116,3652
7291,7117,3761
7291,7117,3641
7291,7117,876
7291,7117,4109
7291,7117,9582
7291,7117,1235
7291,7117,8799
7291,7117,389
7539,7118,6440
7539,7118,465
7539,7118,179
7539,7118,6394
16794,7119,2103
16794,7119,6655
1526,7120,5837
1526,7120,2218
1526,7120,105
1526,7120,9283
14992,7121,5295
14992,7121,5397
14992,7121,7414
10351,7122,6697
10351,7122,3333
10351,7122,5269
10351,7122,4114
10351,7122,995
10351,7122,1552
10351,7122,4586
10351,7122,5820
10351,7122,78
5820,7123,6208
5820,7123,2132
5820,7123,2199
5820,7123,8796
5820,7123,9479
5820,7123,4676
19887,7124,2736
19887,7124,2908
19887,7124,4391
420,7125,2405
420,7125,8931
420,7125,9383
420,7125,7824
420,7125,8759
420,7125,1980
2917,7126,4270
2917,7126,7026
2917,7126,4847
2917,7126,5632
2917,7126,4049
2917,7126,5246
2917,7126,232
5273,7127,53
5273,7127,82
5273,7127,228
5273,7127,7898
5273,7127,6394
18879,7128,1329
18879,7128,2388
18879,7128,4174
18879,7128,3929
18879,7128,8041
18879,7128,8214
18879,7128,5781
18879,7128,909
1922,7129,8837
1922,7129,8090
1922,7129,6259
1922,7129,7039
1922,7129,3922
1922,7129,7859
1922,7129,8838
1922,7129,1425
1922,7129,8265
12612,7130,4579
12612,7130,3671
12612,7130,5419
12612,7130,6449
12612,7130,2090
12612,7130,3293
12612,7130,2019
12612,7130,4662
12612,7130,9475
14666,7131,7579
14666,7131,5331
14666,7131,612
10277,7132,5446
10277,7132,2215
10277,7132,2519
10277,7132,106
10277,7132,3948
10277,7132,4787
10277,7132,2950
4849,7133,9758
4849,7133,825
4849,7133,7123
4849,7133,3180
4849,7133,2718
4849,7133,2873
4849,7133,2056
4849,7133,8405
1846,7134,5532
1846,7134,2687
1846,7134,2848
1846,7134,9767
1846,7134,8061
1846,7134,6376
1846,7134,9663
1846,7134,5154
1846,7134,3356
12146,7135,4799
12146,7135,5711
12146,7135,9988
12146,7135,4126
12146,7135,4180
12146,7135,9803
12146,7135,9975
19483,7136,7540
14404,7137,3987
14404,7137,1869
14404,7137,3525
14404,7137,5899
3218,7138,6501
3218,7138,4156
7916,7139,6608
7916,7139,5024
7916,7139,615
7916,7139,4025
7916,7139,9765
7503,7140,2258
7503,7140,9932
7503,7140,7421
7503,7140,9765
12532,7141,6947
12532,7141,527
12532,7141,5188
12532,7141,4545
12532,7141,4262
12532,7141,2774
5076,7142,6289
5076,7142,1091
5076,7142,1077
5076,7142,6703
5076,7142,2200
5076,7142,7444
5076,7142,2733
19359,7143,4174
19359,7143,8841
6204,7144,1388
15588,7145,9773
15588,7145,7490
15588,7145,6835
15588,7145,9347
15588,7145,660
15588,7145,3647
15588,7145,8830
15588,7145,3072
15588,7145,6535
10750,7146,8477
10750,7146,5367
10750,7146,7873
10750,7146,7658
10750,7146,6964
8905,7147,8645
8905,7147,4278
8905,7147,4415
8905,7147,2697
8905,7147,2752
18572,7148,4661
18572,7148,7176
5083,7149,562
5083,7149,9283
5083,7149,8089
5083,7149,1978
5083,7149,2933
5083,7149,3994
5083,7149,9926
5243,7150,8390
5243,7150,7172
5243,7150,7598
5243,7150,377
5243,7150,4969
5243,7150,7314
5243,7150,5880
5243,7150,8628
13432,7151,3084
13432,7151,7999
13432,7151,2995
13432,7151,5486
13432,7151,546
13432,7151,6015
13432,7151,2811
815,7152,5180
4987,7153,369
4987,7153,946
4987,7153,3298
4987,7153,3146
4987,7153,9582
4987,7153,3460
17890,7154,6084
17890,7154,8548
17890,7154,9906
17890,7154,9301
17890,7154,9597
17890,7154,4910
17890,7154,6974
17890,7154,5285
17890,7154,9446
5488,7155,9126
5488,7155,7401
5488,7155,2186
5488,7155,1530
5488,7155,6082
5488,7155,9611
19033,7156,4440
19033,7156,288
19033,7156,2609
19033,7156,2213
19033,7156,4605
19033,7156,4124
8300,7157,3759
8300,7157,6113
8300,7157,7842
8300,7157,8835
16890,7158,7961
16890,7158,7571
15716,7159,5120
15716,7159,5675
15716,7159,5620
15716,7159,7440
15716,7159,3948
15716,7159,3550
15716,7159,2784
15716,7159,3650
4967,7160,928
4967,7160,4323
4967,7160,5164
670,7161,8116
670,7161,7000
670,7161,4595
4067,7162,3445
4067,7162,5240
4067,7162,5851
4067,7162,6854
4067,7162,1373
4067,7162,5715
4067,7162,4502
19330,7163,10000
19330,7163,5517
19330,7163,6551
2290,7164,3179
2290,7164,3024
2290,7164,3963
2290,7164,2852
2290,7164,7153
17050,7165,826
17050,7165,8721
17050,7165,5274
17050,7165,4493
17050,7165,2331
17050,7165,3387
17050,7165,2524
17050,7165,26
6407,7166,9827
6407,7166,2068
6407,7166,9208
6407,7166,2383
6981,7167,9099
6981,7167,585
6981,7167,229
6981,7167,9645
6981,7167,5086
6981,7167,1440
6981,7167,8322
6981,7167,5266
1394,7168,91
1394,7168,7172
1394,7168,4195
1394,7168,1473
1394,7168,3045
4288,7169,6516
12321,7170,9192
12321,7170,8866
8263,7171,4828
8263,7171,6766
8263,7171,4496
17380,7172,630
17380,7172,8021
17380,7172,8680
17380,7172,2235
17380,7172,2070
17380,7172,1356
1095,7173,8061
1095,7173,2661
1095,7173,2780
1095,7173,4197
1095,7173,2407
1095,7173,3482
1095,7173,7381
1095,7173,2311
663,7174,262
663,7174,7386
17483,7175,9289
17483,7175,7985
17483,7175,2515
17483,7175,2025
17483,7175,8133
17483,7175,4839
17483,7175,4912
17483,7175,7162
17483,7175,5294
17608,7176,994
17608,7176,839
17608,7176,2398
17608,7176,7121
17608,7176,86
17608,7176,3503
17608,7176,3759
17608,7176,8715
17608,7176,1311
12297,7177,4469
12297,7177,9208
12297,7177,4022
12297,7177,8567
12297,7177,8964
12297,7177,3892
12297,7177,7939
10118,7178,1468
10452,7179,1009
10452,7179,4149
10452,7179,4764
10452,7179,9926
10452,7179,6085
10452,7179,8995
10452,7179,8643
15212,7180,7408
15212,7180,4112
15212,7180,117
15212,7180,8356
15212,7180,3186
15212,7180,6811
15212,7180,4244
15212,7180,9105
7735,7181,3100
4187,7182,9654
4187,7182,6137
4187,7182,7874
4187,7182,1832
4187,7182,1383
4187,7182,3883
4187,7182,3533
4187,7182,6681
1848,7183,9317
1848,7183,530
1848,7183,9747
1848,7183,5258
1848,7183,5722
1848,7183,8166
8604,7184,7846
8604,7184,1286
8604,7184,5927
8604,7184,8966
8604,7184,2237
8604,7184,9802
8604,7184,6571
8604,7184,6456
8604,7184,6955
13402,7185,6336
9002,7186,8803
9002,7186,2492
9002,7186,7836
7524,7187,3221
7524,7187,489
7524,7187,977
7524,7187,987
7524,7187,2945
16151,7188,8464
16151,7188,1365
16151,7188,5478
16151,7188,3420
16151,7188,6930
9531,7189,8527
9531,7189,1647
9531,7189,9817
9531,7189,4771
9531,7189,9193
9531,7189,8225
9531,7189,3698
16679,7190,9317
16679,7190,8904
16679,7190,2108
16679,7190,9074
16679,7190,8234
16679,7190,3803
16679,7190,6806
16679,7190,6556
12745,7191,7165
12745,7191,4606
12745,7191,1916
12745,7191,8031
12745,7191,6643
12745,7191,804
12745,7191,4736
12745,7191,753
19654,7192,9829
13270,7193,5087
13270,7193,1114
13270,7193,4939
13270,7193,5452
13270,7193,3668
3395,7194,7399
3395,7194,449
3395,7194,6
3395,7194,8978
3395,7194,1028
1713,7195,7491
5155,7196,8251
5155,7196,4617
5155,7196,7126
5155,7196,1069
5155,7196,9982
5155,7196,9462
19821,7197,1112
4279,7198,2996
4279,7198,5685
4279,7198,4444
4279,7198,3064
4279,7198,7249
3731,7199,150
3731,7199,6768
12459,7200,6140
12459,7200,8373
12459,7200,5516
12459,7200,9391
12459,7200,6474
12459,7200,6754
12459,7200,2873
11873,7201,7251
4533,7202,8350
4533,7202,2462
4533,7202,7747
7771,7203,1137
1053,7204,2912
1053,7204,780
1053,7204,9328
1053,7204,1721
1053,7204,4164
1053,7204,568
1053,7204,1237
1053,7204,8676
2275,7205,1110
2275,7205,8466
2275,7205,7961
2275,7205,619
2275,7205,129
6081,7206,8825
6081,7206,3357
6081,7206,7066
6081,7206,9516
6081,7206,3866
6081,7206,2951
6081,7206,339
6081,7206,3679
6081,7206,4366
5662,7207,2433
5662,7207,77
5662,7207,5509
5662,7207,5602
5662,7207,8317
5662,7207,5086
5662,7207,4971
5662,7207,9194
5662,7207,9784
5469,7208,2519
5469,7208,499
5469,7208,4067
5469,7208,9715
5469,7208,2474
5469,7208,475
11965,7209,1616
13402,7210,8852
13402,7210,4192
13402,7210,3601
13402,7210,1370
13402,7210,5006
13402,7210,8479
13402,7210,773
13402,7210,8010
13402,7210,9506
19959,7211,5962
19959,7211,7656
19959,7211,4064
19959,7211,4278
19959,7211,2098
19959,7211,5954
19959,7211,1766
6270,7212,7024
15593,7213,8284
15593,7213,4721
15593,7213,9262
15593,7213,8265
11839,7214,8311
11839,7214,1618
11839,7214,208
11839,7214,6698
11839,7214,7125
11839,7214,5108
4263,7215,9928
4263,7215,3608
4263,7215,2170
4263,7215,9131
4263,7215,6081
4263,7215,6654
4263,7215,3315
4263,7215,4430
4263,7215,6532
13479,7216,8712
13479,7216,1148
13479,7216,6622
13479,7216,5951
13479,7216,3660
13479,7216,2621
13479,7216,4090
13479,7216,5595
3352,7217,9899
3352,7217,2327
3352,7217,5555
15176,7218,6319
15176,7218,4738
15176,7218,8129
15176,7218,1757
10831,7219,2683
10831,7219,8502
10831,7219,7266
10831,7219,9954
19704,7220,4181
19704,7220,8780
19704,7220,4952
19704,7220,8551
19704,7220,8686
19704,7220,8737
19704,7220,4647
19704,7220,893
19704,7220,5908
17181,7221,6868
17181,7221,2673
17181,7221,40
17181,7221,6673
17181,7221,188
17181,7221,9213
17181,7221,5410
17181,7221,3344
4058,7222,8843
4058,7222,4662
4058,7222,7631
4058,7222,585
10958,7223,7638
10958,7223,2848
10958,7223,7972
10958,7223,9526
10958,7223,373
10958,7223,7126
938,7224,2498
938,7224,2504
938,7224,8880
938,7224,1077
938,7224,7735
938,7224,3592
938,7224,7140
938,7224,2921
11536,7225,5288
11536,7225,2461
11536,7225,719
11536,7225,1442
2365,7226,8170
2365,7226,3894
2365,7226,1622
18712,7227,6250
18712,7227,5776
18712,7227,8548
18712,7227,4938
18712,7227,6406
18712,7227,2983
18712,7227,5886
14653,7228,8509
14653,7228,1060
14653,7228,3731
14653,7228,3727
14653,7228,9924
14653,7228,4708
14653,7228,4439
14653,7228,325
17746,7229,9876
17746,7229,5291
17746,7229,7590
17746,7229,6559
17746,7229,8502
14021,7230,3688
14021,7230,561
14021,7230,2235
14021,7230,4702
14021,7230,7038
14021,7230,7899
16053,7231,3092
16053,7231,397
15972,7232,4028
15972,7232,9406
15972,7232,5070
15972,7232,4183
15972,7232,9441
3350,7233,8617
13031,7234,4542
13031,7234,1039
13031,7234,1972
13031,7234,6014
13031,7234,9420
13031,7234,6467
13031,7234,3630
13031,7234,2023
13031,7234,8431
15742,7235,9546
15742,7235,4501
15742,7235,8438
15742,7235,4677
18437,7236,6851
18437,7236,6352
18437,7236,6838
18437,7236,8436
18437,7236,9219
2482,7237,7446
2482,7237,5477
2482,7237,1848
2482,7237,4567
2482,7237,3185
2482,7237,863
2482,7237,1069
9990,7238,893
9990,7238,6795
9990,7238,1784
9990,7238,1034
419,7239,7816
419,7239,6281
419,7239,8081
419,7239,8315
419,7239,4478
419,7239,5653
419,7239,9360
419,7239,82
19484,7240,5754
19484,7240,338
19484,7240,2395
19380,7241,7750
8061,7242,2159
8061,7242,1197
8061,7242,2502
8061,7242,1975
8061,7242,3570
8061,7242,8301
8061,7242,1798
8061,7242,7894
16462,7243,9602
16462,7243,7919
16462,7243,4406
16462,7243,577
16462,7243,9699
16462,7243,3423
16462,7243,4267
16462,7243,8492
934,7244,2524
934,7244,323
934,7244,5600
934,7244,1873
934,7244,6446
12094,7245,7228
12094,7245,3248
12094,7245,9864
12094,7245,1068
12094,7245,4803
12094,7245,7906
12094,7245,2102
1461,7246,7661
1461,7246,606
1461,7246,2947
1461,7246,4693
1461,7246,9437
1461,7246,5440
5335,7247,471
5335,7247,8128
5335,7247,8163
5335,7247,6873
5335,7247,6224
19970,7248,6269
19970,7248,4582
19970,7248,624
19970,7248,9352
19970,7248,6921
19970,7248,9671
19970,7248,8810
19970,7248,5027
19970,7248,6786
9827,7249,7844
9827,7249,2927
9827,7249,2883
9827,7249,4052
9827,7249,8217
9827,7249,9951
9827,7249,7195
13091,7250,5334
13091,7250,9605
13091,7250,7167
13091,7250,7964
13091,7250,130
13091,7250,8866
13091,7250,3520
12892,7251,4813
12892,7251,6542
12892,7251,5149
12892,7251,5827
12304,7252,3397
12304,7252,8520
12304,7252,8364
12654,7253,2987
12654,7253,4928
12654,7253,5213
12654,7253,2952
12654,7253,9957
12654,7253,817
12654,7253,793
13238,7254,2771
12335,7255,9170
12335,7255,7222
13720,7256,5364
13720,7256,5598
13720,7256,5494
13720,7256,6565
13720,7256,6313
13720,7256,1949
13720,7256,3346
13720,7256,3724
13720,7256,4997
16025,7257,9548
13538,7258,3629
13538,7258,5239
13538,7258,2693
13538,7258,9569
13538,7258,9385
13538,7258,3637
11169,7259,524
11169,7259,8513
11169,7259,3021
11169,7259,3532
11169,7259,7622
11169,7259,7514
11169,7259,9848
6954,7260,2469
6954,7260,9884
6954,7260,226
6954,7260,8172
6954,7260,4965
6954,7260,9446
6954,7260,8547
6954,7260,4293
6954,7260,5489
18040,7261,2099
18040,7261,9704
7026,7262,2561
7026,7262,8042
7026,7262,9930
7026,7262,1712
7026,7262,2128
7026,7262,9789
16670,7263,5394
16670,7263,6049
16670,7263,6050
16670,7263,1853
16670,7263,9552
16670,7263,95
16670,7263,5069
16670,7263,2210
502,7264,8518
502,7264,1442
502,7264,8461
502,7264,2218
7519,7265,790
7519,7265,4771
7519,7265,6731
7519,7265,4987
7519,7265,8180
6496,7266,877
6496,7266,4949
6496,7266,7350
6496,7266,2733
6496,7266,4111
12658,7267,89
12658,7267,4545
12658,7267,3422
12658,7267,7717
12658,7267,5939
12658,7267,6434
12658,7267,7786
12658,7267,7366
12658,7267,3620
17138,7268,2035
17138,7268,8537
17138,7268,3116
17138,7268,2475
17138,7268,8144
17138,7268,2947
17138,7268,3441
17138,7268,2004
17138,7268,6521
5908,7269,1876
5908,7269,31
4850,7270,2170
4850,7270,8783
4850,7270,2245
4850,7270,9264
4850,7270,9110
4850,7270,7283
4850,7270,96
4198,7271,41
4198,7271,7899
4198,7271,7385
4198,7271,1529
4198,7271,5271
18670,7272,5434
18670,7272,2716
3958,7273,9386
3958,7273,7902
3958,7273,403
3958,7273,1580
3958,7273,1272
3958,7273,8021
10812,7274,2821
10812,7274,4448
10812,7274,3550
10812,7274,4670
10812,7274,5343
4158,7275,7925
4158,7275,8740
4158,7275,8231
4158,7275,2154
4158,7275,1424
4158,7275,1431
4158,7275,2595
4158,7275,4851
4158,7275,403
9700,7276,5354
9700,7276,8288
9700,7276,2386
9700,7276,2775
9700,7276,4010
9700,7276,498
9700,7276,6526
9700,7276,1892
9700,7276,8538
19935,7277,5120
19935,7277,6237
19935,7277,5282
19935,7277,372
19935,7277,1294
19163,7278,4532
19163,7278,4747
19163,7278,9895
12841,7279,5099
12841,7279,6499
12841,7279,2477
15192,7280,3118
15192,7280,126
15192,7280,7764
15192,7280,9215
15192,7280,1001
15192,7280,1374
15192,7280,4831
15192,7280,4074
10728,7281,8547
10728,7281,7846
10728,7281,3446
10728,7281,4304
10728,7281,7918
2072,7282,4526
2072,7282,5026
2072,7282,9463
2072,7282,9376
8413,7283,8931
8413,7283,996
8413,7283,3659
8413,7283,6320
8413,7283,4587
8413,7283,1826
19487,7284,779
19487,7284,2197
19487,7284,4473
19487,7284,9045
19487,7284,3249
19487,7284,4773
19487,7284,2626
19487,7284,439
2868,7285,976
2868,7285,5214
2868,7285,7717
2868,7285,4452
9028,7286,7900
9028,7286,2865
9028,7286,837
9028,7286,6309
9028,7286,329
9028,7286,8892
9028,7286,2811
5724,7287,6572
5724,7287,4096
5724,7287,7302
5724,7287,8824
5724,7287,4639
5724,7287,6267
8334,7288,6540
8334,7288,7941
8334,7288,4592
8334,7288,3930
8334,7288,1223
8334,7288,2815
7158,7289,5319
7158,7289,7958
7158,7289,7784
7158,7289,4374
7158,7289,2387
7158,7289,8480
16300,7290,8657
16300,7290,4196
16251,7291,4866
16251,7291,4750
16251,7291,3125
16251,7291,641
16251,7291,2599
16251,7291,1064
16251,7291,5381
16251,7291,2806
16251,7291,6077
1769,7292,2232
1769,7292,4429
1769,7292,1340
1769,7292,4553
1769,7292,1238
11975,7293,2614
10425,7294,5596
16802,7295,9686
16802,7295,2644
9749,7296,1302
9749,7296,1146
9749,7296,6622
9749,7296,5272
9749,7296,8371
9749,7296,4978
9749,7296,3683
9749,7296,6197
9749,7296,4406
176,7297,1847
176,7297,1174
11338,7298,4593
11338,7298,4759
11338,7298,6520
11338,7298,8121
11338,7298,5617
11338,7298,948
9260,7299,1437
9260,7299,5462
9260,7299,9248
9260,7299,8330
19006,7300,5172
19006,7300,737
19006,7300,5615
19006,7300,5502
19006,7300,6876
4985,7301,3087
4985,7301,9502
4985,7301,1259
4985,7301,7000
4985,7301,7685
12028,7302,5517
12028,7302,2433
12028,7302,7874
12028,7302,451
12028,7302,8665
12028,7302,5622
12028,7302,9575
12028,7302,8032
2235,7303,8958
2235,7303,4857
2235,7303,5254
2235,7303,2205
19091,7304,2471
19091,7304,4759
19091,7304,1134
19091,7304,3832
18907,7305,9000
6835,7306,7337
6835,7306,6231
6835,7306,9401
6835,7306,4734
6835,7306,9111
6835,7306,1151
6835,7306,7361
4238,7307,7329
4238,7307,3539
4238,7307,7251
4238,7307,9227
19300,7308,7348
19300,7308,174
19300,7308,9196
19300,7308,5063
19300,7308,1179
19300,7308,7219
19300,7308,8817
2846,7309,5164
2846,7309,7713
2846,7309,2517
2846,7309,7577
2846,7309,1213
2846,7309,1393
2846,7309,6550
2846,7309,7883
2846,7309,2320
14765,7310,1556
14765,7310,9805
14765,7310,2807
14765,7310,1795
14765,7310,5670
14765,7310,3530
14765,7310,5660
6472,7311,3057
6472,7311,436
6472,7311,7922
6472,7311,6329
6472,7311,5397
6472,7311,7623
6472,7311,101
6472,7311,4633
6472,7311,9551
2691,7312,8304
2691,7312,4711
6109,7313,2611
6109,7313,3488
6109,7313,9861
6109,7313,1365
13523,7314,3167
13523,7314,8451
13523,7314,8821
13523,7314,5237
13523,7314,9346
13523,7314,5810
13523,7314,2650
13523,7314,1611
13523,7314,3575
12371,7315,9232
12371,7315,8370
12371,7315,5114
12371,7315,7358
12371,7315,9290
12371,7315,2844
12371,7315,8323
7118,7316,5737
7118,7316,2734
7118,7316,2475
7118,7316,7555
7118,7316,3154
4436,7317,1143
4436,7317,2062
18839,7318,9944
18839,7318,3406
18839,7318,4692
18839,7318,1825
18839,7318,4232
18839,7318,2792
10533,7319,1315
10533,7319,4530
10533,7319,6682
10533,7319,5014
14152,7320,6495
14152,7320,919
14152,7320,7290
14152,7320,4704
14152,7320,3470
15403,7321,4667
15403,7321,877
15403,7321,3539
15403,7321,440
15403,7321,5740
15403,7321,588
18928,7322,4716
18928,7322,3288
18928,7322,763
18928,7322,9958
18928,7322,2559
18928,7322,1994
18928,7322,1130
18928,7322,988
18928,7322,6120
19317,7323,7727
19317,7323,9334
8558,7324,3304
8558,7324,2700
8558,7324,8128
8558,7324,7168
8558,7324,8928
8558,7324,1514
8558,7324,5104
8558,7324,7005
6249,7325,2783
1019,7326,8824
1019,7326,6035
18676,7327,5929
18676,7327,6885
18676,7327,5308
18676,7327,2823
15853,7328,4017
15853,7328,6863
15853,7328,8113
15853,7328,3979
11559,7329,8127
11559,7329,5579
11559,7329,7663
11559,7329,2274
11559,7329,1896
11559,7329,6688
11559,7329,4971
11559,7329,4025
11559,7329,7437
2907,7330,3424
2907,7330,1952
2907,7330,39
4658,7331,654
4658,7331,158
4862,7332,1589
4862,7332,436
4862,7332,8105
11082,7333,6994
11082,7333,6014
11082,7333,8843
11082,7333,7819
2000,7334,2308
2000,7334,7818
18308,7335,2386
18308,7335,682
17572,7336,4327
17572,7336,5015
2058,7337,8994
2058,7337,2294
2058,7337,556
2058,7337,221
16076,7338,7192
16076,7338,7635
16076,7338,6709
16076,7338,2399
16076,7338,7102
2856,7339,2749
2856,7339,7105
2856,7339,2891
2856,7339,4042
2856,7339,5164
2856,7339,8687
8108,7340,9601
8108,7340,3013
8108,7340,191
5180,7341,2270
5180,7341,4081
5180,7341,6612
7432,7342,9814
7432,7342,4731
7432,7342,9953
7432,7342,360
7432,7342,7472
7432,7342,202
7432,7342,4394
7432,7342,4308
7432,7342,2937
4822,7343,2947
4822,7343,6623
4822,7343,3418
4822,7343,3274
4822,7343,2827
4822,7343,87
4822,7343,8064
4822,7343,974
4822,7343,7452
15305,7344,867
15305,7344,1184
15305,7344,9682
15305,7344,6214
15305,7344,7801
15305,7344,8782
4398,7345,6931
4398,7345,5079
6286,7346,1567
6286,7346,7504
6286,7346,2158
6286,7346,370
6286,7346,2844
6286,7346,6828
6286,7346,9911
6286,7346,4717
6286,7346,2202
1840,7347,2912
1840,7347,365
1840,7347,9643
1840,7347,1134
1840,7347,7509
1840,7347,1203
1840,7347,6471
1840,7347,8032
1840,7347,6386
6426,7348,6254
6426,7348,6016
6426,7348,1616
6426,7348,9375
6426,7348,7987
6426,7348,9939
6426,7348,277
6426,7348,6802
8620,7349,9322
8620,7349,843
8620,7349,7421
8620,7349,8229
8620,7349,440
8620,7349,4118
8620,7349,9747
2725,7350,8675
2725,7350,6811
2725,7350,4621
2725,7350,8195
2725,7350,8497
5212,7351,3186
5212,7351,2406
5212,7351,24
5212,7351,6420
5212,7351,2263
4020,7352,3373
4020,7352,6831
4020,7352,5222
19686,7353,1265
19686,7353,3327
19686,7353,1831
19686,7353,2050
19686,7353,8078
19686,7353,5622
19686,7353,5089
19686,7353,8565
11445,7354,8029
11445,7354,2201
11445,7354,4780
10878,7355,4293
10878,7355,8454
10878,7355,5526
10878,7355,2900
10878,7355,5300
10878,7355,2031
10878,7355,9079
10878,7355,2963
10878,7355,4471
7665,7356,6566
7665,7356,6254
9508,7357,3983
9508,7357,4204
9508,7357,8695
9508,7357,2720
9508,7357,7305
9508,7357,2572
3300,7358,9293
3300,7358,7443
12462,7359,7219
12462,7359,2668
18903,7360,528
18903,7360,1477
18903,7360,5235
18903,7360,817
18903,7360,2215
18903,7360,1875
18903,7360,5038
18903,7360,3058
18903,7360,9253
8020,7361,5332
15999,7362,7451
15999,7362,5444
15999,7362,6386
15999,7362,7200
15999,7362,1117
15999,7362,4161
12070,7363,4363
12070,7363,772
12070,7363,8043
12070,7363,7626
12070,7363,8798
12070,7363,8723
16601,7364,9181
16601,7364,6385
16601,7364,8908
16601,7364,7188
16601,7364,1600
16601,7364,3355
16601,7364,7383
16601,7364,9445
431,7365,7975
431,7365,8201
431,7365,5944
431,7365,6914
6916,7366,5446
6916,7366,9970
6916,7366,5275
6916,7366,4377
15463,7367,5572
15463,7367,7632
15463,7367,9537
15463,7367,4382
15463,7367,5978
15463,7367,4283
2393,7368,4655
2393,7368,9132
2393,7368,5819
2393,7368,4453
2393,7368,6259
9526,7369,650
9526,7369,7164
9526,7369,3088
9526,7369,1274
9526,7369,4210
9526,7369,51
9526,7369,9173
9526,7369,9689
8686,7370,4443
8686,7370,2515
8686,7370,9033
8686,7370,7724
8569,7371,6417
8569,7371,2467
8569,7371,8705
8569,7371,6973
14048,7372,6580
1725,7373,4277
13583,7374,5565
13583,7374,4249
13583,7374,783
13583,7374,3286
13583,7374,1095
13583,7374,6703
13583,7374,9493
969,7375,648
969,7375,5212
969,7375,8141
969,7375,9083
14601,7376,4550
14601,7376,5800
14601,7376,3873
14601,7376,7888
14601,7376,3780
14601,7376,2912
14601,7376,8780
14601,7376,4158
14601,7376,2889
7072,7377,2341
2846,7378,8723
2846,7378,1299
14196,7379,3680
14919,7380,7942
4199,7381,6957
4199,7381,9445
4199,7381,5642
4199,7381,9369
4199,7381,3207
4199,7381,9109
814,7382,7505
2368,7383,8643
2368,7383,9509
2368,7383,3893
2368,7383,8684
2368,7383,8438
2368,7383,7926
2368,7383,4733
2368,7383,9666
2368,7383,679
19573,7384,193
15395,7385,8881
15395,7385,846
708,7386,2883
708,7386,7682
708,7386,8431
708,7386,9201
708,7386,9174
19705,7387,9639
19705,7387,3557
19705,7387,6547
19705,7387,7529
12820,7388,3934
12820,7388,7479
12820,7388,3598
12820,7388,832
12820,7388,1681
12820,7388,6886
12820,7388,2426
19379,7389,3117
19379,7389,8029
9150,7390,8400
9150,7390,9321
9150,7390,4401
3758,7391,2240
3758,7391,633
3758,7391,1389
3758,7391,4801
3758,7391,3578
3758,7391,3503
3758,7391,6036
3758,7391,5040
3758,7391,3293
8580,7392,1566
8580,7392,3775
8580,7392,5906
8580,7392,7845
8580,7392,8886
8580,7392,9326
8580,7392,4004
17609,7393,3353
18777,7394,3452
18777,7394,5562
18777,7394,2231
18777,7394,9129
18777,7394,1545
14900,7395,4649
14900,7395,7691
14900,7395,838
14900,7395,4688
14900,7395,499
14900,7395,8487
14900,7395,7245
3786,7396,9834
3786,7396,8782
3786,7396,8186
3786,7396,5862
3786,7396,813
3786,7396,7180
3786,7396,3231
1844,7397,2616
1844,7397,3277
1844,7397,9706
1844,7397,6967
1844,7397,353
8165,7398,3375
8165,7398,741
8165,7398,3591
8165,7398,1291
8165,7398,2225
8165,7398,7650
8165,7398,300
8165,7398,6378
17987,7399,2108
18148,7400,9280
18148,7400,7092
18148,7400,765
3010,7401,8107
3010,7401,9851
3010,7401,1787
3010,7401,5787
3010,7401,9715
14666,7402,8228
14666,7402,1079
14666,7402,2339
14666,7402,3894
14666,7402,6414
14356,7403,8683
14356,7403,5102
14356,7403,6796
14356,7403,7121
14356,7403,2452
14356,7403,668
14356,7403,5071
14356,7403,9499
14356,7403,3637
9429,7404,9040
9429,7404,3449
2490,7405,899
2490,7405,8420
2490,7405,8102
2490,7405,951
2490,7405,3797
8930,7406,3321
8930,7406,9428
8930,7406,2793
2805,7407,3907
14792,7408,2338
14792,7408,106
14792,7408,2342
14792,7408,5972
14792,7408,3430
14792,7408,6695
14792,7408,4234
14792,7408,4758
8370,7409,3105
7712,7410,8056
7712,7410,2827
7712,7410,1850
7712,7410,9843
7712,7410,5921
3786,7411,1662
3786,7411,5151
3786,7411,4435
3786,7411,3449
15920,7412,4143
15920,7412,1053
15920,7412,8842
15920,7412,4092
15920,7412,2609
15920,7412,6832
15920,7412,7897
16119,7413,1652
13603,7414,6709
13603,7414,8480
13603,7414,3610
13603,7414,7998
13603,7414,3776
13603,7414,8788
13603,7414,8159
1534,7415,3218
1534,7415,3870
17031,7416,4822
17031,7416,3228
17031,7416,6960
17031,7416,2673
17031,7416,737
17031,7416,5805
19162,7417,2199
19162,7417,5701
19162,7417,6711
19857,7418,7780
19857,7418,9987
9616,7419,1831
9616,7419,5599
9616,7419,8386
9616,7419,786
9616,7419,5070
9616,7419,3772
11940,7420,2454
11940,7420,7862
11940,7420,5438
11940,7420,1526
3023,7421,6320
3023,7421,3205
3023,7421,7892
3023,7421,2654
3023,7421,5138
3023,7421,468
3023,7421,8260
11804,7422,9244
11804,7422,7369
5613,7423,6024
5613,7423,5753
5613,7423,8851
5613,7423,9930
15642,7424,4099
15642,7424,6315
15642,7424,6203
18528,7425,1124
18528,7425,1675
18528,7425,6825
18528,7425,1299
18528,7425,8632
18528,7425,4336
18528,7425,2306
18528,7425,6456
18528,7425,5242
12199,7426,2095
12199,7426,8720
12199,7426,441
12199,7426,7561
17369,7427,7176
17369,7427,2602
17369,7427,488
17369,7427,5797
17369,7427,5617
17369,7427,8009
17369,7427,337
17369,7427,8749
16602,7428,4168
16602,7428,9743
14607,7429,5988
14607,7429,5539
14607,7429,3622
14607,7429,1638
14607,7429,9374
14607,7429,8932
14607,7429,5536
11744,7430,6264
11744,7430,4113
11744,7430,985
11744,7430,4076
11744,7430,2888
11744,7430,8031
8035,7431,7181
8035,7431,5873
8035,7431,2303
8035,7431,6251
8035,7431,238
8035,7431,8175
8035,7431,7658
7844,7432,4732
7844,7432,5505
7844,7432,9618
7844,7432,3674
7844,7432,6805
7844,7432,1665
7844,7432,3600
18944,7433,4719
18944,7433,3109
2567,7434,9649
2567,7434,7279
2567,7434,2594
2567,7434,6444
12123,7435,3709
12123,7435,360
12123,7435,4674
12123,7435,4218
12123,7435,3431
16299,7436,3106
16299,7436,511
16299,7436,4850
16299,7436,732
16299,7436,7713
16299,7436,4139
16299,7436,1424
16299,7436,218
16299,7436,9450
19618,7437,3768
19618,7437,128
19618,7437,5398
19618,7437,5347
19618,7437,5474
19618,7437,2684
15065,7438,9661
15065,7438,7870
15065,7438,8012
15065,7438,8756
15065,7438,7208
16836,7439,4301
16836,7439,4973
741,7440,1562
741,7440,2778
741,7440,2133
741,7440,1777
2875,7441,5236
2875,7441,8301
2875,7441,8373
2875,7441,2198
2875,7441,3926
2875,7441,1984
2875,7441,1993
2875,7441,2654
2875,7441,7327
17776,7442,3133
17776,7442,4667
17776,7442,9885
17776,7442,6347
17776,7442,4810
17776,7442,2160
17776,7442,5574
17776,7442,8618
5086,7443,770
5086,7443,10000
5086,7443,947
12487,7444,4319
12487,7444,7837
12487,7444,4256
12487,7444,4788
12487,7444,9738
12487,7444,2184
15515,7445,5529
15515,7445,3867
9272,7446,8059
9272,7446,3859
9272,7446,676
9272,7446,1038
9272,7446,9420
9272,7446,3978
17531,7447,8362
17531,7447,8231
17531,7447,4218
17531,7447,2393
17531,7447,4147
17531,7447,3257
13485,7448,1175
13485,7448,3765
13485,7448,1141
13485,7448,6843
13485,7448,3677
13485,7448,4235
13485,7448,9586
13485,7448,6607
13485,7448,4972
18378,7449,8935
18378,7449,7668
17125,7450,7517
17125,7450,8598
17125,7450,1958
17125,7450,6083
17125,7450,299
17125,7450,9621
17125,7450,33
13279,7451,1477
13279,7451,7205
13279,7451,7579
13279,7451,6614
13279,7451,8330
13279,7451,3808
13279,7451,4464
13279,7451,7372
18658,7452,8129
18658,7452,8447
18658,7452,7632
18658,7452,6956
18658,7452,5118
18658,7452,8691
18658,7452,280
18658,7452,3566
359,7453,7114
3154,7454,4639
3154,7454,4327
3154,7454,9526
3154,7454,537
3154,7454,205
14320,7455,1269
14320,7455,8162
3454,7456,1907
3454,7456,5825
3454,7456,9419
3454,7456,597
3454,7456,8449
5551,7457,5231
5551,7457,5989
5551,7457,1377
5551,7457,2595
5551,7457,4007
5551,7457,7753
5551,7457,5412
5551,7457,3895
11601,7458,4820
11601,7458,5917
11601,7458,4395
5773,7459,904
5773,7459,6533
5773,7459,7806
801,7460,4264
801,7460,5505
801,7460,7061
801,7460,4491
3629,7461,8557
5903,7462,5838
5903,7462,9409
5903,7462,5962
5903,7462,3633
5903,7462,3850
5903,7462,4168
16863,7463,8106
16863,7463,1203
12803,7464,6420
12803,7464,6873
12803,7464,5919
12803,7464,7940
12803,7464,6912
5748,7465,6642
5748,7465,5092
2783,7466,3196
2783,7466,1894
2783,7466,9942
2783,7466,800
2783,7466,5302
2783,7466,7320
2783,7466,9074
14027,7467,4361
14027,7467,5281
14027,7467,5619
1421,7468,2102
1421,7468,880
1421,7468,9317
1421,7468,9696
989,7469,7714
989,7469,761
989,7469,4168
989,7469,3801
989,7469,8663
989,7469,2651
989,7469,5812
989,7469,5865
17191,7470,567
19767,7471,9142
19767,7471,6568
19767,7471,29
19767,7471,3682
19767,7471,1070
19767,7471,7045
11414,7472,9650
11414,7472,7929
11414,7472,9442
11414,7472,4110
11414,7472,7990
11414,7472,9330
11414,7472,4560
11414,7472,442
11414,7472,8926
17908,7473,9743
13574,7474,2494
13574,7474,4653
13574,7474,9104
13574,7474,7657
13574,7474,9490
14959,7475,1848
14959,7475,9306
16463,7476,7186
16463,7476,1291
18547,7477,4267
17838,7478,1501
17838,7478,8090
17838,7478,7774
17838,7478,8469
17838,7478,2402
17838,7478,5217
17838,7478,2605
17838,7478,9939
17838,7478,1075
4729,7479,1638
4729,7479,5623
4729,7479,3976
4729,7479,4823
4729,7479,5609
7396,7480,4279
7396,7480,324
7396,7480,6098
7396,7480,8389
7396,7480,5460
7396,7480,606
6196,7481,8541
6196,7481,7272
6196,7481,6441
6196,7481,228
6196,7481,3573
6196,7481,7587
6196,7481,9534
6196,7481,8015
6196,7481,681
13555,7482,5480
13555,7482,7210
13555,7482,5870
13555,7482,9183
13555,7482,2165
13555,7482,5304
13555,7482,1887
13555,7482,683
8511,7483,6162
8352,7484,2513
8352,7484,2950
8352,7484,673
8352,7484,5727
8352,7484,4514
8352,7484,543
5414,7485,2143
5414,7485,3413
12839,7486,7013
12839,7486,854
12839,7486,7418
12839,7486,8678
3255,7487,57
3255,7487,2495
3255,7487,3644
3255,7487,8265
3255,7487,5744
15773,7488,711
15773,7488,1507
15773,7488,1777
15773,7488,1033
15773,7488,1025
19404,7489,1330
19404,7489,3335
19404,7489,6747
19404,7489,5955
19404,7489,8867
19404,7489,398
19404,7489,3902
19404,7489,2497
6415,7490,998
6415,7490,7185
6415,7490,9703
6415,7490,480
6415,7490,7911
6415,7490,3205
6415,7490,3560
6415,7490,626
13161,7491,800
13161,7491,5844
16680,7492,1548
5090,7493,4576
5090,7493,4384
5090,7493,8144
5090,7493,3914
5090,7493,1535
5090,7493,7887
509,7494,1489
509,7494,9570
509,7494,4241
509,7494,5672
509,7494,3060
509,7494,2718
509,7494,9764
509,7494,8225
5216,7495,4903
5216,7495,9829
5216,7495,781
5216,7495,8598
5216,7495,7970
5216,7495,7037
5216,7495,6878
5216,7495,6790
4922,7496,9680
4922,7496,4449
4922,7496,6343
13359,7497,5160
13359,7497,6482
13359,7497,6621
10436,7498,2556
18865,7499,551
18865,7499,9381
18865,7499,1205
18865,7499,7167
18865,7499,8503
18865,7499,8326
18865,7499,188
10695,7500,336
10695,7500,9203
10050,7501,7884
10050,7501,7616
10050,7501,763
10050,7501,6154
10050,7501,5666
10050,7501,9203
10050,7501,3012
10050,7501,6340
13055,7502,1875
13055,7502,7388
13055,7502,9144
13055,7502,5251
13055,7502,1615
18996,7503,6847
6000,7504,358
6000,7504,7232
6000,7504,621
6000,7504,4706
19299,7505,8383
19299,7505,4184
18869,7506,8398
18869,7506,1145
15983,7507,991
15983,7507,8953
15983,7507,1401
15983,7507,4718
15983,7507,9755
19706,7508,1827
19706,7508,2130
19706,7508,4982
19706,7508,5445
19706,7508,3809
19706,7508,2529
19706,7508,5045
19706,7508,2944
7870,7509,5284
7870,7509,8037
15582,7510,7644
15582,7510,3039
15582,7510,5954
15582,7510,5480
1848,7511,4766
1848,7511,6091
18069,7512,2970
18069,7512,3843
3758,7513,9670
3758,7513,3710
3758,7513,6177
3758,7513,6783
3758,7513,1917
3758,7513,3064
3758,7513,3187
3758,7513,384
3758,7513,2019
2217,7514,3098
2217,7514,5321
2217,7514,6731
2217,7514,8820
2217,7514,2312
2217,7514,2664
2217,7514,5802
5169,7515,4847
5169,7515,3932
5169,7515,5309
5169,7515,5985
5169,7515,789
12595,7516,4775
12595,7516,8475
14587,7517,5782
14587,7517,7746
1030,7518,5201
1030,7518,2993
1030,7518,7047
1030,7518,3448
1030,7518,5629
1030,7518,6779
1030,7518,534
1030,7518,5599
1030,7518,4373
7571,7519,5510
7571,7519,2458
7571,7519,8731
5795,7520,1911
5795,7520,8102
5795,7520,703
5795,7520,1989
5795,7520,5785
5795,7520,396
5795,7520,6682
5795,7520,1627
5795,7520,67
2863,7521,8579
14618,7522,206
14618,7522,6342
14618,7522,6463
14618,7522,1075
14618,7522,5992
14618,7522,3498
14618,7522,1830
17023,7523,9566
17023,7523,8163
17023,7523,1385
17023,7523,4756
17023,7523,4110
17023,7523,7272
17023,7523,5731
17023,7523,2821
17023,7523,9595
1337,7524,3732
1337,7524,4284
1337,7524,3839
7452,7525,3679
7452,7525,8044
7452,7525,171
7452,7525,5026
4594,7526,9775
4594,7526,8960
4594,7526,5144
4594,7526,37
4594,7526,7983
4594,7526,1540
4594,7526,9329
6802,7527,7039
6802,7527,7009
6802,7527,7845
6802,7527,7881
6802,7527,1459
6802,7527,5168
6802,7527,5926
9771,7528,361
9771,7528,7097
9771,7528,8115
9771,7528,608
9771,7528,4014
6234,7529,5900
6234,7529,2965
6234,7529,6186
6234,7529,6615
6234,7529,9884
6234,7529,2144
6234,7529,6724
6234,7529,695
2109,7530,9397
2109,7530,3738
2109,7530,939
2109,7530,5257
2109,7530,868
13533,7531,511
13533,7531,3476
13533,7531,92
4469,7532,4737
4469,7532,6664
4469,7532,917
4469,7532,7845
4469,7532,5539
4469,7532,318
11148,7533,2829
18180,7534,1537
18180,7534,4601
18180,7534,7391
18180,7534,3862
18180,7534,9138
18180,7534,6421
18180,7534,1341
18370,7535,767
18370,7535,9860
18370,7535,3541
18370,7535,297
14525,7536,4738
14525,7536,632
14525,7536,8622
14525,7536,2846
14525,7536,4582
14525,7536,1082
4844,7537,1607
4844,7537,9009
4844,7537,3956
4844,7537,2471
4844,7537,6987
4844,7537,3865
18648,7538,6319
18648,7538,4106
18648,7538,8286
18648,7538,7424
18648,7538,8934
13434,7539,2344
13434,7539,8196
4303,7540,9647
4303,7540,142
4303,7540,239
4303,7540,2836
4303,7540,4938
4303,7540,134
4303,7540,4094
3034,7541,22
3034,7541,1645
3034,7541,7363
3034,7541,3479
3034,7541,5341
11121,7542,2768
11121,7542,868
11121,7542,6071
11121,7542,2877
11121,7542,2857
11121,7542,51
11121,7542,1431
5434,7543,7872
5434,7543,9435
5434,7543,6604
5434,7543,793
5434,7543,1298
5434,7543,7505
5434,7543,5858
5434,7543,2955
18051,7544,33
18051,7544,9167
18051,7544,236
18051,7544,6128
18051,7544,3314
18051,7544,7191
13251,7545,9540
13251,7545,8263
13251,7545,5715
13251,7545,7892
13251,7545,6040
13251,7545,8299
17454,7546,2013
17454,7546,9988
17454,7546,5238
17454,7546,951
17454,7546,3215
17454,7546,9738
17454,7546,4767
17454,7546,9249
17454,7546,3371
18170,7547,658
18170,7547,3879
18170,7547,8637
8221,7548,8751
8221,7548,1943
8221,7548,9756
8221,7548,2540
8221,7548,1034
8221,7548,5899
8221,7548,8434
8221,7548,105
8221,7548,2659
11875,7549,5256
11875,7549,502
16369,7550,7880
16369,7550,3201
16369,7550,741
16369,7550,2714
16369,7550,5926
16369,7550,5557
16369,7550,9547
16369,7550,6972
16369,7550,5795
13367,7551,8230
13367,7551,5331
13367,7551,4715
5432,7552,9469
5432,7552,4617
5432,7552,6952
5432,7552,3489
5432,7552,1078
1248,7553,275
1248,7553,1305
13744,7554,7695
13744,7554,2475
13744,7554,4911
13744,7554,5125
9185,7555,4802
9185,7555,6132
9185,7555,9531
9185,7555,7336
9185,7555,7834
9185,7555,5907
9185,7555,9203
9185,7555,3278
3244,7556,5297
3244,7556,4185
18618,7557,3902
18618,7557,3311
18618,7557,2268
18618,7557,6994
18618,7557,6652
8970,7558,2592
8970,7558,9148
6459,7559,5006
6459,7559,8011
6459,7559,2994
6459,7559,8500
6459,7559,2843
6459,7559,4520
6459,7559,1103
16192,7560,2425
16192,7560,6732
16192,7560,6552
11397,7561,8928
11397,7561,6724
11397,7561,5472
11397,7561,3124
11397,7561,3068
11397,7561,7372
11397,7561,4024
11397,7561,2064
11397,7561,8679
14526,7562,1878
14526,7562,2773
14526,7562,5961
14526,7562,4127
14526,7562,3447
14526,7562,3838
18619,7563,7775
10293,7564,7038
10293,7564,885
10293,7564,3603
10293,7564,2979
10293,7564,9754
10293,7564,146
12213,7565,7261
12213,7565,464
12213,7565,9943
12213,7565,408
12213,7565,7564
12213,7565,2816
12213,7565,3328
731,7566,6081
731,7566,48
731,7566,9752
731,7566,3914
731,7566,2327
731,7566,6004
6528,7567,4362
6528,7567,2523
6528,7567,3214
6528,7567,2951
6528,7567,9384
8879,7568,380
8879,7568,1610
8879,7568,1784
8879,7568,228
8879,7568,1259
14525,7569,526
14525,7569,2573
14525,7569,8001
14525,7569,9657
14525,7569,5180
14525,7569,7245
14525,7569,8886
11059,7570,8254
11059,7570,9809
11059,7570,8308
11059,7570,5735
11059,7570,2591
11059,7570,6829
11059,7570,6132
11059,7570,3431
11059,7570,2242
3795,7571,4505
3795,7571,3542
3795,7571,9861
3795,7571,8919
3795,7571,1926
3795,7571,2144
3795,7571,7210
3795,7571,1771
3795,7571,18
13692,7572,4200
13692,7572,6409
13692,7572,3020
13692,7572,8339
13692,7572,9186
13692,7572,5556
13692,7572,6232
10301,7573,2323
10301,7573,8931
10301,7573,3208
10301,7573,2477
10301,7573,5063
10301,7573,71
10301,7573,1757
16332,7574,8373
16332,7574,3496
16332,7574,1892
16332,7574,285
16332,7574,4467
16332,7574,3273
16332,7574,2750
16332,7574,7835
2085,7575,4267
2085,7575,1656
2085,7575,666
2085,7575,8607
2085,7575,1579
2085,7575,3307
2085,7575,8367
516,7576,8381
516,7576,3347
516,7576,5399
516,7576,7249
516,7576,7777
516,7576,4276
516,7576,9982
516,7576,7603
16537,7577,3744
16537,7577,805
18341,7578,9429
18341,7578,1879
18341,7578,25
18341,7578,9462
13422,7579,9088
13422,7579,9256
13422,7579,1477
13422,7579,706
13422,7579,5127
13422,7579,5843
13422,7579,2383
13422,7579,5921
13422,7579,5818
10491,7580,3054
10491,7580,151
10491,7580,4927
10491,7580,9227
10491,7580,569
19650,7581,6683
19650,7581,2350
19650,7581,3844
19650,7581,680
19650,7581,4839
19650,7581,5187
19650,7581,6373
19650,7581,5902
17910,7582,1471
17910,7582,4782
17910,7582,3864
762,7583,8374
762,7583,4482
762,7583,3668
762,7583,8915
762,7583,4551
762,7583,947
14639,7584,3170
17046,7585,8803
5332,7586,3047
2841,7587,2144
2841,7587,9646
8394,7588,3935
3812,7589,3037
14956,7590,6701
14956,7590,1049
14956,7590,1412
14956,7590,1023
14956,7590,5516
14956,7590,9572
14956,7590,7905
14956,7590,8717
7057,7591,2750
7057,7591,9255
7057,7591,7040
7057,7591,1077
7057,7591,9769
7057,7591,5004
7057,7591,1576
5974,7592,1238
5974,7592,1397
5974,7592,3321
5974,7592,28
5974,7592,6827
5974,7592,5566
5974,7592,791
5974,7592,904
15887,7593,4564
15887,7593,2281
7713,7594,6844
7713,7594,5085
7713,7594,1428
7713,7594,8891
7713,7594,5783
7713,7594,6787
4705,7595,668
4705,7595,3194
4705,7595,6378
1882,7596,508
1882,7596,9072
1882,7596,2527
1882,7596,1891
1882,7596,3996
5772,7597,1804
5772,7597,2485
5772,7597,7206
5772,7597,7312
5772,7597,8450
5772,7597,9136
5772,7597,6036
5772,7597,5768
5772,7597,7285
12713,7598,2272
12713,7598,18
12713,7598,7610
11353,7599,530
15471,7600,5609
15471,7600,2936
15471,7600,9762
11059,7601,1804
11059,7601,455
11059,7601,4926
11059,7601,8495
12208,7602,1780
12208,7602,9102
12208,7602,9508
12208,7602,45
12208,7602,6651
12208,7602,929
12208,7602,396
12208,7602,8558
2398,7603,3719
2398,7603,2228
2398,7603,4489
2398,7603,3587
2398,7603,6827
2398,7603,1627
2398,7603,5676
2398,7603,916
1920,7604,6613
1920,7604,1185
19485,7605,941
19485,7605,7039
19485,7605,7288
19485,7605,3304
19485,7605,9988
19485,7605,5257
19485,7605,9528
19485,7605,5420
19485,7605,7611
5117,7606,4157
5117,7606,3670
12931,7607,5480
12931,7607,659
12931,7607,684
12931,7607,1785
12931,7607,9722
9957,7608,1862
18944,7609,2030
18944,7609,7558
18944,7609,1544
18944,7609,1528
18944,7609,7693
18944,7609,7593
16502,7610,6197
16502,7610,7303
16502,7610,9247
15666,7611,1839
15666,7611,2230
15666,7611,181
15477,7612,8966
15477,7612,3819
2823,7613,9663
2823,7613,4533
3671,7614,14
3671,7614,75
3671,7614,5433
15326,7615,1922
15326,7615,701
15326,7615,5268
18174,7616,499
18174,7616,4139
18174,7616,1675
9341,7617,6913
9341,7617,473
9341,7617,9115
9341,7617,8900
9341,7617,3569
9341,7617,4858
9341,7617,6901
9341,7617,7858
4396,7618,5121
4396,7618,7704
18757,7619,4049
18757,7619,5732
18757,7619,8957
18757,7619,7948
18757,7619,2110
18757,7619,9967
18757,7619,9840
18757,7619,1169
18052,7620,1224
18052,7620,7157
18052,7620,1918
18052,7620,5603
18052,7620,4238
18052,7620,1766
14994,7621,3701
11622,7622,1489
11622,7622,3788
11622,7622,622
11622,7622,1684
11622,7622,9779
11622,7622,9695
11622,7622,9251
11622,7622,1795
11622,7622,5444
14417,7623,4706
16812,7624,4217
11412,7625,8364
11412,7625,7199
11412,7625,8834
17056,7626,140
17056,7626,7058
10889,7627,5800
10889,7627,9624
10889,7627,5903
10889,7627,7359
10889,7627,5185
10889,7627,5825
8376,7628,4235
8376,7628,3801
8376,7628,531
8376,7628,9393
8376,7628,3419
8376,7628,6254
8376,7628,1895
15388,7629,4775
4266,7630,8732
4266,7630,273
4266,7630,2576
4266,7630,5181
4266,7630,5445
4266,7630,3998
6780,7631,9841
3469,7632,9429
3469,7632,7326
3469,7632,928
3469,7632,6336
3469,7632,4955
3469,7632,1879
8909,7633,1265
8909,7633,7587
8909,7633,89
8909,7633,8653
8909,7633,4392
8909,7633,9631
8909,7633,227
8909,7633,6148
6945,7634,2021
13950,7635,2203
13950,7635,807
13950,7635,7289
13950,7635,4986
13950,7635,7334
13950,7635,9155
7092,7636,3208
7092,7636,3008
6128,7637,4047
6128,7637,8411
6128,7637,1822
6128,7637,4873
6128,7637,2355
6128,7637,4896
6128,7637,7751
6128,7637,4519
7345,7638,7219
7345,7638,8195
7345,7638,252
7345,7638,9780
7345,7638,4267
7345,7638,2828
7345,7638,7453
18547,7639,3297
18547,7639,7386
10271,7640,219
10271,7640,5099
4633,7641,2742
4633,7641,9183
4633,7641,1696
4633,7641,5127
4633,7641,1763
4633,7641,5763
4633,7641,1853
4633,7641,303
15376,7642,2824
15376,7642,6271
15376,7642,4440
15376,7642,4330
15376,7642,3686
12855,7643,8949
12855,7643,4837
13198,7644,5196
10996,7645,3186
10996,7645,3684
10996,7645,8409
10996,7645,9051
10996,7645,1324
10996,7645,7072
10996,7645,4545
10996,7645,1436
768,7646,4459
768,7646,2099
768,7646,7438
768,7646,9618
768,7646,2791
11953,7647,1986
2073,7648,4417
2073,7648,7148
17168,7649,8968
17168,7649,4034
17168,7649,1700
17168,7649,4538
17168,7649,3426
17168,7649,7477
17168,7649,7427
17168,7649,2193
8356,7650,5215
8356,7650,8474
8356,7650,6489
8356,7650,8593
8356,7650,4205
8356,7650,2895
13858,7651,3061
13858,7651,5676
13858,7651,5291
13858,7651,2702
13858,7651,7808
13858,7651,411
13561,7652,4674
13561,7652,3917
13561,7652,3754
13561,7652,5523
16834,7653,5346
16834,7653,4233
16834,7653,8863
16834,7653,4892
16834,7653,3060
16834,7653,6871
16834,7653,2487
3117,7654,5844
3117,7654,1985
3117,7654,9898
3117,7654,2270
10250,7655,2819
10250,7655,2554
10250,7655,7588
10250,7655,6959
10250,7655,5570
4881,7656,9722
4881,7656,4117
4881,7656,8931
1831,7657,6654
1831,7657,7835
1831,7657,7116
19869,7658,6986
19869,7658,9146
19869,7658,920
19869,7658,3964
19869,7658,7156
19869,7658,3551
19869,7658,9928
17716,7659,9773
17716,7659,5593
17716,7659,9339
12908,7660,6389
12908,7660,9682
17655,7661,3543
17655,7661,6304
17655,7661,6131
17655,7661,7576
17655,7661,7521
10296,7662,2497
10296,7662,1115
10296,7662,434
10296,7662,8289
10296,7662,9843
19049,7663,8352
19049,7663,1187
19049,7663,6652
19049,7663,2594
19049,7663,7344
19049,7663,8839
7508,7664,8442
7508,7664,6823
7508,7664,4344
7508,7664,7447
7508,7664,2788
7508,7664,7309
7508,7664,6814
7508,7664,146
7508,7664,730
14761,7665,162
14761,7665,9822
14761,7665,1030
14761,7665,2755
14761,7665,8043
14761,7665,3551
14761,7665,753
14761,7665,2121
14761,7665,526
15669,7666,3195
15669,7666,7469
15669,7666,655
18952,7667,5641
18952,7667,467
6442,7668,4417
10338,7669,3368
10338,7669,2165
10338,7669,7516
10338,7669,1159
10338,7669,666
10338,7669,4634
10338,7669,3155
14673,7670,1340
14673,7670,3108
14673,7670,1091
14673,7670,3840
14673,7670,2084
14673,7670,676
8087,7671,2900
8087,7671,9739
8087,7671,9148
8087,7671,2685
8087,7671,1726
8087,7671,9719
8087,7671,3176
8087,7671,8960
4135,7672,2888
4135,7672,1590
4135,7672,898
4135,7672,6210
4135,7672,6310
4135,7672,5525
10528,7673,5669
10528,7673,8496
10528,7673,1790
10528,7673,9916
10528,7673,5336
656,7674,6411
656,7674,9484
656,7674,8799
656,7674,266
656,7674,7510
656,7674,2140
656,7674,5784
18100,7675,5001
18100,7675,1361
18100,7675,9131
18100,7675,1756
2469,7676,8797
16560,7677,8661
16560,7677,8727
16560,7677,6045
16560,7677,9206
15008,7678,1471
5662,7679,4107
8511,7680,5347
531,7681,3984
5419,7682,3575
5419,7682,8050
5419,7682,4275
5419,7682,3141
5419,7682,4807
5419,7682,8577
5365,7683,6938
5365,7683,1897
6800,7684,4107
6800,7684,6141
6800,7684,9242
6800,7684,505
6800,7684,477
9504,7685,498
9504,7685,3154
9504,7685,9764
9504,7685,1756
9504,7685,841
9504,7685,9221
9504,7685,978
9504,7685,6137
487,7686,4527
487,7686,5825
12603,7687,1053
12603,7687,5184
12603,7687,3357
12603,7687,624
12603,7687,7581
12603,7687,4784
12603,7687,1073
4101,7688,5578
4101,7688,7537
4101,7688,3334
4101,7688,4937
4101,7688,7096
4101,7688,5459
4101,7688,4134
18633,7689,7653
18633,7689,8228
18633,7689,1063
18633,7689,3655
18633,7689,7016
4505,7690,3467
4505,7690,5400
4505,7690,1706
4505,7690,5958
4505,7690,7390
4505,7690,9483
4505,7690,7928
4505,7690,840
4505,7690,6339
9132,7691,7578
9132,7691,7871
9132,7691,2192
9132,7691,6846
9132,7691,1820
9132,7691,3939
11290,7692,4446
11290,7692,4486
11290,7692,6468
14613,7693,5799
14613,7693,6065
7283,7694,8235
7283,7694,8734
7283,7694,3392
7283,7694,5392
7283,7694,7772
7283,7694,2976
7283,7694,5573
117,7695,2471
117,7695,4044
117,7695,8007
117,7695,3943
117,7695,9366
117,7695,7712
117,7695,9427
16321,7696,8713
16321,7696,6085
16321,7696,8920
16321,7696,1811
16321,7696,6481
16321,7696,4552
16321,7696,8818
16321,7696,4338
4689,7697,6416
4689,7697,4586
8025,7698,2173
8025,7698,2456
8025,7698,7515
8025,7698,7369
18359,7699,1260
18359,7699,1910
18359,7699,2501
18359,7699,2939
11285,7700,7711
11285,7700,9134
11285,7700,827
11285,7700,9750
11285,7700,305
15639,7701,4255
15639,7701,432
3383,7702,1769
3383,7702,580
3383,7702,3554
3383,7702,350
16121,7703,4109
16121,7703,2517
16121,7703,6422
611,7704,1558
611,7704,5150
611,7704,77
611,7704,3681
611,7704,1907
611,7704,3898
611,7704,157
1011,7705,8566
1011,7705,9146
1011,7705,9254
1011,7705,6532
1011,7705,4484
1011,7705,5981
15077,7706,9528
15077,7706,2123
15077,7706,834
15077,7706,8658
15077,7706,6516
16347,7707,4009
16347,7707,1249
16347,7707,558
16347,7707,4816
16347,7707,6178
4317,7708,9697
4317,7708,3630
4317,7708,4541
4317,7708,2434
4317,7708,9782
4317,7708,105
4317,7708,9904
4317,7708,4471
4317,7708,7705
17907,7709,9456
17907,7709,4753
17907,7709,5748
17907,7709,7792
17907,7709,3516
17907,7709,4616
17907,7709,6714
18294,7710,237
18294,7710,8975
18294,7710,6922
9253,7711,3580
9253,7711,4131
9253,7711,4
9253,7711,8669
9253,7711,3318
9253,7711,5924
1080,7712,9696
8450,7713,8859
11561,7714,407
11561,7714,6015
11561,7714,7451
11561,7714,7022
11561,7714,9028
11561,7714,3206
11561,7714,2151
11561,7714,9177
11561,7714,9670
18731,7715,3590
18731,7715,6618
18731,7715,8107
18731,7715,8229
18731,7715,6351
18731,7715,3973
2846,7716,8878
2846,7716,5335
2846,7716,3882
2846,7716,1214
2846,7716,3585
2846,7716,6213
2846,7716,248
2846,7716,6920
2846,7716,5821
7853,7717,4005
7853,7717,3151
7853,7717,9056
7853,7717,9400
7853,7717,5417
1502,7718,8236
1502,7718,43
1502,7718,2456
1502,7718,2169
1502,7718,2496
1502,7718,6541
1502,7718,2625
5931,7719,9657
5931,7719,4223
5931,7719,6265
5931,7719,278
5931,7719,1899
5931,7719,2433
1337,7720,2489
9315,7721,3745
9315,7721,7474
9315,7721,8357
9315,7721,9335
9315,7721,5963
9315,7721,6191
9315,7721,7703
9315,7721,3807
9315,7721,4137
13139,7722,7238
13139,7722,2133
17591,7723,7954
17591,7723,2604
17591,7723,4497
17591,7723,5144
17591,7723,6659
17591,7723,2822
17591,7723,1290
10193,7724,802
10193,7724,6011
10193,7724,1591
10193,7724,563
10193,7724,2974
10193,7724,2519
10193,7724,5719
10193,7724,5485
10193,7724,5899
2084,7725,2148
2084,7725,8792
2084,7725,7160
2084,7725,8534
2084,7725,3537
2084,7725,5530
14239,7726,843
14239,7726,7310
14239,7726,3126
14239,7726,3832
14239,7726,1351
14239,7726,8592
14239,7726,773
14239,7726,6576
10734,7727,9463
10734,7727,1863
10734,7727,4226
10734,7727,2546
10734,7727,4511
10734,7727,991
16599,7728,1328
16599,7728,2845
16599,7728,2276
16599,7728,3312
19775,7729,5255
19775,7729,9078
19775,7729,7215
2880,7730,3767
9515,7731,3057
9515,7731,946
9515,7731,9454
9515,7731,7062
9515,7731,5226
9515,7731,4777
9515,7731,261
11030,7732,232
15894,7733,8209
7621,7734,522
7621,7734,8240
15386,7735,9422
15386,7735,5125
15386,7735,9548
15386,7735,4944
15386,7735,900
2262,7736,9078
2262,7736,4773
2262,7736,5511
2262,7736,1096
2262,7736,9240
14959,7737,5172
14959,7737,1503
14959,7737,8822
14959,7737,8793
14959,7737,2012
14959,7737,9862
14959,7737,1749
90,7738,65
90,7738,406
90,7738,9535
17549,7739,6254
2851,7740,6020
2851,7740,5279
2851,7740,1733
2851,7740,8547
2851,7740,201
2851,7740,3972
2851,7740,340
2851,7740,7362
15534,7741,9269
15534,7741,762
14030,7742,8441
14030,7742,3512
14030,7742,6494
14030,7742,9271
14030,7742,6080
12559,7743,522
12559,7743,4618
12559,7743,8858
12559,7743,5650
9836,7744,7304
9836,7744,6833
9836,7744,4723
9836,7744,9022
9836,7744,9733
9836,7744,7024
9836,7744,3742
9836,7744,6821
9836,7744,9383
19808,7745,7787
19808,7745,9041
16194,7746,7915
16194,7746,9093
16194,7746,1551
16194,7746,20
16194,7746,2050
16194,7746,6087
16194,7746,8755
16194,7746,2177
16194,7746,3390
1486,7747,2714
1486,7747,6136
1486,7747,2686
1486,7747,9851
15530,7748,2512
15530,7748,5355
14809,7749,6478
14809,7749,4735
14809,7749,6613
14809,7749,214
14809,7749,8867
3161,7750,3335
3161,7750,366
3161,7750,4652
3161,7750,950
3161,7750,4351
3161,7750,9600
3161,7750,5992
16551,7751,9313
16551,7751,2242
16551,7751,6186
16551,7751,3047
8121,7752,1210
8121,7752,8668
8121,7752,3151
8121,7752,4387
8121,7752,4670
8538,7753,2689
8538,7753,1828
8538,7753,9141
8538,7753,4077
524,7754,5314
3893,7755,1913
3893,7755,6958
3893,7755,5010
3893,7755,9164
3893,7755,83
17052,7756,4079
17052,7756,2652
17052,7756,3246
17052,7756,4600
17052,7756,6990
17052,7756,425
9193,7757,9979
9193,7757,1116
9193,7757,1226
9193,7757,8280
9193,7757,5805
9193,7757,7115
9193,7757,6888
9193,7757,6389
9193,7757,9497
5485,7758,3055
5485,7758,7221
5485,7758,5062
5485,7758,8075
5485,7758,3048
5485,7758,5474
5485,7758,4989
5485,7758,288
12184,7759,5844
12184,7759,1595
12184,7759,9485
12184,7759,1274
14083,7760,9800
14083,7760,367
14083,7760,3296
14083,7760,4173
14083,7760,6495
14083,7760,506
14083,7760,6347
6872,7761,7640
6872,7761,4901
6872,7761,4962
6872,7761,326
6872,7761,8055
6872,7761,3277
6151,7762,7937
6151,7762,9857
12703,7763,7835
5172,7764,8969
5172,7764,733
5172,7764,8412
5172,7764,8255
5172,7764,1929
5172,7764,2897
5172,7764,6818
5172,7764,8281
12434,7765,8326
12434,7765,1568
12434,7765,622
12434,7765,8183
12434,7765,1988
1912,7766,4826
6161,7767,9390
6161,7767,3306
6161,7767,2886
6161,7767,3206
6161,7767,7803
6161,7767,3462
6161,7767,3977
6161,7767,6210
8784,7768,4112
8784,7768,7374
8784,7768,6562
8784,7768,317
8784,7768,5279
8784,7768,834
8280,7769,5726
8280,7769,6433
8280,7769,7763
8280,7769,9657
8280,7769,4923
8280,7769,6338
8280,7769,259
8280,7769,5770
6285,7770,5341
6285,7770,8056
6285,7770,4057
6285,7770,5288
6285,7770,3030
17511,7771,2284
17511,7771,3874
17511,7771,9746
17511,7771,7807
16130,7772,2436
16130,7772,7060
16130,7772,2845
16130,7772,7510
3134,7773,926
3134,7773,4471
3134,7773,1576
3134,7773,2453
3134,7773,2722
3134,7773,5800
3134,7773,5122
3134,7773,8552
14624,7774,4834
14624,7774,3921
14624,7774,6646
14624,7774,8580
16741,7775,1191
16741,7775,2396
16741,7775,7157
16741,7775,6625
4849,7776,6031
4849,7776,9566
4849,7776,8209
4849,7776,1809
4849,7776,998
4849,7776,722
18602,7777,7672
17723,7778,1628
17723,7778,1324
17723,7778,4756
17723,7778,677
17723,7778,8795
17723,7778,7999
12415,7779,9251
12415,7779,1947
12415,7779,3753
12415,7779,9273
12415,7779,9263
12415,7779,6338
8117,7780,8936
8117,7780,5684
8117,7780,3639
8117,7780,794
8117,7780,3067
8117,7780,793
8117,7780,5000
8500,7781,4222
8500,7781,4745
8500,7781,6826
8500,7781,437
8500,7781,7350
8500,7781,7222
12316,7782,9850
12316,7782,5718
12316,7782,4377
12316,7782,9436
12316,7782,6260
12316,7782,1074
12316,7782,8685
12316,7782,5592
12316,7782,8855
11360,7783,8844
11360,7783,3079
11360,7783,8859
11360,7783,2223
11360,7783,6110
11360,7783,9110
11360,7783,2716
4302,7784,6586
4302,7784,6823
4302,7784,2816
4302,7784,8177
4302,7784,2750
4302,7784,7350
4302,7784,1414
8984,7785,1245
8984,7785,4810
8984,7785,6553
8984,7785,9181
8984,7785,7405
8984,7785,1419
8984,7785,6662
6967,7786,5898
6967,7786,275
6967,7786,6029
6967,7786,5741
6967,7786,3817
6967,7786,1934
6967,7786,2171
6967,7786,556
14216,7787,6376
14216,7787,9503
14216,7787,4363
14216,7787,5798
14216,7787,9647
14216,7787,8756
14216,7787,525
14216,7787,4192
14216,7787,6654
941,7788,6545
941,7788,9108
941,7788,3608
941,7788,4208
941,7788,9351
941,7788,2809
14343,7789,7323
14343,7789,3248
14343,7789,207
14343,7789,5108
3522,7790,2231
3522,7790,250
3522,7790,5415
3522,7790,5876
167,7791,667
167,7791,7199
167,7791,3506
167,7791,3218
167,7791,6878
167,7791,6907
167,7791,237
167,7791,1483
11624,7792,4599
11624,7792,4781
11624,7792,4490
11624,7792,9034
11624,7792,740
11624,7792,1831
18059,7793,1244
18059,7793,3230
18059,7793,130
733,7794,929
733,7794,2499
733,7794,1928
733,7794,944
733,7794,7110
733,7794,7366
733,7794,8918
1497,7795,9778
1497,7795,10000
1497,7795,3626
1497,7795,9143
1497,7795,3364
1497,7795,4122
1497,7795,1035
7068,7796,631
7068,7796,73
7068,7796,7237
7068,7796,3884
5175,7797,186
5175,7797,5014
5175,7797,7702
5175,7797,3414
5175,7797,2394
13031,7798,1566
13031,7798,5760
13031,7798,7089
14323,7799,4599
14323,7799,7621
9047,7800,1204
17810,7801,5749
17810,7801,1164
17810,7801,7757
17810,7801,9166
9850,7802,1315
9850,7802,1430
9850,7802,7444
9850,7802,3461
8125,7803,4851
8125,7803,1573
839,7804,1661
839,7804,2383
839,7804,4827
839,7804,8738
839,7804,6473
15575,7805,3234
15575,7805,3734
15575,7805,8971
15575,7805,756
15575,7805,1267
15575,7805,9349
15575,7805,1429
3276,7806,3011
3276,7806,4335
3276,7806,8418
3276,7806,9845
3276,7806,3558
41,7807,3927
41,7807,2604
41,7807,7461
41,7807,1455
41,7807,8966
41,7807,1566
9648,7808,9743
9648,7808,1204
9648,7808,2880
9648,7808,7150
1416,7809,729
1416,7809,3098
1416,7809,226
1416,7809,7552
1416,7809,9061
1416,7809,6413
1416,7809,9811
19315,7810,3992
10390,7811,4816
10390,7811,1099
10390,7811,4479
10390,7811,6515
10390,7811,2611
10390,7811,9862
10390,7811,5313
10390,7811,523
13871,7812,4914
13871,7812,5888
13871,7812,1273
13871,7812,260
13871,7812,5074
13871,7812,5143
12483,7813,6184
12483,7813,339
12483,7813,5343
12483,7813,1631
12483,7813,7614
8067,7814,265
8067,7814,8250
8067,7814,1717
8067,7814,6032
8067,7814,6291
8067,7814,8859
8067,7814,995
422,7815,5942
422,7815,2652
422,7815,5180
422,7815,1939
13935,7816,4397
13935,7816,9524
13935,7816,3243
13935,7816,2168
13935,7816,3218
4152,7817,1587
4152,7817,1584
15051,7818,8809
15051,7818,8356
15051,7818,9182
15051,7818,7715
4222,7819,4757
4222,7819,1078
4222,7819,5614
4222,7819,5382
4222,7819,6371
4222,7819,7365
4222,7819,2837
4222,7819,4187
4222,7819,6474
10565,7820,6030
10565,7820,1478
10565,7820,6974
10565,7820,5855
10565,7820,1627
10565,7820,6413
10565,7820,7535
5832,7821,8188
5832,7821,1328
5832,7821,4332
5832,7821,5283
7229,7822,302
7229,7822,3659
7229,7822,5862
3432,7823,2327
3432,7823,7900
3432,7823,9142
3432,7823,2777
3432,7823,8269
19191,7824,5110
19191,7824,7680
19191,7824,886
19191,7824,8712
19191,7824,5886
19191,7824,2966
19191,7824,3002
7410,7825,821
7410,7825,5650
7410,7825,4528
7410,7825,7121
7410,7825,9392
7410,7825,2391
15001,7826,3519
15001,7826,7985
15001,7826,725
15001,7826,4600
15202,7827,1306
15202,7827,4868
15202,7827,1583
15202,7827,2088
15202,7827,8944
15202,7827,8906
15202,7827,8872
15202,7827,9716
15202,7827,8797
4630,7828,4545
4630,7828,1480
4630,7828,2321
4630,7828,6745
4630,7828,6174
4630,7828,4499
4630,7828,176
4525,7829,1471
684,7830,5751
684,7830,6920
684,7830,3505
684,7830,2987
684,7830,3456
684,7830,7193
684,7830,1562
684,7830,8320
5638,7831,8901
5638,7831,4425
11789,7832,6237
11789,7832,8227
11789,7832,5773
11789,7832,7364
11789,7832,9972
11789,7832,7327
11789,7832,4816
11789,7832,9202
11789,7832,8457
887,7833,2605
887,7833,3225
887,7833,333
5043,7834,7104
5043,7834,1147
5043,7834,7107
5043,7834,2154
5043,7834,8860
5043,7834,505
5043,7834,4001
5043,7834,52
5043,7834,7229
15139,7835,6810
15139,7835,2534
15139,7835,4339
15139,7835,9663
15139,7835,4618
11528,7836,4274
11528,7836,4219
11528,7836,1277
11528,7836,6808
11528,7836,4431
11528,7836,7734
11528,7836,1024
16155,7837,8355
16155,7837,3180
16155,7837,4130
16155,7837,766
16155,7837,9609
16155,7837,4511
17568,7838,1917
17568,7838,6882
2623,7839,2971
2623,7839,5966
2623,7839,4686
2623,7839,8236
2623,7839,777
9812,7840,3653
9812,7840,7298
9812,7840,3116
9812,7840,6947
9812,7840,7395
9812,7840,6485
8169,7841,9418
8169,7841,9782
8169,7841,756
17982,7842,406
17982,7842,3170
17982,7842,9740
17982,7842,8527
17982,7842,4985
17982,7842,2274
17982,7842,5804
17982,7842,795
16766,7843,1556
16766,7843,8091
16766,7843,1174
16766,7843,5804
16766,7843,7837
16766,7843,6924
16766,7843,6552
16766,7843,2904
16766,7843,6915
3798,7844,3830
3798,7844,5270
3798,7844,1166
3798,7844,3007
3798,7844,8748
3798,7844,3329
9005,7845,3163
9005,7845,5013
3128,7846,7854
3128,7846,6096
3128,7846,8993
3128,7846,6782
3128,7846,8045
18419,7847,6748
154,7848,4579
15483,7849,7828
15483,7849,9190
15483,7849,2480
15483,7849,5101
15483,7849,8224
15483,7849,7743
15483,7849,6915
8721,7850,4813
8721,7850,8333
8721,7850,1821
8721,7850,738
8721,7850,7716
8721,7850,4141
8721,7850,976
8721,7850,1582
8121,7851,2636
8121,7851,9169
8121,7851,436
8121,7851,6166
8121,7851,444
10512,7852,5082
10512,7852,9328
10512,7852,1125
10512,7852,9169
289,7853,309
289,7853,6452
289,7853,2285
2907,7854,7537
2907,7854,874
2907,7854,6792
2907,7854,3237
16636,7855,4137
6611,7856,3450
6611,7856,402
6611,7856,5255
6611,7856,1275
6611,7856,5941
6611,7856,8993
6611,7856,7604
6611,7856,1036
15654,7857,7524
15654,7857,6064
15654,7857,6153
15654,7857,7493
15654,7857,3505
15654,7857,1364
15654,7857,6352
3212,7858,9145
3212,7858,6207
7621,7859,2288
14903,7860,3446
14903,7860,8296
14903,7860,3183
14903,7860,2951
14903,7860,4094
14903,7860,3641
8705,7861,6338
8705,7861,9258
8705,7861,9332
8705,7861,6356
8705,7861,223
18098,7862,5399
7390,7863,9484
7390,7863,2943
7390,7863,6402
7390,7863,4021
7390,7863,936
7390,7863,7180
12875,7864,5660
12875,7864,596
12875,7864,4817
12875,7864,4931
12875,7864,3859
12875,7864,450
19173,7865,1674
19173,7865,7084
19173,7865,2715
19173,7865,556
15471,7866,4173
15471,7866,1040
15471,7866,6916
15471,7866,5714
1288,7867,973
1288,7867,6193
1288,7867,2679
1288,7867,8504
1288,7867,5513
1288,7867,2427
1288,7867,6692
1288,7867,1878
1288,7867,718
9781,7868,4722
9781,7868,985
9781,7868,2190
9781,7868,1079
9781,7868,5648
9781,7868,7925
9781,7868,7049
9781,7868,1222
9781,7868,4955
14764,7869,364
14764,7869,1699
14764,7869,9639
14764,7869,5972
14764,7869,9357
14764,7869,3640
14764,7869,1129
14764,7869,6728
4750,7870,4215
4750,7870,9188
4750,7870,6860
4750,7870,2170
4750,7870,1524
4750,7870,5830
4750,7870,3969
4750,7870,2970
17882,7871,9635
17882,7871,7234
17882,7871,6256
17882,7871,2971
17882,7871,6337
17882,7871,5501
17882,7871,8537
10793,7872,3395
10793,7872,5287
10793,7872,2241
10793,7872,6753
10793,7872,2862
10793,7872,4151
10793,7872,1182
10793,7872,77
12666,7873,3249
12666,7873,4749
12666,7873,9265
12666,7873,3437
12666,7873,8682
12666,7873,3408
12666,7873,2620
9721,7874,71
9721,7874,2343
9721,7874,460
9721,7874,8007
9721,7874,1940
9721,7874,6869
9721,7874,73
9721,7874,3031
4592,7875,7548
4592,7875,4570
4592,7875,8864
328,7876,8218
328,7876,8408
328,7876,6342
328,7876,4085
328,7876,9404
328,7876,6902
328,7876,342
6746,7877,5669
6746,7877,7559
6746,7877,6688
6746,7877,4172
6746,7877,9318
2735,7878,3488
2735,7878,4493
2735,7878,8695
2735,7878,4176
2156,7879,8052
2156,7879,8318
2156,7879,6015
2156,7879,9748
2156,7879,7202
2747,7880,5195
2747,7880,6387
2747,7880,1633
2747,7880,6441
2747,7880,9702
7756,7881,4956
7756,7881,4249
7756,7881,8362
7756,7881,2855
7756,7881,6552
7756,7881,7950
7756,7881,9038
7756,7881,5127
7756,7881,8671
10114,7882,4931
9265,7883,8510
9265,7883,487
9471,7884,7301
9471,7884,2084
9471,7884,1929
9471,7884,7606
9471,7884,3685
9471,7884,1989
9471,7884,3052
19971,7885,3361
19971,7885,6974
19971,7885,8728
18428,7886,3949
18428,7886,667
18428,7886,4749
13356,7887,7644
13356,7887,5439
13356,7887,8823
12467,7888,8575
12467,7888,8955
15365,7889,6897
15365,7889,280
15365,7889,5403
15365,7889,2096
15365,7889,3698
15365,7889,6829
15365,7889,9906
10689,7890,3835
10689,7890,8005
13159,7891,2128
13159,7891,2495
13159,7891,5174
13159,7891,3140
13159,7891,236
4662,7892,9529
18867,7893,4778
18867,7893,1296
18867,7893,8545
18867,7893,923
18867,7893,5880
18867,7893,9213
18867,7893,2923
18867,7893,1166
18867,7893,1098
2666,7894,3664
2666,7894,43
2666,7894,7062
2666,7894,2626
2666,7894,6145
2666,7894,1151
2666,7894,6015
2666,7894,6741
2666,7894,4096
6617,7895,5015
6617,7895,3024
6617,7895,6099
6617,7895,7445
6617,7895,6518
13121,7896,3180
13121,7896,4602
13121,7896,4329
13121,7896,6765
13121,7896,5447
13121,7896,7280
13121,7896,6125
13504,7897,8545
13504,7897,3978
13504,7897,3808
13504,7897,3589
13504,7897,2531
13504,7897,6886
13504,7897,1623
13504,7897,3757
16170,7898,8428
16170,7898,9659
16170,7898,6966
16170,7898,4993
16170,7898,2536
16170,7898,7681
3315,7899,3080
11221,7900,2442
11221,7900,7526
11221,7900,1234
11221,7900,4283
11221,7900,3069
11221,7900,634
11221,7900,8418
6821,7901,2617
18118,7902,9310
18118,7902,7159
18118,7902,5441
18118,7902,7346
18118,7902,5555
18118,7902,4081
18118,7902,1787
18118,7902,9999
1264,7903,8230
1264,7903,2902
1264,7903,7137
1264,7903,737
1264,7903,4577
1264,7903,7109
1264,7903,7318
1264,7903,3770
1264,7903,4813
734,7904,7155
734,7904,3086
734,7904,2628
734,7904,7785
734,7904,3651
13104,7905,2070
13104,7905,2698
13104,7905,9882
13104,7905,532
8603,7906,5417
8603,7906,9253
8603,7906,5321
8603,7906,9177
8603,7906,3561
8603,7906,2565
8603,7906,2012
8603,7906,7360
18034,7907,1411
18034,7907,1483
18034,7907,4253
18034,7907,8491
18034,7907,6316
3464,7908,3136
3464,7908,2872
3464,7908,2774
3464,7908,4115
3464,7908,7778
3464,7908,1553
8640,7909,9157
8640,7909,631
8640,7909,6855
8640,7909,2653
8640,7909,3209
8640,7909,3794
5682,7910,7209
5682,7910,6146
5682,7910,6190
5682,7910,5320
13746,7911,1193
698,7912,988
698,7912,2521
698,7912,1019
698,7912,2607
698,7912,6150
698,7912,7654
698,7912,7140
6569,7913,3545
6569,7913,2948
6569,7913,7037
6569,7913,753
6569,7913,5306
6569,7913,8578
6569,7913,5399
6569,7913,9798
6569,7913,3205
11621,7914,9116
11621,7914,2833
11621,7914,8144
11621,7914,9540
11621,7914,4607
11621,7914,3152
11621,7914,3014
11621,7914,9603
11621,7914,8417
13990,7915,6560
13990,7915,4844
13990,7915,9647
13990,7915,5574
13990,7915,8289
13990,7915,8558
13990,7915,945
968,7916,3568
968,7916,8907
17019,7917,3418
17019,7917,8440
9999,7918,4763
9999,7918,2132
9999,7918,6203
9999,7918,5026
11941,7919,6455
11941,7919,9642
11941,7919,3992
11941,7919,6603
11941,7919,7057
11941,7919,8466
11941,7919,8822
11941,7919,2924
8406,7920,5130
8406,7920,7004
8406,7920,3811
8406,7920,6092
8406,7920,8000
8406,7920,3641
8406,7920,8705
5392,7921,9716
16363,7922,5087
16363,7922,4466
16363,7922,6486
16363,7922,3658
16363,7922,9116
16363,7922,2947
16363,7922,2690
1378,7923,5142
1378,7923,5202
14063,7924,5918
14063,7924,5888
14063,7924,5566
14063,7924,7560
14063,7924,7965
14063,7924,5756
14063,7924,5660
17213,7925,7644
17213,7925,5661
17213,7925,7996
17213,7925,9529
17213,7925,419
2225,7926,9831
2225,7926,1424
2225,7926,2088
2225,7926,5427
2225,7926,3028
2225,7926,1674
7914,7927,8929
7914,7927,9927
7914,7927,9172
7914,7927,5393
11623,7928,6924
11623,7928,7495
17835,7929,7901
17835,7929,4698
17835,7929,8760
17835,7929,9616
17835,7929,328
18514,7930,3847
18514,7930,6514
18514,7930,9720
18514,7930,5050
18514,7930,8982
18514,7930,7385
18514,7930,8727
18514,7930,5393
6586,7931,4221
6586,7931,5657
6586,7931,2026
6586,7931,747
6586,7931,5241
6586,7931,9282
6586,7931,3613
6586,7931,8326
6586,7931,3428
4818,7932,8885
4818,7932,6600
4818,7932,4951
4818,7932,7571
4818,7932,474
4818,7932,617
5284,7933,3332
5284,7933,8969
5284,7933,6443
5284,7933,8408
5284,7933,5914
5284,7933,8143
6981,7934,7565
6981,7934,7406
6981,7934,9631
208,7935,6234
208,7935,9178
208,7935,8771
208,7935,5703
208,7935,5122
208,7935,320
12468,7936,1420
12468,7936,8545
12468,7936,2737
12468,7936,1705
12468,7936,8625
9089,7937,1080
9089,7937,4283
6105,7938,792
6105,7938,3868
1559,7939,5834
1559,7939,6390
1559,7939,2027
1559,7939,489
1559,7939,9268
1559,7939,5067
1559,7939,3658
9475,7940,4995
15522,7941,5649
15522,7941,5510
15522,7941,6568
15522,7941,3847
472,7942,9362
472,7942,7377
472,7942,6382
472,7942,3015
18575,7943,9842
18575,7943,3325
18575,7943,7531
6359,7944,246
6359,7944,6210
6359,7944,2
6359,7944,4328
7378,7945,2318
7378,7945,1293
7378,7945,470
7378,7945,4620
7378,7945,3367
7378,7945,5016
7378,7945,7911
7378,7945,1937
5939,7946,570
5939,7946,64
5939,7946,3152
5939,7946,7353
5939,7946,8081
5939,7946,3475
9534,7947,5008
9534,7947,7549
9534,7947,4812
5444,7948,8480
5444,7948,9971
5444,7948,6810
5444,7948,2916
5444,7948,1112
5444,7948,1264
5444,7948,692
8332,7949,8933
8332,7949,4003
3103,7950,4117
18456,7951,66
18456,7951,9427
4686,7952,8410
4686,7952,4468
4686,7952,4355
4686,7952,3268
4686,7952,6034
4686,7952,9568
10778,7953,6023
10778,7953,5835
10778,7953,4931
10778,7953,1212
10778,7953,4568
10778,7953,1871
10778,7953,2981
10778,7953,5465
19865,7954,4267
19865,7954,9080
19865,7954,5960
19865,7954,335
19865,7954,4036
115,7955,9435
115,7955,6604
115,7955,7552
115,7955,1285
115,7955,633
115,7955,5041
11341,7956,654
11341,7956,9909
11341,7956,595
11341,7956,8380
11341,7956,7968
11341,7956,2852
953,7957,3032
953,7957,2554
7676,7958,8104
7676,7958,9416
7676,7958,718
2743,7959,1104
2743,7959,5685
2743,7959,7263
2743,7959,1898
2743,7959,2175
2743,7959,591
2743,7959,6277
2743,7959,8600
2743,7959,4206
8425,7960,9260
19955,7961,1349
19955,7961,4257
19955,7961,1536
19955,7961,1936
7666,7962,8203
7666,7962,2854
7666,7962,3125
7666,7962,3310
7666,7962,2739
7666,7962,1544
1606,7963,781
1606,7963,5720
19953,7964,9918
19953,7964,6359
19953,7964,349
19953,7964,9282
19953,7964,4774
19953,7964,3032
19953,7964,3589
12653,7965,3668
12653,7965,7576
12653,7965,346
12653,7965,5850
12653,7965,485
12653,7965,6042
12653,7965,9435
11585,7966,1064
11585,7966,481
7023,7967,9852
7023,7967,803
7023,7967,5738
7023,7967,1236
7023,7967,9498
10696,7968,7223
10696,7968,7218
17595,7969,727
17595,7969,7873
17595,7969,9349
17595,7969,4719
17595,7969,3237
17595,7969,2049
17595,7969,6740
17595,7969,8510
17595,7969,1100
5536,7970,4921
5536,7970,891
5536,7970,7234
5536,7970,935
5536,7970,9658
5536,7970,3195
5536,7970,2868
15172,7971,2156
15172,7971,3567
15172,7971,5462
15172,7971,6871
15172,7971,84
15172,7971,9329
15172,7971,3629
15172,7971,4017
15172,7971,6388
14644,7972,8984
14644,7972,2246
14644,7972,6670
14644,7972,9437
14644,7972,8064
3260,7973,3707
3260,7973,1995
3260,7973,3784
3260,7973,7230
3260,7973,5573
3920,7974,9282
3920,7974,1707
3920,7974,7556
3920,7974,116
3920,7974,2490
3920,7974,6521
3920,7974,1146
3266,7975,8991
3266,7975,9679
3266,7975,5243
3266,7975,188
3266,7975,8154
3266,7975,2776
4115,7976,322
876,7977,9991
876,7977,7812
876,7977,8873
876,7977,2769
876,7977,5883
876,7977,4717
876,7977,4533
9441,7978,6840
11901,7979,6768
11901,7979,6985
11901,7979,6368
11901,7979,8797
11901,7979,5225
8193,7980,4894
19222,7981,9571
19222,7981,1274
19222,7981,1136
19222,7981,3897
19222,7981,4064
19222,7981,7758
9484,7982,7586
9484,7982,8160
11306,7983,5915
11306,7983,6860
11306,7983,1411
11306,7983,4488
11521,7984,3874
11521,7984,8960
11521,7984,4728
11521,7984,8768
11521,7984,1459
11521,7984,1963
245,7985,5775
3378,7986,9623
3378,7986,6213
3261,7987,8183
3261,7987,9501
3261,7987,1681
3261,7987,3859
10634,7988,4362
10634,7988,6475
10634,7988,3960
10634,7988,4977
10634,7988,3938
10634,7988,9717
11860,7989,7560
11485,7990,2885
11485,7990,8464
11485,7990,3413
11485,7990,2060
12841,7991,2636
12841,7991,7928
12841,7991,1250
12841,7991,3149
12841,7991,5426
12841,7991,6897
8912,7992,198
8912,7992,84
8912,7992,4887
8912,7992,9825
8912,7992,1399
8912,7992,3296
4356,7993,5019
12537,7994,7235
12537,7994,2355
6935,7995,9315
6935,7995,7152
6935,7995,1867
6935,7995,7945
6935,7995,337
7266,7996,5811
7266,7996,2817
2735,7997,3067
2735,7997,8006
2735,7997,8464
2735,7997,8889
2735,7997,7830
2735,7997,5835
15401,7998,9391
15401,7998,4890
15401,7998,990
15401,7998,4841
15401,7998,1062
2993,7999,8004
2993,7999,9058
2993,7999,7513
2993,7999,8609
2993,7999,4571
810,8000,8105
810,8000,7752
