4497,11001,7259
4497,11001,618
4497,11001,7328
4497,11001,1387
4497,11001,3472
4497,11001,8008
4497,11001,5368
4497,11001,7533
4497,11001,8538
11426,11002,5650
11426,11002,6126
11426,11002,6751
11638,11003,8467
11638,11003,9904
11638,11003,6427
11638,11003,1953
11638,11003,2340
11638,11003,601
11638,11003,4331
11638,11003,5758
11638,11003,8024
14033,11004,9068
14033,11004,4294
14033,11004,4433
14033,11004,1637
206,11005,5897
206,11005,7369
206,11005,3626
206,11005,7810
206,11005,7415
206,11005,2359
765,11006,7399
765,11006,7817
765,11006,7408
765,11006,2284
7841,11007,4024
7841,11007,970
7841,11007,8430
7841,11007,7769
7841,11007,8046
10922,11008,8634
10922,11008,9022
10922,11008,6313
10922,11008,96
10922,11008,2887
10922,11008,6240
10922,11008,9345
10922,11008,9092
6230,11009,3035
1607,11010,6382
1607,11010,2660
1607,11010,6850
1607,11010,6825
1607,11010,7141
1607,11010,2293
1607,11010,7267
7012,11011,8461
7012,11011,829
7012,11011,2557
7012,11011,9122
16550,11012,5475
16550,11012,2288
16550,11012,6876
16550,11012,9428
13136,11013,3805
13136,11013,2481
13136,11013,7610
13136,11013,2631
13136,11013,2273
13136,11013,4376
13136,11013,5733
15762,11014,1959
15762,11014,9588
15762,11014,5380
15762,11014,3383
15762,11014,163
15762,11014,1375
15762,11014,5693
16347,11015,1004
16347,11015,4783
16347,11015,9814
16347,11015,8104
16347,11015,2655
16347,11015,3427
16347,11015,5335
16347,11015,1672
14103,11016,1859
14103,11016,1405
14103,11016,8549
19304,11017,8365
19304,11017,8492
16609,11018,3851
16609,11018,6177
16609,11018,9385
16609,11018,2662
16609,11018,6435
16609,11018,8108
16609,11018,5306
13421,11019,3808
13421,11019,7568
13421,11019,3748
13421,11019,5353
13421,11019,9079
13421,11019,544
13421,11019,2558
13421,11019,6341
11449,11020,6781
11449,11020,6625
11449,11020,4501
11449,11020,4853
16103,11021,9663
16103,11021,1526
16103,11021,5283
8722,11022,5743
8722,11022,586
8722,11022,3075
8722,11022,7808
8722,11022,6589
8722,11022,2
9004,11023,8370
9004,11023,2380
9004,11023,6231
9004,11023,9504
9574,11024,9148
9780,11025,6973
9780,11025,133
9780,11025,7153
9780,11025,9368
9780,11025,9935
9780,11025,1657
9780,11025,3171
9780,11025,8860
10180,11026,2846
10180,11026,4470
10180,11026,4142
10180,11026,3897
10180,11026,8507
10180,11026,9310
10180,11026,8485
10180,11026,259
10180,11026,6164
12197,11027,1176
12197,11027,4475
12197,11027,7189
12197,11027,5126
12197,11027,4336
17611,11028,2422
17611,11028,3396
5410,11029,2147
5410,11029,8124
5410,11029,6293
9523,11030,6401
9523,11030,5620
9523,11030,4491
9523,11030,8369
9523,11030,8716
9523,11030,7633
108,11031,983
108,11031,4252
12797,11032,4709
12797,11032,9041
12797,11032,5111
12797,11032,4702
12797,11032,4242
12797,11032,5100
12797,11032,1065
12797,11032,7560
10383,11033,5246
10383,11033,9356
10383,11033,4978
10383,11033,3618
10383,11033,6
10383,11033,3105
10383,11033,8024
10383,11033,3832
17065,11034,8853
19836,11035,9698
19836,11035,2274
19836,11035,677
19836,11035,1107
19836,11035,3747
19836,11035,3640
19836,11035,1064
8337,11036,6314
8337,11036,6196
8337,11036,723
19152,11037,9494
19152,11037,259
19152,11037,6663
14679,11038,7373
14679,11038,26
14679,11038,1163
14679,11038,4657
6032,11039,5207
6032,11039,4433
16171,11040,1262
16171,11040,675
16171,11040,4189
16171,11040,4053
16171,11040,4677
16171,11040,967
16171,11040,7902
18129,11041,5266
18129,11041,733
18129,11041,8908
18129,11041,9986
18129,11041,1869
18129,11041,1426
18129,11041,3163
7674,11042,1174
7674,11042,3585
7674,11042,2363
7674,11042,7899
7674,11042,5544
7674,11042,9329
9187,11043,9122
9187,11043,5347
9187,11043,7211
9187,11043,5390
9187,11043,4589
9187,11043,1324
9187,11043,2389
9187,11043,3520
9187,11043,3790
12304,11044,6417
12304,11044,8268
12304,11044,4824
12304,11044,338
12304,11044,6350
12304,11044,3657
12304,11044,8566
7910,11045,2507
7910,11045,460
7910,11045,6357
7910,11045,8457
15736,11046,5178
15736,11046,9940
15736,11046,8459
17594,11047,8256
17594,11047,8433
17594,11047,9074
17594,11047,777
17594,11047,844
17594,11047,9404
17594,11047,8178
13268,11048,4502
13268,11048,9106
13268,11048,4920
13268,11048,3124
13268,11048,3809
13268,11048,2175
862,11049,7253
862,11049,6024
862,11049,4215
862,11049,1312
862,11049,8171
862,11049,9379
862,11049,6123
862,11049,9819
17849,11050,7970
17849,11050,5788
17849,11050,6936
14365,11051,5862
14365,11051,2337
14365,11051,3674
14365,11051,8754
14365,11051,169
14365,11051,4475
14365,11051,378
392,11052,9120
392,11052,4730
392,11052,4950
3772,11053,9068
3772,11053,5701
3772,11053,2517
3772,11053,6816
3772,11053,4588
3772,11053,1176
3772,11053,2494
3772,11053,4302
3772,11053,6248
14937,11054,8993
14937,11054,9275
16282,11055,7143
16282,11055,2052
16282,11055,9826
16282,11055,879
16282,11055,759
3868,11056,7584
3868,11056,7575
3868,11056,3656
3868,11056,1300
3868,11056,2828
4205,11057,244
4205,11057,3174
4205,11057,4958
4205,11057,228
4205,11057,9793
4205,11057,1425
4205,11057,6573
4205,11057,2485
136,11058,3899
136,11058,6555
136,11058,82
136,11058,5491
136,11058,1485
136,11058,9368
5081,11059,7765
5081,11059,9527
5081,11059,447
5081,11059,8108
5081,11059,4586
5849,11060,8838
5849,11060,101
5849,11060,9757
5849,11060,4775
5849,11060,1556
1846,11061,3464
1846,11061,9501
1846,11061,6441
1846,11061,8785
1846,11061,9978
9126,11062,7488
9126,11062,2848
9126,11062,2701
9126,11062,1718
9126,11062,3131
9126,11062,7703
9126,11062,2752
1477,11063,7839
1477,11063,300
1477,11063,5959
1477,11063,1165
1477,11063,5977
1477,11063,499
1477,11063,2789
1477,11063,1602
1477,11063,4311
12057,11064,2521
12057,11064,6401
4019,11065,1082
4019,11065,1497
4019,11065,8127
4019,11065,466
4019,11065,3391
7778,11066,1875
7778,11066,2787
7778,11066,5806
7778,11066,2214
7778,11066,3086
7778,11066,7025
7778,11066,6
12032,11067,9865
12032,11067,3959
12032,11067,7676
2131,11068,4955
2131,11068,8795
3162,11069,2952
3162,11069,642
3162,11069,9961
3162,11069,5524
3162,11069,1826
3162,11069,5982
3162,11069,9597
3162,11069,772
16893,11070,9512
16893,11070,2762
3113,11071,3137
3113,11071,9964
1209,11072,8271
1209,11072,9462
1209,11072,4671
1209,11072,647
1209,11072,1290
1209,11072,7822
1209,11072,9864
1209,11072,6245
1209,11072,4647
8522,11073,6147
8522,11073,9444
8522,11073,9788
8522,11073,6714
8522,11073,8475
15874,11074,3381
15874,11074,8502
15874,11074,7144
15874,11074,9796
12080,11075,5047
12080,11075,1032
12080,11075,5360
12080,11075,9308
12080,11075,3288
12080,11075,3782
12080,11075,1010
1149,11076,4809
6621,11077,9634
6621,11077,9944
6621,11077,4079
18249,11078,4733
18249,11078,6740
18249,11078,6713
18249,11078,3135
18249,11078,29
18249,11078,2750
18249,11078,4718
18249,11078,5081
18249,11078,6516
9516,11079,2796
9516,11079,4230
9516,11079,81
13262,11080,8541
10505,11081,5747
10505,11081,2049
10505,11081,4132
10505,11081,1439
10505,11081,6294
10505,11081,86
10505,11081,2711
10505,11081,1602
11661,11082,8590
11661,11082,4359
11661,11082,9110
11661,11082,9971
11661,11082,8151
11661,11082,1785
11661,11082,8176
4614,11083,1519
4614,11083,1784
4614,11083,6024
4614,11083,5499
6293,11084,875
6293,11084,761
6293,11084,2955
5850,11085,1984
5850,11085,180
5850,11085,9367
5850,11085,2466
5850,11085,6403
5850,11085,6861
5768,11086,509
7929,11087,6009
7929,11087,341
7929,11087,5694
7929,11087,1889
7929,11087,4755
9868,11088,7506
9868,11088,4310
9868,11088,481
9868,11088,2096
9555,11089,7460
9555,11089,8527
9555,11089,6498
9555,11089,8349
9555,11089,3499
10775,11090,9259
6579,11091,9785
6579,11091,6413
6579,11091,8284
4676,11092,6901
4676,11092,4881
4676,11092,3269
4676,11092,9963
6924,11093,8849
6924,11093,3593
6924,11093,7605
6924,11093,1397
2364,11094,1447
2364,11094,6017
2364,11094,8144
2364,11094,1271
2364,11094,48
2364,11094,471
2364,11094,7529
11491,11095,9273
5731,11096,1457
5731,11096,7748
5731,11096,3430
5731,11096,60
5731,11096,1076
5731,11096,2658
5731,11096,5379
10853,11097,8743
10853,11097,5167
10853,11097,3354
10853,11097,4269
10853,11097,1806
5314,11098,4906
5314,11098,9500
5314,11098,4362
5314,11098,3212
5314,11098,5637
5314,11098,4656
5314,11098,9798
19754,11099,7486
19754,11099,8859
19754,11099,7879
19754,11099,3466
19754,11099,7131
16949,11100,7566
16949,11100,5581
16949,11100,4964
16949,11100,7364
16949,11100,4662
16949,11100,1615
16949,11100,938
9176,11101,3405
9176,11101,2661
12251,11102,5083
12251,11102,830
12251,11102,553
12268,11103,4927
12268,11103,1956
7140,11104,1625
9727,11105,6961
9727,11105,9919
9727,11105,8990
9727,11105,4541
9727,11105,4193
9727,11105,5059
9727,11105,3765
9727,11105,880
11611,11106,5394
11611,11106,8331
11611,11106,2121
11611,11106,7823
11611,11106,4819
3560,11107,3966
3560,11107,6789
3560,11107,3952
3560,11107,3876
3560,11107,5727
3560,11107,461
6533,11108,8027
6533,11108,4978
6533,11108,7245
6533,11108,6313
2264,11109,2912
13754,11110,5383
13754,11110,4107
13754,11110,6825
14571,11111,552
14571,11111,2128
14571,11111,6655
14571,11111,4936
14571,11111,4203
14571,11111,8966
14571,11111,2381
14571,11111,9085
10843,11112,8548
10843,11112,7722
10843,11112,6811
10843,11112,2488
10843,11112,1833
10843,11112,2338
10843,11112,7778
10843,11112,963
10843,11112,1570
11545,11113,4424
11545,11113,9357
11545,11113,4820
11545,11113,8930
11545,11113,5307
11545,11113,4541
11545,11113,131
5237,11114,1546
5237,11114,1791
5237,11114,1863
5237,11114,3756
5237,11114,8652
5237,11114,9204
5237,11114,9385
5237,11114,5326
5237,11114,7135
12128,11115,3541
12128,11115,2477
12128,11115,3026
12128,11115,6289
12128,11115,9458
12128,11115,5485
12128,11115,7158
12128,11115,4002
12128,11115,778
19963,11116,3609
19963,11116,1126
19963,11116,3921
2110,11117,2729
11509,11118,3841
18650,11119,6671
18650,11119,6210
18650,11119,4602
18650,11119,7431
18650,11119,1594
5439,11120,7986
5402,11121,9892
5402,11121,287
5402,11121,3258
5402,11121,3835
5402,11121,3452
245,11122,7571
245,11122,2114
245,11122,1386
16427,11123,8963
16427,11123,6409
16427,11123,7114
16427,11123,5298
16427,11123,8294
16427,11123,4140
16427,11123,9711
16427,11123,2949
19287,11124,2548
19287,11124,1823
19287,11124,5856
19287,11124,8370
9592,11125,9209
12644,11126,3328
12644,11126,2031
12644,11126,1311
12644,11126,5442
12644,11126,4903
12644,11126,3902
12899,11127,1111
18960,11128,4276
18960,11128,5523
18960,11128,2630
18960,11128,9807
18960,11128,3119
10300,11129,6892
10300,11129,9424
10300,11129,1240
10300,11129,9981
10300,11129,9775
1772,11130,366
1772,11130,9290
1772,11130,7214
1772,11130,8126
15864,11131,1066
15864,11131,9752
15864,11131,2959
15864,11131,7708
15864,11131,8438
16836,11132,7440
16836,11132,6368
16836,11132,3458
16836,11132,2064
16836,11132,1375
19001,11133,7432
19001,11133,3644
19001,11133,854
19001,11133,164
19001,11133,39
19001,11133,6195
19001,11133,6819
19001,11133,6894
19001,11133,7385
7504,11134,486
7504,11134,1201
7504,11134,7031
7504,11134,1361
7504,11134,7800
7504,11134,9213
7504,11134,7289
7504,11134,4838
9752,11135,3352
492,11136,4579
492,11136,3111
492,11136,1284
492,11136,8021
492,11136,5456
492,11136,1243
492,11136,1204
492,11136,5608
492,11136,484
10643,11137,198
10643,11137,4433
10643,11137,7813
10643,11137,3795
16746,11138,8640
16746,11138,2472
16746,11138,2242
16746,11138,1712
16746,11138,4743
16746,11138,2526
16746,11138,3331
16746,11138,3247
7191,11139,9267
7191,11139,2076
7191,11139,9011
7191,11139,2725
7191,11139,4243
7191,11139,3653
7191,11139,958
7191,11139,9544
2509,11140,4170
2509,11140,9146
2509,11140,2217
2509,11140,1311
2509,11140,5988
2509,11140,9074
2509,11140,2087
2509,11140,2334
10118,11141,6258
10118,11141,4146
7378,11142,4943
7378,11142,8497
7378,11142,6305
7378,11142,6612
7378,11142,34
7378,11142,9068
7378,11142,7405
7378,11142,1275
7378,11142,9291
12620,11143,7573
12620,11143,5986
12620,11143,2140
12620,11143,5407
12620,11143,1338
12620,11143,9651
11909,11144,4476
11909,11144,3995
11909,11144,3528
11909,11144,1684
11909,11144,889
11909,11144,8411
14155,11145,2003
14155,11145,6574
14155,11145,5558
14155,11145,6696
14155,11145,2329
3580,11146,7862
3580,11146,1711
3580,11146,319
3580,11146,3255
8287,11147,5619
8287,11147,5529
8287,11147,5115
8287,11147,7477
8287,11147,1674
8287,11147,3667
8287,11147,9931
8287,11147,4716
14031,11148,3791
14031,11148,7503
14031,11148,7812
14031,11148,6111
14031,11148,4900
14031,11148,6305
3667,11149,9365
3667,11149,6146
3667,11149,4586
3667,11149,9407
3667,11149,5808
7184,11150,9238
7184,11150,4610
4842,11151,274
4842,11151,4235
4842,11151,2916
4842,11151,8412
4842,11151,8038
8366,11152,3996
8366,11152,7640
8366,11152,2342
6958,11153,8408
6958,11153,9372
6958,11153,7880
16307,11154,4732
16307,11154,405
16307,11154,9169
16307,11154,918
16307,11154,2625
16307,11154,832
16307,11154,7952
586,11155,3772
586,11155,2449
586,11155,3593
586,11155,9623
586,11155,8689
586,11155,9625
586,11155,9042
586,11155,135
586,11155,7499
16833,11156,8148
12198,11157,6392
12198,11157,3373
12198,11157,1734
12198,11157,2342
3929,11158,4180
3929,11158,4284
3929,11158,779
3929,11158,2669
3929,11158,3721
3929,11158,6693
9681,11159,939
9681,11159,1759
9681,11159,8489
9681,11159,7494
9681,11159,952
9681,11159,5548
9681,11159,1799
9681,11159,4921
18409,11160,3622
18409,11160,7822
18409,11160,2425
18409,11160,8075
18409,11160,9355
18409,11160,1698
18409,11160,1539
18409,11160,7624
18409,11160,8587
19076,11161,8130
19076,11161,8141
19076,11161,2729
19076,11161,2255
19076,11161,6453
19076,11161,3797
12442,11162,9716
12442,11162,7943
18962,11163,9509
18962,11163,1178
18962,11163,2994
18962,11163,5553
18962,11163,2880
18962,11163,4174
12856,11164,2304
12856,11164,1328
12856,11164,7554
12856,11164,6816
12856,11164,8261
12856,11164,8682
12856,11164,4239
7493,11165,3504
7493,11165,65
7493,11165,1124
7493,11165,2749
6700,11166,404
6700,11166,7422
6700,11166,9552
6700,11166,1848
6700,11166,2245
6700,11166,1124
10725,11167,9109
10725,11167,3499
10725,11167,1485
10725,11167,1668
10725,11167,6508
10725,11167,7906
10725,11167,7767
10725,11167,1149
10725,11167,3660
6421,11168,9577
6421,11168,1856
17322,11169,8224
17322,11169,2676
8321,11170,6768
8321,11170,3867
8321,11170,6854
8321,11170,4304
8321,11170,9802
8321,11170,6572
8321,11170,1173
8321,11170,1451
8321,11170,5905
5240,11171,3812
5240,11171,2683
5240,11171,1913
5240,11171,648
5240,11171,9916
5240,11171,8993
5240,11171,2089
12785,11172,4355
12785,11172,4918
12785,11172,535
12785,11172,6277
12785,11172,9675
3282,11173,1831
3282,11173,9359
3282,11173,8386
16602,11174,2083
16602,11174,5782
16602,11174,5903
16602,11174,2712
16602,11174,49
16602,11174,5784
16602,11174,3998
16602,11174,7022
16602,11174,9786
10047,11175,2944
10047,11175,887
10047,11175,8315
10047,11175,9630
10047,11175,1765
10047,11175,5246
10047,11175,9209
3841,11176,9550
3841,11176,7806
3841,11176,9249
3841,11176,7220
3841,11176,908
3841,11176,4058
3841,11176,9676
1125,11177,2392
1125,11177,2216
1125,11177,9674
1125,11177,1702
1125,11177,8610
1125,11177,802
704,11178,3900
704,11178,8733
704,11178,5487
704,11178,3651
6652,11179,3888
6652,11179,4143
6652,11179,2838
6652,11179,436
6652,11179,3820
6652,11179,1392
6652,11179,1014
14226,11180,1019
14226,11180,6099
14226,11180,7564
14226,11180,9391
14226,11180,1129
14226,11180,4540
14226,11180,6550
14226,11180,2551
14226,11180,4708
10285,11181,7279
16584,11182,5405
16584,11182,5392
16584,11182,473
16584,11182,6174
16584,11182,3076
16584,11182,9250
7580,11183,2218
13850,11184,2067
13850,11184,9616
13850,11184,7006
13850,11184,7638
13850,11184,8661
13850,11184,2517
13850,11184,9466
13850,11184,5543
17236,11185,2822
9402,11186,9130
9402,11186,3207
9402,11186,7093
9402,11186,6663
9402,11186,4619
9402,11186,9624
16568,11187,2336
16568,11187,7661
16568,11187,403
16568,11187,6497
16568,11187,8960
6048,11188,9306
6048,11188,2260
6048,11188,2097
6048,11188,7786
4810,11189,4661
4810,11189,3967
4810,11189,9255
4810,11189,4724
4810,11189,4181
4810,11189,5601
9120,11190,7584
9120,11190,7900
9120,11190,7163
9120,11190,9402
14376,11191,9593
14376,11191,1254
14376,11191,5027
14376,11191,4213
14376,11191,1522
14376,11191,1196
13592,11192,1356
17880,11193,5830
17880,11193,2839
17880,11193,6812
9659,11194,5274
9659,11194,6265
955,11195,9414
955,11195,1618
955,11195,2573
955,11195,4267
955,11195,4373
955,11195,2868
17395,11196,3929
17395,11196,6912
17395,11196,3956
17395,11196,8358
17395,11196,4006
16797,11197,4314
16797,11197,9887
16797,11197,7989
16797,11197,3929
16603,11198,3064
16603,11198,7953
16603,11198,7586
16603,11198,4505
16603,11198,8228
16603,11198,9331
16603,11198,7690
16603,11198,1209
16603,11198,1734
12094,11199,1978
12094,11199,3676
127,11200,9320
127,11200,5388
127,11200,2650
14309,11201,5615
14309,11201,3967
14309,11201,137
14309,11201,524
14309,11201,1484
14309,11201,7918
14309,11201,3069
13489,11202,6808
13489,11202,4544
19861,11203,2904
19861,11203,7083
19861,11203,9933
19861,11203,7177
19861,11203,6002
19861,11203,9075
19861,11203,9184
19861,11203,8379
19861,11203,2864
7958,11204,6158
7958,11204,2806
7958,11204,1126
9050,11205,7077
9050,11205,3911
9050,11205,9791
9050,11205,910
19969,11206,543
19969,11206,4686
19969,11206,2145
19969,11206,7386
19969,11206,4480
19969,11206,5336
19969,11206,4245
9751,11207,8411
9751,11207,4475
9751,11207,5072
9751,11207,3409
9751,11207,58
9751,11207,5965
9751,11207,9394
8159,11208,5762
8159,11208,5554
8159,11208,842
8159,11208,7525
8159,11208,7350
16669,11209,6397
16669,11209,694
16669,11209,1014
16669,11209,7449
16669,11209,5911
16669,11209,3448
16669,11209,9921
16669,11209,9384
10291,11210,5386
10291,11210,8180
10291,11210,3061
10291,11210,7804
10291,11210,3863
10291,11210,1395
10291,11210,6826
15678,11211,8910
15678,11211,2589
15678,11211,7405
15678,11211,8878
15678,11211,2343
15678,11211,1934
15678,11211,7907
15678,11211,7451
15678,11211,230
16068,11212,8112
16068,11212,5737
16068,11212,7015
16068,11212,2776
16068,11212,6640
18456,11213,1737
18456,11213,9498
18456,11213,3535
2883,11214,7527
18283,11215,4619
18283,11215,9978
18283,11215,62
18283,11215,7819
18283,11215,196
11000,11216,8210
11000,11216,1484
11000,11216,9502
11000,11216,9139
11000,11216,6460
11000,11216,4063
11000,11216,6870
11000,11216,3128
15491,11217,8101
11838,11218,377
11838,11218,3294
11838,11218,4995
11838,11218,9484
11838,11218,9210
11838,11218,1496
11838,11218,2042
11838,11218,6238
6214,11219,6991
6214,11219,2814
6214,11219,2919
6214,11219,5071
6214,11219,6832
14417,11220,1271
14417,11220,3108
4634,11221,666
4634,11221,4332
4634,11221,7884
4634,11221,10
4634,11221,1341
4634,11221,1878
9591,11222,5312
9591,11222,5050
9591,11222,9107
9591,11222,5227
9591,11222,6863
9591,11222,1132
9591,11222,650
9591,11222,8121
4905,11223,8725
130,11224,4219
130,11224,6772
4166,11225,5705
4166,11225,9804
13332,11226,8410
13332,11226,2668
10635,11227,5851
10635,11227,7673
10635,11227,7772
10635,11227,7925
10635,11227,1125
10635,11227,1275
10635,11227,6779
10635,11227,8766
10635,11227,2747
6826,11228,5211
6826,11228,2592
6826,11228,174
18311,11229,6863
18311,11229,4996
18311,11229,3839
18311,11229,6624
18311,11229,7617
18311,11229,2384
18311,11229,355
18311,11229,6879
18311,11229,9718
9904,11230,8596
9904,11230,9604
5598,11231,1846
5598,11231,3590
5598,11231,9420
12088,11232,3942
12088,11232,1772
12088,11232,5922
12088,11232,7398
12088,11232,8944
12088,11232,591
12088,11232,5636
10478,11233,8038
10478,11233,9513
10478,11233,665
10478,11233,6724
10478,11233,531
10478,11233,6129
10478,11233,3861
11265,11234,4284
11265,11234,9256
11265,11234,5674
11265,11234,5142
5241,11235,9483
5241,11235,2866
5241,11235,4469
5241,11235,2098
5241,11235,3616
5241,11235,7676
5241,11235,5549
6486,11236,6859
6486,11236,5942
6486,11236,4679
6486,11236,5960
9984,11237,1979
9984,11237,4060
9984,11237,919
9984,11237,8376
9984,11237,9721
9984,11237,5645
9984,11237,1735
9984,11237,8933
9984,11237,4436
2589,11238,7409
2589,11238,3285
12419,11239,5683
12419,11239,6418
12419,11239,5183
12419,11239,8270
12419,11239,353
11993,11240,7190
11993,11240,8832
11993,11240,421
11993,11240,2920
11993,11240,6228
11993,11240,207
11993,11240,3696
4110,11241,2394
4110,11241,1145
18828,11242,7404
5580,11243,7109
5580,11243,5669
5580,11243,7355
5580,11243,5504
11419,11244,7969
11419,11244,4665
11419,11244,217
2723,11245,775
2723,11245,9258
2723,11245,2450
2723,11245,969
2723,11245,157
2723,11245,9212
2723,11245,5607
2723,11245,4413
6654,11246,5937
6654,11246,2055
6654,11246,9510
14804,11247,5802
14804,11247,8062
14804,11247,2587
7110,11248,1633
7110,11248,7152
3128,11249,4891
3128,11249,6091
3128,11249,9955
18929,11250,6867
18929,11250,1382
18929,11250,8457
18929,11250,7726
18929,11250,9955
18929,11250,4598
18929,11250,224
18929,11250,3017
18929,11250,3469
3633,11251,6984
3633,11251,4657
3633,11251,2806
3633,11251,6403
6537,11252,5936
6537,11252,6000
6537,11252,6771
6537,11252,2558
6537,11252,2834
6537,11252,7598
2132,11253,2883
2132,11253,2927
2132,11253,4799
2132,11253,6804
2132,11253,3670
2132,11253,827
2132,11253,6474
2132,11253,5400
2132,11253,3827
1195,11254,1966
1195,11254,1411
1195,11254,6035
1195,11254,630
1195,11254,665
1195,11254,7742
1195,11254,3377
1195,11254,1175
9687,11255,3687
18172,11256,485
18172,11256,3492
18172,11256,6968
16755,11257,9946
16755,11257,1658
16755,11257,9161
16755,11257,4201
10750,11258,219
10750,11258,3055
4247,11259,5018
4247,11259,6569
4247,11259,1310
4247,11259,3967
4247,11259,1913
4247,11259,3384
4247,11259,4637
4247,11259,2468
13336,11260,2043
13336,11260,8464
13336,11260,5154
13336,11260,6166
13336,11260,3642
13336,11260,9345
11825,11261,9448
11825,11261,3270
11825,11261,124
11825,11261,3218
11370,11262,2353
11370,11262,2515
11370,11262,3945
11370,11262,6656
11370,11262,2498
11370,11262,213
19114,11263,5470
19114,11263,8547
19114,11263,3106
19114,11263,6277
19114,11263,8470
330,11264,6300
330,11264,1442
330,11264,1927
330,11264,9794
330,11264,4484
330,11264,1402
6756,11265,7984
6756,11265,5198
6756,11265,4640
1832,11266,411
1832,11266,6982
1832,11266,6070
1832,11266,3122
1832,11266,2096
1832,11266,2897
1832,11266,3631
10065,11267,8410
10065,11267,5837
10065,11267,6052
1381,11268,1607
1381,11268,8087
10137,11269,8349
10137,11269,3971
10137,11269,5778
10137,11269,2333
10137,11269,4247
10137,11269,4441
5701,11270,9244
5701,11270,5990
5701,11270,9394
5701,11270,3439
5701,11270,6195
13168,11271,3044
14028,11272,3881
14028,11272,6539
14028,11272,4230
14028,11272,4450
14028,11272,3829
14028,11272,8305
14028,11272,5804
10393,11273,6196
10393,11273,205
10393,11273,2399
10393,11273,9837
10393,11273,1741
10393,11273,2456
10393,11273,8320
10393,11273,4846
18150,11274,2424
18150,11274,6012
18150,11274,2739
18150,11274,5022
18150,11274,7012
18150,11274,6658
18150,11274,456
18150,11274,2420
18150,11274,3661
10801,11275,2527
14743,11276,6447
14743,11276,461
12945,11277,8288
12945,11277,2842
12945,11277,9260
12945,11277,8506
12945,11277,6362
44,11278,5422
15897,11279,5320
15897,11279,254
15897,11279,7474
15897,11279,636
15897,11279,7187
15897,11279,4461
15897,11279,4851
15897,11279,773
18557,11280,204
18557,11280,3186
18557,11280,7261
17756,11281,7582
17756,11281,3418
17756,11281,3641
17756,11281,8549
17756,11281,489
17756,11281,4508
17756,11281,1210
17756,11281,2252
18106,11282,2217
18106,11282,3689
18106,11282,4850
18106,11282,4009
18106,11282,9828
18106,11282,3265
18106,11282,2439
12158,11283,355
12158,11283,9529
12158,11283,3011
12158,11283,4221
15378,11284,4983
15378,11284,5443
15378,11284,1933
15378,11284,9622
18899,11285,6859
18899,11285,5100
18899,11285,5021
18899,11285,5898
18899,11285,734
18899,11285,238
18899,11285,6164
18899,11285,9006
6641,11286,9852
6641,11286,5802
6641,11286,8598
6641,11286,7724
6641,11286,4872
6641,11286,2169
6641,11286,3169
16379,11287,3565
16379,11287,5158
16379,11287,4419
16379,11287,8260
16379,11287,205
16379,11287,6745
16379,11287,7537
16379,11287,1373
16379,11287,8379
12204,11288,330
12204,11288,5364
12204,11288,3157
12204,11288,1687
10502,11289,9053
10502,11289,5409
10502,11289,1614
10502,11289,7720
10514,11290,8595
14711,11291,988
14711,11291,9634
14711,11291,3261
14711,11291,5549
8956,11292,8565
8956,11292,7849
8956,11292,6564
8956,11292,9586
8956,11292,7821
8956,11292,9541
8956,11292,8319
8956,11292,6107
8956,11292,5490
12954,11293,2828
12954,11293,4510
794,11294,56
794,11294,2960
794,11294,5391
794,11294,7368
10377,11295,7963
10377,11295,1482
10377,11295,9903
10377,11295,9609
9822,11296,3474
9822,11296,4652
9822,11296,8616
9822,11296,693
9822,11296,8924
9822,11296,6576
7886,11297,9131
7886,11297,329
7886,11297,4092
7886,11297,1162
7886,11297,8781
7886,11297,5984
7886,11297,5681
18310,11298,6139
18310,11298,661
18310,11298,5197
3543,11299,5714
3543,11299,642
3543,11299,5720
3543,11299,1938
6199,11300,3870
6199,11300,3790
4586,11301,5448
4586,11301,3916
4586,11301,1675
4586,11301,5692
4586,11301,884
4586,11301,5818
4586,11301,2778
16994,11302,8308
16994,11302,6479
16994,11302,1771
16994,11302,1901
2763,11303,8772
2763,11303,3445
2763,11303,9408
2763,11303,1800
2763,11303,7278
2763,11303,4689
2763,11303,9280
2763,11303,9555
13968,11304,7193
13968,11304,6384
13968,11304,926
13968,11304,4523
4748,11305,5674
4748,11305,1124
4748,11305,7989
4748,11305,180
4748,11305,5606
4748,11305,8363
4748,11305,2336
4748,11305,5605
19409,11306,283
19409,11306,1056
11157,11307,7953
11157,11307,5339
11157,11307,4325
11157,11307,8706
11157,11307,9386
11157,11307,7580
11157,11307,3755
12180,11308,4389
12180,11308,5184
12180,11308,851
12180,11308,5911
12180,11308,6674
17407,11309,159
17407,11309,9063
17407,11309,1850
17407,11309,6796
17407,11309,6655
818,11310,6499
818,11310,1579
818,11310,2933
818,11310,7846
818,11310,2228
818,11310,5690
6350,11311,8612
6350,11311,2340
6350,11311,2244
6350,11311,5443
6350,11311,5425
6350,11311,3414
6350,11311,2505
18007,11312,9891
18007,11312,6090
18007,11312,4619
18007,11312,1492
18007,11312,7217
18007,11312,3483
18007,11312,5347
18007,11312,2582
18007,11312,9769
10421,11313,7307
10421,11313,8951
10421,11313,1008
10421,11313,8815
10421,11313,6028
10421,11313,9748
10421,11313,6441
15863,11314,6326
15863,11314,2470
15863,11314,252
15863,11314,9358
15863,11314,9877
15863,11314,5230
15863,11314,8535
14969,11315,4184
14969,11315,937
1367,11316,5049
1367,11316,4237
1367,11316,411
1367,11316,7880
1367,11316,2234
1367,11316,7931
15614,11317,1547
15614,11317,5917
15614,11317,8844
15614,11317,4590
11052,11318,6209
11052,11318,5596
11052,11318,8328
11052,11318,981
11052,11318,395
11052,11318,1618
11052,11318,6993
11052,11318,4221
11052,11318,7356
17805,11319,1467
17805,11319,2703
17805,11319,278
17805,11319,1582
15582,11320,9049
15582,11320,6846
15582,11320,6149
15582,11320,8890
15582,11320,9870
15582,11320,7315
15582,11320,1025
19096,11321,3988
19096,11321,6792
19096,11321,1095
19096,11321,8817
19096,11321,585
19096,11321,467
19096,11321,7247
19096,11321,7078
19096,11321,9545
16869,11322,4316
16869,11322,5291
12853,11323,5969
12853,11323,1586
12853,11323,5566
12853,11323,9828
12853,11323,5356
12853,11323,4617
3726,11324,5955
3726,11324,382
3726,11324,3316
3726,11324,8487
3726,11324,9680
3726,11324,2973
3726,11324,204
12343,11325,8931
17516,11326,9170
17516,11326,4646
17516,11326,3165
17516,11326,6406
17516,11326,4865
17516,11326,6404
17516,11326,8161
17516,11326,5813
17570,11327,6646
17570,11327,5041
17570,11327,483
17570,11327,5685
17570,11327,2730
17570,11327,2773
17570,11327,3671
17570,11327,1148
15106,11328,4340
15106,11328,446
15106,11328,7247
11827,11329,4783
19648,11330,3795
13049,11331,8424
13049,11331,5151
13049,11331,3629
13049,11331,7124
13049,11331,4816
13049,11331,1939
13049,11331,3964
8606,11332,5136
8606,11332,8249
8606,11332,9705
8606,11332,6677
8606,11332,4073
8606,11332,24
16893,11333,8018
16893,11333,7075
16893,11333,7202
16893,11333,6605
16893,11333,7150
17336,11334,5229
17336,11334,3304
17336,11334,5672
17336,11334,6795
1736,11335,8064
1736,11335,4978
1736,11335,7883
1736,11335,9674
1736,11335,8136
1736,11335,6847
7992,11336,2664
7992,11336,7762
7992,11336,188
7992,11336,1369
16327,11337,9031
14189,11338,9149
14189,11338,5084
6440,11339,7961
6440,11339,9236
6440,11339,6051
6440,11339,3450
6440,11339,9791
2318,11340,9322
2318,11340,9533
2318,11340,9899
2318,11340,5447
2318,11340,8735
2318,11340,8891
2318,11340,3418
2318,11340,7038
2318,11340,2524
3518,11341,3658
3518,11341,690
3518,11341,5355
3518,11341,4608
3518,11341,4520
3518,11341,2555
3518,11341,2283
15458,11342,2325
15458,11342,3249
15458,11342,4081
15458,11342,4857
15458,11342,5285
15458,11342,8363
15458,11342,2561
15458,11342,5270
15458,11342,5470
155,11343,4007
155,11343,7389
155,11343,483
155,11343,4018
12684,11344,2084
13881,11345,2624
13881,11345,9887
13881,11345,6254
13881,11345,8434
13881,11345,5780
13881,11345,1800
11613,11346,2096
11613,11346,6061
11613,11346,8156
11613,11346,2455
11613,11346,4341
11613,11346,2608
11613,11346,1479
11613,11346,1726
3225,11347,6768
3225,11347,687
3225,11347,4970
3225,11347,3802
3225,11347,8293
3225,11347,3532
3225,11347,2853
3225,11347,6501
3225,11347,3168
15017,11348,2900
15017,11348,5435
15017,11348,9073
15017,11348,6237
15017,11348,7109
15017,11348,6076
15017,11348,5553
18709,11349,2440
18709,11349,8962
18709,11349,9724
18709,11349,6301
18709,11349,4417
18709,11349,400
18709,11349,7608
18709,11349,2880
3903,11350,309
3903,11350,7166
3903,11350,6090
3903,11350,7429
8060,11351,4162
8060,11351,9804
8060,11351,9367
8060,11351,6778
8060,11351,6755
8723,11352,7404
8723,11352,6524
8723,11352,2561
8723,11352,6885
8723,11352,3216
1290,11353,4675
1290,11353,9027
1290,11353,8193
1290,11353,2723
1290,11353,4935
3378,11354,6050
3378,11354,7607
3378,11354,5552
16224,11355,7838
16224,11355,1901
16224,11355,4822
16224,11355,4796
16224,11355,5531
16224,11355,8334
16224,11355,2652
16224,11355,1283
16224,11355,555
14461,11356,4382
14461,11356,8778
14461,11356,7397
14461,11356,8045
14461,11356,9748
3295,11357,2891
3295,11357,6853
3295,11357,4782
3295,11357,2145
3295,11357,6241
3295,11357,5020
3295,11357,6052
3424,11358,4979
3424,11358,8340
3424,11358,9217
3424,11358,732
3424,11358,2268
3424,11358,612
3424,11358,623
3424,11358,9391
8343,11359,1605
8343,11359,7495
8343,11359,5697
8343,11359,918
1072,11360,8932
16298,11361,7113
16298,11361,6609
16298,11361,3552
16298,11361,1226
6299,11362,7218
6299,11362,6268
6299,11362,5341
6299,11362,8259
6299,11362,1686
6299,11362,6794
6299,11362,3754
12730,11363,9708
12730,11363,4256
12730,11363,8710
12730,11363,3547
12730,11363,750
12730,11363,3085
12730,11363,5618
12730,11363,6580
12730,11363,5015
6546,11364,6791
6546,11364,5348
6546,11364,696
6546,11364,6909
6546,11364,765
10041,11365,2828
10041,11365,4201
10041,11365,4729
10041,11365,1439
16035,11366,9937
16035,11366,5875
16035,11366,1613
13921,11367,8590
13921,11367,8348
13921,11367,6733
13921,11367,4375
14403,11368,778
14403,11368,9653
14403,11368,1218
6896,11369,9528
2280,11370,8101
2280,11370,5147
6989,11371,7397
6989,11371,8104
6989,11371,7620
6989,11371,7932
6989,11371,5117
6989,11371,615
6989,11371,4825
6989,11371,9782
18617,11372,449
18617,11372,670
18617,11372,352
18617,11372,5239
18617,11372,9311
18617,11372,496
18617,11372,1702
18617,11372,2271
18617,11372,2845
15922,11373,4294
15922,11373,9181
15922,11373,7276
15922,11373,3384
15922,11373,9501
15922,11373,6420
15922,11373,2381
15922,11373,5988
10597,11374,2006
10597,11374,7924
10597,11374,9926
10597,11374,4478
10597,11374,8729
10597,11374,5978
10597,11374,4873
10597,11374,7098
10597,11374,5357
9716,11375,5029
9716,11375,2997
9716,11375,4315
9716,11375,6314
9716,11375,1150
9716,11375,3822
7494,11376,1391
7494,11376,9335
7494,11376,1592
7494,11376,2527
7494,11376,6356
7494,11376,9172
7494,11376,2741
15538,11377,8785
15538,11377,7208
15538,11377,7711
15538,11377,3418
15538,11377,7431
14544,11378,5842
14544,11378,4038
14544,11378,6627
14544,11378,6123
14544,11378,4447
14544,11378,9143
14544,11378,8779
17916,11379,3452
17916,11379,8839
17916,11379,2477
17916,11379,2694
15945,11380,4642
15945,11380,3772
797,11381,3381
797,11381,1869
797,11381,6877
797,11381,4053
797,11381,9605
797,11381,5573
8824,11382,6669
8824,11382,7466
8824,11382,4885
8824,11382,6290
8824,11382,7664
8824,11382,8206
8824,11382,460
7681,11383,6364
7681,11383,7206
7681,11383,1848
7681,11383,1380
7681,11383,9867
7681,11383,1833
17002,11384,3438
17002,11384,6131
7588,11385,1910
7588,11385,7060
7588,11385,4089
7588,11385,3158
727,11386,7174
727,11386,9482
2628,11387,9815
2628,11387,4218
2628,11387,8002
6816,11388,7019
6816,11388,3016
6816,11388,2651
11618,11389,6172
11618,11389,6550
11618,11389,669
11618,11389,387
11618,11389,7345
14318,11390,411
14318,11390,6675
14318,11390,5042
14318,11390,6157
14318,11390,6869
14318,11390,6140
831,11391,4905
831,11391,2252
831,11391,4846
831,11391,7485
9658,11392,1988
9658,11392,733
9658,11392,2010
9658,11392,5788
3888,11393,1116
3888,11393,4613
3888,11393,5667
3888,11393,1221
3888,11393,1441
12574,11394,1519
12574,11394,4338
12574,11394,3097
12574,11394,8637
12574,11394,8724
12574,11394,1237
12574,11394,7697
12574,11394,6455
12574,11394,4553
18331,11395,9106
18331,11395,8297
18331,11395,9654
18331,11395,6834
18331,11395,9831
18331,11395,4736
18331,11395,6614
10501,11396,5897
10501,11396,3727
10501,11396,2359
10501,11396,402
10501,11396,7751
10501,11396,6078
10501,11396,188
10501,11396,8893
10501,11396,5730
5125,11397,915
5125,11397,2804
5125,11397,7161
5125,11397,2779
5125,11397,2513
5125,11397,1722
5125,11397,2268
5125,11397,6420
8341,11398,6882
8341,11398,2252
8341,11398,3802
8341,11398,4321
8341,11398,544
8341,11398,1243
8341,11398,8239
10799,11399,4222
10799,11399,438
5411,11400,5375
5411,11400,6683
5411,11400,8083
669,11401,8316
669,11401,2230
669,11401,2570
669,11401,316
669,11401,7518
669,11401,6208
669,11401,1065
669,11401,4714
669,11401,6373
12790,11402,7409
12790,11402,86
12790,11402,3566
12790,11402,5827
12790,11402,5531
12790,11402,6562
12790,11402,3000
12790,11402,1233
12790,11402,9940
12295,11403,6577
12295,11403,5183
12295,11403,9130
12295,11403,9344
13505,11404,2245
13505,11404,4965
13505,11404,8919
13505,11404,2212
13505,11404,8257
13505,11404,4612
13505,11404,8527
13505,11404,8240
13505,11404,699
14550,11405,224
19135,11406,6320
19135,11406,7424
19135,11406,216
19135,11406,6635
19135,11406,2884
19135,11406,4615
19135,11406,4057
19135,11406,629
17736,11407,717
17736,11407,1750
17736,11407,8553
17736,11407,191
17736,11407,1541
15720,11408,6424
15720,11408,6126
15720,11408,5492
15720,11408,1905
11923,11409,8545
4539,11410,817
18739,11411,7317
18739,11411,3384
19051,11412,5883
19051,11412,185
19051,11412,2502
19051,11412,1479
19051,11412,8050
19051,11412,3428
19051,11412,3916
2993,11413,826
2993,11413,9049
2993,11413,6129
2993,11413,4971
2993,11413,9996
2993,11413,9038
2993,11413,2799
2993,11413,857
2993,11413,6294
15545,11414,8582
15545,11414,9716
15545,11414,2510
11891,11415,632
11891,11415,6947
11891,11415,3673
11891,11415,6272
11891,11415,7590
777,11416,3372
777,11416,5247
2512,11417,693
2512,11417,5374
2512,11417,9860
16235,11418,5425
16235,11418,6539
16235,11418,3051
16235,11418,2767
16235,11418,8120
16235,11418,1028
16235,11418,5688
16235,11418,4871
16235,11418,2843
8816,11419,5689
8816,11419,6085
8816,11419,6781
1935,11420,2101
1935,11420,8188
1935,11420,4361
1935,11420,5790
1935,11420,4753
1935,11420,830
1935,11420,1218
1935,11420,1374
1935,11420,4865
13810,11421,4319
13810,11421,9705
13810,11421,7763
13810,11421,2067
8334,11422,9317
10214,11423,1925
10214,11423,6792
10214,11423,7694
10214,11423,7203
10214,11423,1729
10214,11423,9463
7562,11424,4881
7562,11424,2902
7562,11424,1241
7562,11424,1114
7562,11424,6007
7562,11424,4249
7562,11424,5537
7562,11424,3959
7562,11424,7408
10202,11425,7659
10202,11425,3478
10202,11425,8820
10202,11425,902
10202,11425,2838
10202,11425,7992
10202,11425,2728
10202,11425,1099
14211,11426,4712
14211,11426,4457
14211,11426,7270
14211,11426,9422
14211,11426,6966
14211,11426,5680
14211,11426,8982
14211,11426,1745
14211,11426,2463
10599,11427,1038
10599,11427,4548
10599,11427,4996
10599,11427,9242
10599,11427,8387
5687,11428,4708
5687,11428,4219
5687,11428,382
5687,11428,6298
5687,11428,9056
5687,11428,7165
8979,11429,9806
8979,11429,270
8979,11429,9991
8979,11429,3696
8979,11429,4532
8979,11429,3186
8979,11429,4926
8979,11429,9952
8979,11429,7855
16473,11430,7600
16473,11430,5646
16473,11430,4640
16473,11430,9254
16473,11430,5448
16473,11430,9312
16473,11430,3412
14214,11431,9189
14214,11431,9122
14214,11431,7530
14214,11431,3747
14214,11431,3242
14618,11432,432
14618,11432,5984
10475,11433,4297
15416,11434,4815
15416,11434,2298
15416,11434,5396
15416,11434,8117
15416,11434,492
15416,11434,8309
15416,11434,6917
19146,11435,7876
19146,11435,6544
6144,11436,8911
6144,11436,6373
6144,11436,5178
6144,11436,7727
6144,11436,5191
6144,11436,8894
6144,11436,6047
6144,11436,5170
4173,11437,1660
4173,11437,5633
4173,11437,8562
4173,11437,2045
9278,11438,3034
9278,11438,8211
9278,11438,9157
9278,11438,5687
9161,11439,3966
9161,11439,9462
9161,11439,4910
9161,11439,1243
9161,11439,5174
7471,11440,6666
7471,11440,2787
7471,11440,8460
7471,11440,6231
7471,11440,4031
7471,11440,2609
7471,11440,9733
7471,11440,4297
16525,11441,5346
16525,11441,1980
16525,11441,1687
16525,11441,3464
16525,11441,889
16525,11441,5937
17447,11442,4543
17447,11442,1947
17447,11442,7433
17447,11442,8291
17447,11442,6223
5996,11443,9234
5996,11443,9878
5996,11443,2784
5996,11443,8368
5996,11443,9353
10580,11444,4013
10580,11444,855
10580,11444,4673
10580,11444,7130
10580,11444,7356
10580,11444,9271
7644,11445,8582
7644,11445,5053
7644,11445,7024
7644,11445,24
7644,11445,4084
7644,11445,4647
7644,11445,4667
7644,11445,8426
18562,11446,2082
18562,11446,861
18562,11446,9784
18562,11446,3015
18562,11446,3954
18562,11446,6649
18562,11446,5401
18562,11446,995
2038,11447,396
2038,11447,6468
2038,11447,3918
2038,11447,3742
1953,11448,5341
1953,11448,5692
1953,11448,7748
1953,11448,2916
1953,11448,8297
1953,11448,4236
10461,11449,6250
13291,11450,1708
10899,11451,6426
10899,11451,6212
10899,11451,2685
10899,11451,6890
10899,11451,609
10899,11451,2133
10899,11451,9369
10899,11451,2603
10899,11451,1599
15695,11452,4493
15695,11452,6749
15695,11452,9368
15695,11452,1650
15695,11452,2488
15695,11452,2751
10871,11453,5868
10871,11453,6533
10871,11453,115
10871,11453,4368
10871,11453,6535
10871,11453,1440
10871,11453,3813
16610,11454,4506
12309,11455,4229
12309,11455,4294
12309,11455,8387
12309,11455,797
12309,11455,6104
12309,11455,2254
13241,11456,2586
13241,11456,7736
13241,11456,4474
13241,11456,4704
13241,11456,2140
13241,11456,147
13241,11456,5363
13241,11456,842
13241,11456,3299
3372,11457,5940
3372,11457,1785
3372,11457,2351
3372,11457,4813
3372,11457,4781
5032,11458,4079
5032,11458,3762
5032,11458,7708
5032,11458,1466
5032,11458,4255
5032,11458,2661
12640,11459,776
12640,11459,3602
12640,11459,3371
12640,11459,7576
12640,11459,7240
12640,11459,5583
12640,11459,4873
17903,11460,5170
17903,11460,2705
17903,11460,8657
17903,11460,8941
17903,11460,4514
17903,11460,7637
17903,11460,3852
17903,11460,8931
4604,11461,486
4604,11461,904
4604,11461,9547
4604,11461,5447
4604,11461,4727
4604,11461,3380
4604,11461,8912
4604,11461,6531
10943,11462,1854
10943,11462,1309
10943,11462,4932
10943,11462,3158
10943,11462,2542
10943,11462,4451
10943,11462,7210
13513,11463,1339
13513,11463,7867
13513,11463,5752
13513,11463,803
13513,11463,4345
6457,11464,9749
6457,11464,5312
6457,11464,2952
6457,11464,585
6457,11464,5034
6457,11464,8520
6457,11464,389
6457,11464,9000
6457,11464,2155
42,11465,6799
42,11465,5408
42,11465,9707
2218,11466,3821
2218,11466,8801
2218,11466,6549
2218,11466,2265
1568,11467,8398
1568,11467,6325
1568,11467,3165
1568,11467,574
1568,11467,6823
4460,11468,5391
4460,11468,4897
4460,11468,7005
4460,11468,6239
5575,11469,4370
5575,11469,8538
5575,11469,4414
5575,11469,1023
5575,11469,7488
5575,11469,4435
5575,11469,2410
12982,11470,279
12982,11470,6832
12982,11470,7037
12982,11470,3893
18765,11471,7136
18765,11471,4436
18765,11471,8629
18765,11471,2609
18765,11471,9587
8044,11472,5279
8044,11472,2738
8044,11472,7538
8044,11472,7644
8044,11472,8192
8044,11472,8206
15691,11473,2674
15691,11473,4450
15691,11473,4277
15691,11473,5959
11091,11474,9567
11091,11474,2813
11091,11474,8730
11091,11474,3612
11091,11474,8567
11091,11474,637
17685,11475,6688
17685,11475,7907
17685,11475,8913
17685,11475,6471
4858,11476,7975
4858,11476,4728
4858,11476,2194
4858,11476,2387
4858,11476,3091
4858,11476,7192
4858,11476,7254
4858,11476,8416
14517,11477,7568
14517,11477,2719
14517,11477,7342
14517,11477,9669
19483,11478,6797
19483,11478,7134
19483,11478,3204
19483,11478,9914
19483,11478,5519
19483,11478,7951
19483,11478,4934
19483,11478,5960
19483,11478,3625
2385,11479,7672
2385,11479,6869
2385,11479,8139
2385,11479,7082
2385,11479,8079
2385,11479,4738
2385,11479,2868
5563,11480,9887
9639,11481,6423
9639,11481,2019
9639,11481,3369
9639,11481,9063
9639,11481,5406
9639,11481,8380
9639,11481,4418
9639,11481,2620
9639,11481,9339
4413,11482,4988
4413,11482,2688
4413,11482,1718
539,11483,2446
539,11483,7498
539,11483,6748
539,11483,6854
539,11483,2492
539,11483,5698
16633,11484,5674
1942,11485,504
1942,11485,2100
1942,11485,7944
1942,11485,2490
1942,11485,7907
1942,11485,9338
1942,11485,749
15203,11486,2835
15203,11486,1366
15203,11486,2251
15203,11486,3561
15203,11486,7881
14859,11487,9666
14859,11487,1619
14859,11487,6919
14859,11487,241
14859,11487,9044
14859,11487,230
14859,11487,5662
14859,11487,7393
14859,11487,6653
16036,11488,8788
13336,11489,4098
13336,11489,6301
13336,11489,1268
13336,11489,1372
13336,11489,2028
13336,11489,3011
13336,11489,1190
13701,11490,749
13701,11490,8482
13701,11490,106
13701,11490,8666
13701,11490,9553
13701,11490,5561
13701,11490,3577
13701,11490,8810
155,11491,8263
155,11491,6404
155,11491,895
155,11491,4514
155,11491,4444
10385,11492,3775
10385,11492,731
10385,11492,1037
10385,11492,9114
10385,11492,2951
10385,11492,6255
10385,11492,2568
10385,11492,1837
200,11493,1374
11775,11494,5838
11775,11494,8101
11775,11494,1345
4151,11495,2358
10617,11496,7069
10617,11496,3582
10617,11496,9050
10617,11496,9005
757,11497,6266
757,11497,292
757,11497,6008
757,11497,9978
757,11497,267
757,11497,9429
757,11497,1051
17406,11498,2610
17406,11498,2814
17406,11498,3068
17406,11498,4240
6320,11499,544
6320,11499,4575
1166,11500,7936
14728,11501,9150
14728,11501,545
6307,11502,9344
6307,11502,889
6307,11502,5548
6307,11502,6744
6307,11502,3406
6307,11502,6715
6307,11502,8123
6307,11502,8564
6307,11502,8328
18238,11503,961
3010,11504,4658
3010,11504,8236
3010,11504,3138
3010,11504,7586
3010,11504,1113
3010,11504,6684
3010,11504,1616
3010,11504,2499
3010,11504,931
18517,11505,8377
18517,11505,4846
18517,11505,4437
18517,11505,842
11000,11506,9502
11000,11506,4416
11000,11506,5180
11000,11506,1416
11000,11506,46
5090,11507,3608
5090,11507,5450
5090,11507,3783
5090,11507,2594
5090,11507,3164
5090,11507,6473
7056,11508,8820
7056,11508,575
7056,11508,6094
7056,11508,8762
17615,11509,1352
17615,11509,9070
17615,11509,3160
13884,11510,5570
13884,11510,5753
13884,11510,5516
13884,11510,5570
13884,11510,557
13884,11510,4028
13884,11510,7623
13884,11510,6885
9003,11511,7380
9003,11511,1476
9003,11511,1504
9003,11511,968
9003,11511,1578
9003,11511,6354
9003,11511,823
9003,11511,9189
9516,11512,9146
9516,11512,268
9516,11512,5509
9516,11512,3154
9516,11512,1654
9516,11512,1310
9516,11512,4890
9516,11512,5482
9516,11512,7421
17996,11513,6145
10665,11514,90
18472,11515,6005
18316,11516,7503
18316,11516,8308
18316,11516,2414
18316,11516,8785
18316,11516,239
18316,11516,8832
18316,11516,3185
18316,11516,2589
18316,11516,308
796,11517,9634
796,11517,7399
796,11517,4648
796,11517,4796
796,11517,4294
796,11517,2595
796,11517,4691
6949,11518,6283
6949,11518,2631
6949,11518,8649
6949,11518,5135
6949,11518,733
6949,11518,9354
17975,11519,4626
17975,11519,1214
17975,11519,7611
17975,11519,1720
17975,11519,8108
17975,11519,5214
112,11520,3730
112,11520,5634
112,11520,8976
112,11520,1335
112,11520,2632
112,11520,237
467,11521,4878
467,11521,3722
467,11521,4340
467,11521,2694
15815,11522,7964
15815,11522,7901
7070,11523,4303
13868,11524,8361
11962,11525,4814
11962,11525,8343
11962,11525,9233
11962,11525,1602
11962,11525,8943
11962,11525,2818
1438,11526,4254
1438,11526,9239
1438,11526,8073
1438,11526,5490
1438,11526,491
1438,11526,9934
1438,11526,9831
1438,11526,7323
11330,11527,6701
11330,11527,4111
11330,11527,3944
1116,11528,8997
1116,11528,3815
3774,11529,6052
3774,11529,9796
3774,11529,9940
3774,11529,5989
3774,11529,4270
3774,11529,2927
19253,11530,5270
19253,11530,3851
19253,11530,7969
19253,11530,8964
19253,11530,3399
19253,11530,5201
19253,11530,4664
1432,11531,6702
1432,11531,9223
1432,11531,8856
1432,11531,2475
1432,11531,1561
1432,11531,1409
1432,11531,2207
1432,11531,2438
1432,11531,4495
6916,11532,6235
1798,11533,1615
1798,11533,4207
1798,11533,9000
1798,11533,1008
1798,11533,6923
16966,11534,3510
11895,11535,6354
11895,11535,5674
3816,11536,2807
8844,11537,2739
8844,11537,2594
8844,11537,6307
8844,11537,7227
8844,11537,7998
8844,11537,6987
8844,11537,6967
8844,11537,7455
8844,11537,6924
5193,11538,4505
5193,11538,4466
5193,11538,5873
5193,11538,1734
8943,11539,8217
8943,11539,694
17383,11540,199
17383,11540,7723
17383,11540,2400
1962,11541,5100
1962,11541,2820
1962,11541,9058
1962,11541,8987
1962,11541,4019
1962,11541,5263
1962,11541,8749
1962,11541,7882
1962,11541,8924
721,11542,8764
721,11542,5986
721,11542,9292
721,11542,2145
721,11542,6442
721,11542,8281
721,11542,6809
721,11542,7954
3943,11543,9768
3943,11543,6871
3943,11543,1556
3943,11543,1559
16965,11544,3129
16965,11544,6081
16965,11544,1454
16965,11544,8955
16965,11544,5469
4553,11545,8071
4553,11545,7080
4553,11545,6094
4553,11545,3549
4553,11545,4498
12112,11546,4539
12112,11546,9828
12112,11546,6819
12112,11546,88
12112,11546,4133
19202,11547,1877
19202,11547,8431
19202,11547,3554
19294,11548,2611
19294,11548,36
19294,11548,2911
19294,11548,6279
19294,11548,7642
8921,11549,2733
8921,11549,4246
8921,11549,5748
8921,11549,2222
8921,11549,1374
9854,11550,4574
9854,11550,3886
9854,11550,5375
9854,11550,8553
9854,11550,8750
9854,11550,5734
9854,11550,938
9854,11550,852
9854,11550,6052
594,11551,820
594,11551,2472
594,11551,5358
594,11551,7120
594,11551,8998
5767,11552,6805
5767,11552,3699
5767,11552,2262
5767,11552,1945
5767,11552,282
12667,11553,6630
12667,11553,96
12667,11553,3569
12667,11553,9642
12667,11553,2611
3217,11554,4492
2592,11555,6850
2592,11555,9031
2592,11555,223
2592,11555,1590
2592,11555,5646
2592,11555,1623
2592,11555,6833
2592,11555,9724
2592,11555,4286
13794,11556,8506
13794,11556,260
13794,11556,1915
13794,11556,4293
13794,11556,5758
13794,11556,3702
13794,11556,9937
13794,11556,4101
13794,11556,298
3840,11557,3639
3840,11557,6731
3840,11557,1111
3840,11557,4821
3840,11557,5834
3840,11557,1820
7468,11558,412
8226,11559,8038
8226,11559,3221
5432,11560,9045
5432,11560,410
5432,11560,1818
5432,11560,1835
5432,11560,8758
5432,11560,9964
5432,11560,3761
5432,11560,4311
9444,11561,8835
9444,11561,353
9444,11561,3720
9444,11561,5207
9444,11561,6289
9444,11561,9030
9444,11561,9355
9444,11561,1108
5885,11562,610
5885,11562,294
5885,11562,4060
5885,11562,384
5885,11562,9326
5885,11562,9619
5885,11562,1228
5885,11562,5033
5885,11562,3544
19663,11563,5165
19663,11563,3781
19663,11563,6228
19663,11563,9215
19648,11564,4194
19648,11564,9354
19648,11564,6832
19648,11564,8984
19648,11564,6840
3744,11565,2112
3744,11565,9797
3744,11565,4812
3744,11565,2868
3744,11565,1233
3744,11565,3333
3744,11565,3134
3744,11565,271
3744,11565,2539
3784,11566,571
3784,11566,4099
3784,11566,8237
3784,11566,9283
3784,11566,486
3784,11566,3866
3784,11566,9206
4146,11567,1169
4146,11567,6923
4146,11567,8391
4146,11567,9248
4146,11567,1658
4146,11567,2820
6782,11568,802
6782,11568,2331
5634,11569,3099
5634,11569,2900
5634,11569,2756
5634,11569,4818
3481,11570,8934
3481,11570,89
3481,11570,7537
3481,11570,1291
3481,11570,6300
3481,11570,7060
3481,11570,6978
3481,11570,7184
3481,11570,2207
10611,11571,3648
10611,11571,4625
10611,11571,6023
10611,11571,206
10611,11571,4556
9288,11572,7552
9288,11572,4507
9288,11572,1037
9288,11572,952
9288,11572,956
9288,11572,5349
9288,11572,6797
9288,11572,8468
9288,11572,1361
11969,11573,1380
11969,11573,8508
11969,11573,9924
11969,11573,578
16260,11574,1981
16260,11574,5560
16260,11574,9726
16260,11574,1068
15728,11575,4003
15728,11575,260
15728,11575,9323
15728,11575,6500
15728,11575,1624
15728,11575,6636
15728,11575,5237
15728,11575,1201
3750,11576,3587
3750,11576,257
3750,11576,793
3750,11576,8385
3750,11576,9188
3750,11576,8615
3750,11576,3701
6045,11577,3724
6045,11577,6938
4347,11578,6897
4347,11578,5960
4347,11578,240
4347,11578,9890
1364,11579,1152
1364,11579,1604
10609,11580,8327
10609,11580,1559
10609,11580,9693
10609,11580,2410
10609,11580,669
10609,11580,6662
10609,11580,2898
10609,11580,3179
10609,11580,2167
10047,11581,6265
10047,11581,6462
10047,11581,4669
10047,11581,3173
10047,11581,288
3692,11582,342
3692,11582,3933
1187,11583,3215
1187,11583,1976
1187,11583,4821
1187,11583,404
1187,11583,1064
1187,11583,3473
1187,11583,4537
1187,11583,8185
16945,11584,318
16945,11584,4470
16945,11584,8715
9309,11585,3493
10936,11586,1077
10936,11586,5389
10936,11586,4662
10936,11586,9666
10936,11586,7001
10936,11586,6906
10936,11586,6323
13281,11587,7300
13281,11587,4436
13281,11587,2238
13281,11587,9212
13281,11587,5642
13281,11587,1198
4549,11588,4415
4549,11588,2274
4549,11588,5084
4549,11588,1931
16506,11589,4893
16506,11589,5323
16506,11589,4556
16506,11589,1160
16506,11589,3190
16506,11589,2523
16506,11589,1579
16506,11589,2062
16506,11589,5995
820,11590,4490
820,11590,4565
820,11590,6245
820,11590,4673
820,11590,1579
13802,11591,6659
13802,11591,2667
13802,11591,3290
13802,11591,8679
13802,11591,8911
13802,11591,4472
14978,11592,2779
14978,11592,7455
14978,11592,6225
1795,11593,464
1795,11593,8112
9541,11594,4619
9541,11594,3095
9541,11594,3296
9541,11594,4038
9541,11594,6910
9541,11594,5257
9541,11594,1264
9541,11594,2029
16507,11595,9151
16507,11595,6224
16507,11595,9826
16507,11595,1835
16507,11595,9106
7448,11596,7022
7448,11596,8067
7448,11596,6466
7448,11596,9124
7448,11596,7201
7448,11596,9757
10272,11597,148
10272,11597,1983
3617,11598,6872
3617,11598,5057
3617,11598,3534
3617,11598,5901
3617,11598,9156
3617,11598,1614
3617,11598,8943
3617,11598,7343
14200,11599,2236
4765,11600,8753
4765,11600,5543
4765,11600,3818
4765,11600,9269
5605,11601,3358
5605,11601,2119
5605,11601,4108
5605,11601,5709
5605,11601,7205
5605,11601,8551
5605,11601,7065
5605,11601,5431
9838,11602,654
9838,11602,1379
1294,11603,3450
1294,11603,913
1294,11603,1163
10541,11604,6721
10541,11604,4321
10541,11604,3874
10541,11604,6057
10541,11604,202
10541,11604,4223
10541,11604,1145
5047,11605,3171
5047,11605,4115
10056,11606,8059
10056,11606,1800
10056,11606,2691
10056,11606,3449
10056,11606,3792
10056,11606,8397
17198,11607,1352
4397,11608,3553
4397,11608,7765
4397,11608,2530
4397,11608,2696
4397,11608,9663
2924,11609,9983
2924,11609,861
2924,11609,3676
2924,11609,3622
5386,11610,2910
5386,11610,1406
5386,11610,1947
5386,11610,1559
5386,11610,2627
5386,11610,2844
5386,11610,44
5386,11610,6077
5386,11610,3968
7901,11611,7724
7901,11611,5171
7901,11611,9314
7901,11611,4039
7901,11611,2235
7901,11611,7337
18567,11612,8995
18567,11612,8243
18567,11612,6547
18567,11612,4344
16623,11613,2262
16623,11613,455
16623,11613,5954
16623,11613,1331
16623,11613,8652
1772,11614,4526
1772,11614,2350
1772,11614,9068
14621,11615,5597
10172,11616,9628
10172,11616,2066
10172,11616,8085
10172,11616,5707
10172,11616,3287
18033,11617,2083
18033,11617,2015
18033,11617,2893
18033,11617,5777
18033,11617,8393
18033,11617,8137
18033,11617,6485
4644,11618,421
4644,11618,8784
4644,11618,6863
4644,11618,7921
4644,11618,8848
4644,11618,9166
4644,11618,9808
4644,11618,3861
13506,11619,3994
13506,11619,416
13800,11620,9222
13800,11620,3061
13800,11620,9407
13800,11620,8148
12138,11621,8775
12138,11621,9273
12138,11621,6833
12138,11621,403
12138,11621,9886
7759,11622,6010
7759,11622,1285
7759,11622,4244
7759,11622,358
19528,11623,6033
19528,11623,4365
19528,11623,663
19528,11623,8035
19528,11623,1721
19528,11623,3069
19528,11623,7380
19528,11623,5430
62,11624,9916
62,11624,2638
62,11624,7525
15347,11625,5970
668,11626,3473
668,11626,6692
668,11626,4143
668,11626,7317
668,11626,2714
668,11626,2871
668,11626,2777
5384,11627,6852
5384,11627,8022
5384,11627,821
5384,11627,8926
5384,11627,9572
1628,11628,91
8467,11629,5756
8467,11629,5851
8467,11629,484
5747,11630,7901
5747,11630,6001
5747,11630,6485
10821,11631,429
10821,11631,7089
10821,11631,1331
10821,11631,667
10821,11631,1413
10821,11631,225
12150,11632,4703
12043,11633,4192
1354,11634,6087
1354,11634,9986
1354,11634,3046
1354,11634,8718
18769,11635,8275
18769,11635,2832
18769,11635,7794
18769,11635,8416
18769,11635,1649
18769,11635,8518
5419,11636,3386
5419,11636,3404
5419,11636,411
5419,11636,5988
5419,11636,463
5419,11636,7832
5419,11636,4089
5419,11636,381
5419,11636,1046
17679,11637,1336
17679,11637,483
17679,11637,1010
17679,11637,2563
17679,11637,2862
17679,11637,8512
17679,11637,5421
17679,11637,9655
234,11638,4833
10425,11639,8425
522,11640,3746
9511,11641,5167
9511,11641,9119
9511,11641,4692
8691,11642,4463
8691,11642,5188
8691,11642,2262
8691,11642,4507
8691,11642,5304
9447,11643,5479
9447,11643,2171
9447,11643,1693
9447,11643,9257
9447,11643,6162
9447,11643,537
9447,11643,2914
9447,11643,5199
9447,11643,8115
6605,11644,8026
6605,11644,8010
6605,11644,6393
19168,11645,6522
19168,11645,9618
19168,11645,5550
19168,11645,5074
11220,11646,8747
13724,11647,165
13724,11647,3125
13724,11647,9839
13724,11647,1519
13724,11647,7004
13724,11647,5815
13724,11647,3102
13724,11647,460
13724,11647,550
11246,11648,1233
11246,11648,9002
11246,11648,8046
11246,11648,6842
11246,11648,7967
11246,11648,1845
11246,11648,5195
11246,11648,2225
18457,11649,1875
18457,11649,6065
18457,11649,2104
18457,11649,8343
12126,11650,6347
12126,11650,3450
12126,11650,9562
12126,11650,9860
3409,11651,3388
3409,11651,9203
3409,11651,72
3892,11652,4280
5246,11653,8686
5246,11653,3418
5246,11653,4744
5246,11653,9424
5246,11653,7158
5246,11653,1833
5246,11653,987
5246,11653,6944
5246,11653,1295
2733,11654,3312
15183,11655,215
15183,11655,9462
15183,11655,7354
15183,11655,3931
15183,11655,9746
15183,11655,6402
15183,11655,2637
15183,11655,1357
15183,11655,8685
19960,11656,1346
19960,11656,4384
19960,11656,2582
19960,11656,2250
4927,11657,1363
4927,11657,8042
4927,11657,9657
4927,11657,8648
4927,11657,4692
12096,11658,4348
12096,11658,2956
12096,11658,6582
1930,11659,7152
1930,11659,3512
1930,11659,3672
1930,11659,8016
1930,11659,1279
1930,11659,328
1930,11659,3846
17074,11660,4585
17074,11660,4260
14431,11661,1518
14431,11661,5619
14431,11661,47
14431,11661,1685
14431,11661,5624
7278,11662,9697
7278,11662,9489
7278,11662,9693
7278,11662,2078
7278,11662,7764
7278,11662,5119
7278,11662,5594
7278,11662,9240
1513,11663,1233
1513,11663,6235
1513,11663,9516
1513,11663,8273
17326,11664,9380
17326,11664,8735
17326,11664,1314
17326,11664,9024
17326,11664,7475
6135,11665,6384
4591,11666,8253
4591,11666,5246
4591,11666,6735
4463,11667,7425
4463,11667,4739
4463,11667,633
4463,11667,6971
4463,11667,5131
4463,11667,3797
4463,11667,7512
4463,11667,6573
4463,11667,6307
9897,11668,9826
9897,11668,2213
9897,11668,8761
9897,11668,8792
12431,11669,2374
12431,11669,7469
5198,11670,8831
5198,11670,7713
5198,11670,5196
5198,11670,3072
5198,11670,8968
5198,11670,5830
16085,11671,4814
16085,11671,8012
16085,11671,359
16085,11671,2907
16085,11671,3647
16085,11671,2077
16085,11671,2974
3608,11672,7207
555,11673,3346
555,11673,2511
555,11673,7619
555,11673,8728
13479,11674,7253
13479,11674,5098
13479,11674,7205
357,11675,1983
18377,11676,9466
18377,11676,9553
18377,11676,5886
18377,11676,4468
18377,11676,9926
18377,11676,5936
19719,11677,6689
19719,11677,8085
19719,11677,6567
19719,11677,4072
19719,11677,5770
19719,11677,9807
19719,11677,5243
9417,11678,7520
9417,11678,4303
9417,11678,8067
8005,11679,3862
8005,11679,2303
8005,11679,9851
8005,11679,4444
8005,11679,5805
3149,11680,8428
3149,11680,8197
3149,11680,4521
3149,11680,3355
3149,11680,1438
3149,11680,4027
18418,11681,4325
18418,11681,8501
18418,11681,7917
18418,11681,7014
18418,11681,4768
18418,11681,877
18418,11681,4394
18418,11681,6618
9628,11682,1689
9628,11682,1818
9628,11682,4946
9628,11682,2629
9628,11682,5054
9628,11682,4874
9628,11682,3501
9628,11682,6005
9628,11682,1726
12986,11683,7282
12986,11683,101
12986,11683,3052
12986,11683,8713
12986,11683,5137
13909,11684,2799
13909,11684,6053
13909,11684,2290
13909,11684,7230
13909,11684,4301
13909,11684,7207
13909,11684,6254
13909,11684,2519
13909,11684,5640
11479,11685,1098
11479,11685,2361
11479,11685,2814
11479,11685,3189
11479,11685,5860
3825,11686,2839
3825,11686,574
3825,11686,4305
3825,11686,3166
3825,11686,8766
8809,11687,144
8809,11687,345
8809,11687,1596
8809,11687,7477
8809,11687,9343
10405,11688,7115
10405,11688,8030
10405,11688,1564
11737,11689,6427
18151,11690,4046
18151,11690,611
4414,11691,6616
4414,11691,9082
4414,11691,1640
4414,11691,611
4414,11691,6229
4414,11691,8708
4414,11691,7243
4414,11691,3660
172,11692,9161
172,11692,3428
8077,11693,6245
8077,11693,7384
8077,11693,1130
8077,11693,227
8077,11693,2200
8077,11693,1523
8077,11693,9476
8077,11693,6220
8077,11693,6030
4176,11694,4089
4176,11694,7452
4176,11694,2333
4176,11694,1555
4176,11694,4448
4176,11694,4621
4176,11694,660
4176,11694,8297
4176,11694,8519
82,11695,271
82,11695,7917
16523,11696,7383
16523,11696,4113
16523,11696,9994
16523,11696,315
16523,11696,6375
1990,11697,6745
10527,11698,5305
10527,11698,3811
10527,11698,9455
8954,11699,9464
7154,11700,22
7154,11700,4280
7154,11700,7283
7753,11701,8767
7753,11701,9399
7753,11701,7136
7753,11701,8464
15837,11702,2396
15837,11702,2414
10307,11703,7886
10307,11703,4759
10307,11703,1853
18487,11704,3379
18487,11704,3946
18487,11704,8837
18487,11704,7480
18487,11704,2028
18487,11704,5219
18487,11704,9909
18487,11704,7362
18487,11704,9473
9818,11705,367
9818,11705,7526
9818,11705,6433
9818,11705,1463
9818,11705,2740
13369,11706,7766
13369,11706,3170
13369,11706,2856
13369,11706,4494
13369,11706,6002
13369,11706,5086
5122,11707,7922
5122,11707,3274
5122,11707,2969
5122,11707,8764
5122,11707,2056
5122,11707,9273
5122,11707,8188
5122,11707,4958
16254,11708,6515
16254,11708,7608
16254,11708,2094
16254,11708,7991
16254,11708,5254
6351,11709,8623
6351,11709,3204
6351,11709,6522
6351,11709,8889
14153,11710,3029
14153,11710,7432
14153,11710,9518
14153,11710,9013
14153,11710,6463
14153,11710,9819
14153,11710,2450
14153,11710,2827
14153,11710,8248
13740,11711,4256
13740,11711,4636
13740,11711,6355
13740,11711,221
13740,11711,8288
13740,11711,3713
13740,11711,2024
13740,11711,9665
13740,11711,356
348,11712,5246
348,11712,7269
348,11712,5355
348,11712,363
348,11712,2819
14910,11713,6438
14910,11713,5351
14910,11713,1234
14910,11713,444
14910,11713,2293
14910,11713,4295
12877,11714,1032
12877,11714,222
12877,11714,1561
12877,11714,1742
12877,11714,4971
12877,11714,6542
12877,11714,2016
16906,11715,3179
16906,11715,5651
16906,11715,6780
16906,11715,3731
16906,11715,591
16906,11715,7513
17088,11716,6844
17088,11716,2579
17088,11716,4963
17088,11716,3147
17088,11716,2476
17088,11716,5808
17088,11716,3615
13586,11717,415
13586,11717,3895
13586,11717,9471
13586,11717,4112
13586,11717,7898
13586,11717,5527
4741,11718,956
8205,11719,9264
5758,11720,9672
5758,11720,464
5758,11720,2802
5758,11720,4232
5758,11720,8843
13481,11721,6118
13481,11721,7151
13481,11721,7606
13481,11721,5915
13481,11721,2210
2947,11722,4352
8046,11723,4109
8046,11723,9672
8046,11723,1753
8046,11723,6683
8046,11723,5255
2744,11724,9907
2744,11724,1045
2744,11724,6286
4826,11725,2752
15206,11726,2918
15206,11726,8542
15206,11726,5550
15206,11726,1104
15206,11726,1301
15206,11726,8152
15206,11726,7730
15206,11726,26
15206,11726,1859
16288,11727,557
16288,11727,4180
16288,11727,8128
16288,11727,912
7657,11728,6417
7657,11728,4458
7657,11728,6221
7657,11728,3878
3213,11729,9242
3213,11729,3941
3213,11729,5575
12264,11730,9440
702,11731,4179
702,11731,7297
702,11731,9098
10635,11732,9689
10635,11732,3600
5682,11733,5538
5682,11733,5435
5682,11733,4400
5682,11733,3258
5682,11733,8190
5682,11733,4190
5682,11733,3902
2397,11734,2953
2397,11734,4385
2397,11734,9074
2397,11734,824
2397,11734,9335
2397,11734,5513
2397,11734,1224
2397,11734,295
2397,11734,3359
13233,11735,7385
13233,11735,2457
13233,11735,1091
13233,11735,2485
13233,11735,1494
13233,11735,7136
13233,11735,5903
13454,11736,781
13454,11736,1313
13454,11736,5444
13454,11736,8663
13454,11736,6300
13454,11736,5419
13454,11736,5666
13454,11736,7555
13454,11736,4090
13149,11737,2012
13149,11737,7921
15745,11738,7158
16941,11739,77
12753,11740,1209
12753,11740,7788
12753,11740,7944
12753,11740,7408
12753,11740,8452
927,11741,8378
927,11741,6329
927,11741,4917
927,11741,8440
927,11741,1956
927,11741,1000
927,11741,1953
927,11741,8409
19235,11742,8381
19235,11742,5214
19235,11742,2368
19235,11742,1897
7684,11743,7833
7684,11743,5525
7684,11743,1172
6256,11744,5161
6256,11744,4550
6256,11744,7892
6256,11744,3187
3133,11745,7355
3133,11745,2313
3133,11745,2967
3133,11745,3093
3133,11745,8947
3133,11745,2011
3133,11745,3674
3133,11745,8436
16531,11746,48
16531,11746,5040
16452,11747,9792
16452,11747,7372
16452,11747,9525
16452,11747,6398
16452,11747,6125
16452,11747,6816
16452,11747,416
16452,11747,9543
15957,11748,6244
15957,11748,9791
15957,11748,6581
15957,11748,4231
15957,11748,3056
15957,11748,593
15957,11748,5454
15957,11748,9994
12782,11749,5881
12782,11749,8845
12782,11749,3112
12782,11749,385
2264,11750,2521
2264,11750,8900
2264,11750,8060
2231,11751,3963
2231,11751,9528
14351,11752,949
14351,11752,1308
14351,11752,2524
14351,11752,8180
14351,11752,9540
14351,11752,4040
14351,11752,7154
12108,11753,9185
12108,11753,5385
12108,11753,8194
12108,11753,2885
4878,11754,9462
4878,11754,9877
4878,11754,5638
4878,11754,5189
9457,11755,7709
9457,11755,5908
9457,11755,1571
9457,11755,8189
9457,11755,8199
9457,11755,9063
9457,11755,2921
9457,11755,4113
9457,11755,4386
7696,11756,4618
7696,11756,2149
7696,11756,4310
7696,11756,4535
7696,11756,6804
7696,11756,8190
7696,11756,6161
7696,11756,4278
7696,11756,515
19154,11757,1524
11820,11758,9758
11820,11758,6686
11820,11758,7337
11820,11758,4181
11820,11758,6291
11820,11758,4319
11820,11758,957
14235,11759,1466
18775,11760,229
18775,11760,4409
12798,11761,3244
12798,11761,3923
12798,11761,9752
12798,11761,2225
12798,11761,6818
12798,11761,9137
12798,11761,9051
12798,11761,4893
12798,11761,5023
15164,11762,9009
15164,11762,338
15164,11762,3268
15164,11762,9816
15164,11762,9678
15164,11762,8415
16332,11763,4208
16332,11763,2407
16332,11763,6297
16332,11763,8285
16332,11763,2774
16332,11763,7547
6584,11764,9266
6584,11764,3316
6584,11764,3795
6584,11764,32
6584,11764,6190
6584,11764,7073
6584,11764,6612
6584,11764,5692
6584,11764,7299
7191,11765,4784
7191,11765,5755
7191,11765,9199
5053,11766,6192
5053,11766,7421
5053,11766,2988
5053,11766,3459
5053,11766,5898
5019,11767,3329
5019,11767,2796
5019,11767,203
5019,11767,9939
5019,11767,4677
7751,11768,6402
7751,11768,7826
7751,11768,8737
3449,11769,903
3449,11769,6571
3449,11769,1105
3449,11769,4606
3449,11769,2487
3449,11769,1925
3727,11770,7558
3727,11770,8302
3727,11770,7929
3727,11770,8775
15023,11771,9236
15023,11771,5916
15023,11771,2295
15023,11771,46
15023,11771,8366
15023,11771,7833
15023,11771,2052
15023,11771,3541
15023,11771,1621
18355,11772,9073
18355,11772,9234
18355,11772,9887
18355,11772,5359
18355,11772,6407
4646,11773,4809
4646,11773,279
4646,11773,9429
4646,11773,4026
4646,11773,7868
4646,11773,3282
4646,11773,8781
9970,11774,9118
9970,11774,5585
9970,11774,9803
9970,11774,9891
9970,11774,5537
9970,11774,8533
9970,11774,1355
3267,11775,9744
3267,11775,5954
3267,11775,8108
3267,11775,7100
3267,11775,8745
5569,11776,6058
11721,11777,2071
11721,11777,4358
11721,11777,5835
11721,11777,3945
11721,11777,7346
11721,11777,5354
11721,11777,1002
11721,11777,4701
11721,11777,542
18574,11778,2072
18574,11778,8858
18574,11778,155
18574,11778,3989
18574,11778,8734
18574,11778,5751
18574,11778,6662
18574,11778,8805
12300,11779,3239
12300,11779,9126
12300,11779,1175
12300,11779,9741
12300,11779,8955
12300,11779,5041
12300,11779,8373
12300,11779,9154
6285,11780,9201
6285,11780,4574
6756,11781,9528
6756,11781,6331
6756,11781,9599
6756,11781,706
6756,11781,5125
6756,11781,7945
6756,11781,7751
6756,11781,5104
8516,11782,7401
8516,11782,1114
8516,11782,7821
8516,11782,2463
8516,11782,9065
8516,11782,2379
8516,11782,6463
8516,11782,1359
8516,11782,4166
18581,11783,3369
18581,11783,7763
18581,11783,6385
18581,11783,2731
18581,11783,4277
10779,11784,1077
10779,11784,6080
16915,11785,7167
16915,11785,648
16915,11785,2157
16915,11785,623
16915,11785,2259
44,11786,4667
44,11786,2347
13478,11787,8952
13478,11787,1252
18753,11788,3964
18753,11788,4376
18753,11788,1988
18753,11788,2092
8701,11789,4372
8701,11789,7441
8701,11789,4262
8701,11789,7981
8701,11789,6526
8701,11789,1644
5791,11790,2272
5791,11790,7555
5791,11790,4651
13277,11791,9249
13277,11791,7287
13277,11791,5791
6464,11792,3019
6464,11792,8766
6464,11792,990
6464,11792,5022
6464,11792,3306
6464,11792,1983
6464,11792,9526
6464,11792,1812
6464,11792,1468
19862,11793,9594
10769,11794,8616
3270,11795,1180
3270,11795,9186
3270,11795,3610
3270,11795,1731
3270,11795,8068
3270,11795,5129
3270,11795,5433
3270,11795,2535
16253,11796,1005
16253,11796,1506
16253,11796,3056
16253,11796,774
16253,11796,1756
16253,11796,1842
2054,11797,3518
2054,11797,8784
2054,11797,2123
15110,11798,3802
15110,11798,2124
15110,11798,3158
15110,11798,2336
10782,11799,8457
10782,11799,4126
10782,11799,9474
10782,11799,1325
10782,11799,6899
10782,11799,9476
10782,11799,6427
10782,11799,9595
10782,11799,9153
5909,11800,3066
5909,11800,7139
5909,11800,4961
5909,11800,792
18497,11801,9546
18497,11801,3084
18497,11801,4367
18497,11801,5713
18497,11801,5665
18497,11801,5441
18497,11801,28
18497,11801,5364
18497,11801,7548
1226,11802,6015
1226,11802,8871
1226,11802,7506
7579,11803,9547
7579,11803,6471
7579,11803,6565
7579,11803,7757
7579,11803,4322
7579,11803,7489
5704,11804,5356
5704,11804,5950
5704,11804,5251
5704,11804,5918
5704,11804,8770
9649,11805,425
9649,11805,8324
9776,11806,7118
9776,11806,1626
9776,11806,7748
9776,11806,7458
9776,11806,4752
9776,11806,6200
9776,11806,969
9776,11806,2666
2871,11807,6260
2871,11807,5557
2871,11807,4281
2871,11807,3578
5311,11808,6054
5311,11808,491
5311,11808,4423
5311,11808,7813
5311,11808,762
5311,11808,9877
5084,11809,3977
472,11810,6920
994,11811,3153
994,11811,8935
994,11811,4072
16988,11812,7669
15090,11813,87
8126,11814,4299
8126,11814,6577
8126,11814,4581
8126,11814,1715
8126,11814,3911
8126,11814,9325
6792,11815,1890
6792,11815,7897
6792,11815,7776
6792,11815,7104
6792,11815,3019
6792,11815,6120
6792,11815,1253
11102,11816,6769
11102,11816,7952
11102,11816,2220
11102,11816,3350
11102,11816,4708
11102,11816,4941
11102,11816,4501
4794,11817,5124
4794,11817,2034
4794,11817,682
4794,11817,2485
5999,11818,92
5999,11818,1014
5999,11818,2737
5999,11818,9906
5999,11818,4779
5999,11818,3508
5999,11818,1589
5999,11818,6551
5999,11818,405
11057,11819,3670
11057,11819,2787
11057,11819,9048
11057,11819,9154
11057,11819,3520
9068,11820,7768
9068,11820,9608
9068,11820,1805
9068,11820,2266
17633,11821,1756
17633,11821,7056
1451,11822,6880
1451,11822,6086
19210,11823,4139
19210,11823,5187
9587,11824,7909
9587,11824,4956
13113,11825,757
13113,11825,5477
13113,11825,8338
13113,11825,1213
13113,11825,5125
13113,11825,1250
13113,11825,6903
2082,11826,2947
2082,11826,7648
2082,11826,413
10737,11827,1925
10737,11827,6940
10737,11827,2756
10737,11827,2273
10737,11827,3194
10737,11827,6310
10737,11827,782
10737,11827,4322
10737,11827,4087
6357,11828,2028
6357,11828,9071
6374,11829,2838
6374,11829,7778
6374,11829,2414
9372,11830,8171
9372,11830,3705
9372,11830,5496
9372,11830,6637
9372,11830,16
9721,11831,7352
9721,11831,7228
9721,11831,9290
9721,11831,8034
9721,11831,4769
14365,11832,1868
14365,11832,9487
14365,11832,5905
14365,11832,8991
11254,11833,989
11254,11833,6094
6891,11834,8845
6891,11834,793
6891,11834,5542
6891,11834,2688
6891,11834,2743
6891,11834,1546
2064,11835,4223
2064,11835,4305
2064,11835,9267
509,11836,8276
509,11836,6212
509,11836,3312
8208,11837,9665
8208,11837,8801
692,11838,1378
11200,11839,1040
11200,11839,3147
11200,11839,4828
11200,11839,480
11200,11839,9728
11200,11839,5502
11200,11839,1748
11200,11839,7143
13615,11840,9215
13615,11840,1815
6385,11841,8793
6385,11841,4028
6385,11841,7778
6385,11841,7546
6385,11841,9348
6385,11841,5708
2419,11842,2524
2419,11842,147
2419,11842,6065
2419,11842,6662
2419,11842,408
2419,11842,1511
18819,11843,2615
785,11844,2998
785,11844,5863
785,11844,8809
785,11844,9914
785,11844,7044
785,11844,181
785,11844,7630
785,11844,5640
12095,11845,9065
12095,11845,2444
12095,11845,4896
10376,11846,3026
10376,11846,1579
773,11847,1310
773,11847,9503
773,11847,3700
773,11847,7735
773,11847,1422
773,11847,5388
773,11847,2292
9470,11848,9793
9470,11848,8706
9470,11848,6005
9470,11848,3689
1681,11849,7906
14816,11850,4539
11920,11851,148
11920,11851,9476
11920,11851,4786
11920,11851,2288
11920,11851,6335
4678,11852,9922
4678,11852,4350
4678,11852,3429
4678,11852,7168
15871,11853,6437
15871,11853,162
15871,11853,4982
15871,11853,4247
18065,11854,3611
18065,11854,2359
10163,11855,8424
10163,11855,3116
10163,11855,3545
10163,11855,1877
10163,11855,8219
9311,11856,8852
9311,11856,7878
9311,11856,1593
9311,11856,2131
9311,11856,8323
9311,11856,1190
9311,11856,9172
12222,11857,7401
12222,11857,6037
12222,11857,5120
12222,11857,4152
3119,11858,9129
3119,11858,9400
3119,11858,9942
4145,11859,7813
4145,11859,2966
4145,11859,6900
17240,11860,3456
17151,11861,1913
17151,11861,7151
17151,11861,9234
17151,11861,6751
17151,11861,3285
17151,11861,9624
17679,11862,9244
17679,11862,3562
17679,11862,1225
17679,11862,4764
17679,11862,7152
17679,11862,3084
19887,11863,6913
19887,11863,8613
19887,11863,7612
19887,11863,4779
19887,11863,2056
19887,11863,8145
19887,11863,3242
19887,11863,7397
1917,11864,7615
1917,11864,5534
17236,11865,8562
17236,11865,7112
17236,11865,8874
17236,11865,1620
17236,11865,1088
17236,11865,7382
17236,11865,800
17236,11865,3962
2718,11866,2317
2718,11866,4775
2718,11866,8547
2718,11866,4698
16111,11867,5596
16111,11867,2961
16111,11867,1397
16111,11867,955
16111,11867,979
16111,11867,5627
16111,11867,3863
14130,11868,442
14130,11868,7502
14130,11868,3196
15785,11869,5948
15785,11869,1937
15785,11869,439
15785,11869,6012
15785,11869,9479
913,11870,2235
913,11870,9535
913,11870,6230
913,11870,401
913,11870,3746
913,11870,1886
913,11870,3949
913,11870,4834
913,11870,1860
7594,11871,8695
7594,11871,7195
7594,11871,5302
7594,11871,8630
7594,11871,1461
1990,11872,1477
1990,11872,2669
1990,11872,7220
1990,11872,2164
1990,11872,1965
1990,11872,1322
12484,11873,1601
17590,11874,309
17590,11874,4344
17590,11874,3982
17590,11874,2764
8482,11875,9464
8482,11875,7335
8482,11875,606
3855,11876,8169
3855,11876,6505
3855,11876,7061
3855,11876,8564
3855,11876,8681
3855,11876,4667
17297,11877,1548
17297,11877,7647
17297,11877,26
17297,11877,3203
7617,11878,5736
7617,11878,3766
7617,11878,527
7617,11878,3674
7617,11878,5212
7617,11878,9137
7617,11878,1111
3504,11879,5157
3504,11879,1299
3504,11879,7765
3504,11879,9913
17300,11880,6013
17300,11880,5124
17300,11880,4415
17300,11880,47
17300,11880,3238
4748,11881,6177
4748,11881,3188
16690,11882,1148
16690,11882,2741
2847,11883,6765
2847,11883,6645
2847,11883,5500
2847,11883,7539
2847,11883,9148
2847,11883,805
19912,11884,6024
19912,11884,7954
19912,11884,2443
19912,11884,7560
19912,11884,971
19912,11884,4651
19912,11884,1724
19912,11884,8462
19912,11884,83
11164,11885,1128
11164,11885,8692
11164,11885,4787
11164,11885,1889
11164,11885,1167
11164,11885,9794
11164,11885,4054
11164,11885,9699
1339,11886,2998
2919,11887,6565
2919,11887,501
2919,11887,419
2919,11887,8043
2919,11887,3562
10899,11888,3361
10899,11888,1237
1871,11889,1605
1871,11889,6855
1871,11889,4579
1871,11889,6061
1871,11889,6610
1871,11889,9208
19252,11890,8735
19252,11890,6227
19252,11890,7750
19252,11890,1802
6076,11891,3973
6076,11891,2
6076,11891,8494
6076,11891,179
12479,11892,8866
12479,11892,2268
12479,11892,8610
12479,11892,7619
12479,11892,3306
2111,11893,2165
2111,11893,1869
2111,11893,5288
2111,11893,8242
2111,11893,1418
2111,11893,2146
2111,11893,9807
2111,11893,7836
13402,11894,922
13402,11894,9125
13402,11894,4521
13402,11894,2386
13402,11894,3486
13402,11894,381
13402,11894,2647
13402,11894,6340
9163,11895,1316
9163,11895,1104
9163,11895,6064
9163,11895,706
9163,11895,5641
9163,11895,33
9163,11895,6449
9163,11895,5103
9163,11895,1588
10146,11896,723
10146,11896,5148
10146,11896,9051
4549,11897,7645
4549,11897,4083
4549,11897,2788
16858,11898,4991
16858,11898,4810
16858,11898,1479
16858,11898,7581
16858,11898,1470
16858,11898,6896
4087,11899,5280
4087,11899,8491
4087,11899,3859
4087,11899,1873
4087,11899,9843
4087,11899,2730
13581,11900,7301
13581,11900,8173
13581,11900,2324
13581,11900,2777
13581,11900,1803
13581,11900,5986
13581,11900,1716
13581,11900,5185
7352,11901,9811
7352,11901,7940
7352,11901,1553
7352,11901,5116
7352,11901,7460
7352,11901,2722
7352,11901,2159
7352,11901,3539
7352,11901,6647
16899,11902,7418
16899,11902,9502
16899,11902,4699
16899,11902,6278
12177,11903,5741
12177,11903,4248
12177,11903,2805
12177,11903,7090
18497,11904,3731
4012,11905,6267
4012,11905,10
4012,11905,1536
15627,11906,3902
15627,11906,626
15627,11906,9200
15627,11906,500
15627,11906,6580
15627,11906,7532
15627,11906,6837
1134,11907,2573
1134,11907,1678
1134,11907,7469
1134,11907,4606
1134,11907,6396
1134,11907,6817
1134,11907,3062
1134,11907,1860
1134,11907,361
1719,11908,8448
1719,11908,8186
1719,11908,4548
1719,11908,5851
1719,11908,607
4568,11909,3972
4568,11909,6573
4568,11909,7882
4568,11909,1190
4568,11909,4108
4568,11909,4630
4568,11909,4109
14345,11910,7768
14345,11910,9059
14345,11910,7750
14345,11910,3881
7964,11911,1551
16246,11912,1513
11240,11913,88
11240,11913,9105
11240,11913,497
11240,11913,9190
11240,11913,3947
11240,11913,580
8921,11914,8442
8921,11914,7086
8921,11914,5302
8921,11914,8115
8921,11914,9891
8921,11914,6448
11329,11915,8989
11329,11915,749
11329,11915,3630
11329,11915,7750
11329,11915,8186
2687,11916,7835
2687,11916,15
2687,11916,1223
2687,11916,4468
2687,11916,5596
2687,11916,8965
2687,11916,5535
2687,11916,7708
2687,11916,9546
589,11917,232
589,11917,29
589,11917,2261
10100,11918,6281
10100,11918,2515
10100,11918,3953
10100,11918,6841
10100,11918,1340
10100,11918,1593
10100,11918,18
19126,11919,9857
19126,11919,778
19126,11919,6111
19126,11919,8506
19126,11919,106
19126,11919,3422
19126,11919,5861
19126,11919,7366
2638,11920,868
2638,11920,9852
2638,11920,3570
2638,11920,1760
15513,11921,9935
15513,11921,9377
15513,11921,2980
15513,11921,4417
15513,11921,6148
15513,11921,1815
15513,11921,7540
15513,11921,382
15513,11921,499
2733,11922,3827
2733,11922,8510
2733,11922,9074
2733,11922,3343
2733,11922,7229
2733,11922,2645
2733,11922,9323
2733,11922,4487
1269,11923,2642
6047,11924,8761
2386,11925,7196
2386,11925,983
2386,11925,7742
2386,11925,6739
2386,11925,7602
13848,11926,663
13848,11926,6697
13848,11926,4241
13848,11926,1354
13848,11926,2362
13848,11926,4149
11438,11927,1115
11438,11927,8956
11438,11927,5779
11438,11927,6422
11438,11927,1667
11438,11927,1900
11438,11927,948
11438,11927,9305
11438,11927,624
9728,11928,8810
9728,11928,416
9728,11928,8822
9728,11928,8677
9728,11928,7434
12777,11929,3085
12777,11929,8942
12777,11929,2335
12777,11929,7994
12777,11929,7748
12777,11929,4891
17479,11930,3942
17479,11930,6336
17479,11930,5003
17479,11930,2636
17479,11930,6294
17479,11930,3472
17479,11930,6458
17479,11930,3364
4610,11931,3146
4610,11931,9287
4610,11931,9584
4610,11931,9265
4610,11931,2917
4610,11931,1518
15707,11932,3011
15707,11932,3226
15707,11932,3920
15707,11932,6243
15707,11932,2057
15707,11932,9919
15707,11932,1911
15707,11932,1733
15707,11932,6500
12166,11933,8965
12166,11933,7716
12166,11933,4969
12166,11933,8336
12166,11933,1807
10065,11934,1730
10065,11934,4329
10065,11934,6500
10065,11934,9514
2493,11935,2265
2493,11935,1042
2493,11935,4633
2493,11935,5572
2493,11935,488
17647,11936,170
17647,11936,1448
17647,11936,707
17647,11936,7712
17647,11936,6963
17647,11936,9282
15483,11937,2700
15483,11937,5505
15483,11937,7447
15483,11937,3747
15483,11937,2487
15483,11937,3558
560,11938,7035
560,11938,4046
560,11938,8135
10195,11939,1575
10195,11939,9799
4996,11940,6239
19972,11941,4221
19972,11941,9903
19972,11941,3587
1243,11942,8363
1243,11942,6309
1243,11942,1602
1243,11942,3196
1243,11942,868
11091,11943,5728
11091,11943,8489
16475,11944,1545
16475,11944,3216
16475,11944,2170
16475,11944,5753
16475,11944,8272
16475,11944,7044
17292,11945,1822
17292,11945,1443
17292,11945,3272
17292,11945,6052
17292,11945,8665
17292,11945,5047
17292,11945,2778
17292,11945,6319
19068,11946,3255
19068,11946,5369
19068,11946,9319
19068,11946,6107
19068,11946,1058
5760,11947,7174
5760,11947,1396
5760,11947,2962
5760,11947,7766
5760,11947,441
13518,11948,6293
13518,11948,9399
13518,11948,9520
13518,11948,1073
13518,11948,7180
16475,11949,1117
16475,11949,891
16475,11949,4798
16475,11949,1516
16475,11949,2346
16475,11949,5768
15356,11950,2248
15356,11950,9002
15356,11950,5385
15356,11950,6413
15356,11950,7359
1535,11951,7197
1535,11951,4616
1535,11951,1236
1535,11951,373
5436,11952,5505
5436,11952,618
5436,11952,6543
11088,11953,4065
11088,11953,2730
11088,11953,4516
11088,11953,2191
11088,11953,147
11088,11953,9289
1049,11954,3276
1049,11954,563
1049,11954,4288
1049,11954,7165
1049,11954,1117
1049,11954,7771
1049,11954,9250
1049,11954,8277
2012,11955,7372
2012,11955,4064
2012,11955,6314
2012,11955,2280
2012,11955,3878
2012,11955,1632
2012,11955,7803
4182,11956,6997
4182,11956,3332
4182,11956,1381
4182,11956,7049
4182,11956,5896
4182,11956,663
4182,11956,7974
4182,11956,7561
4182,11956,5552
15663,11957,4287
15663,11957,6420
15663,11957,1486
15663,11957,4180
15663,11957,8507
15663,11957,9122
15663,11957,5943
15663,11957,4420
15663,11957,158
1640,11958,8854
1640,11958,3255
17290,11959,7912
8663,11960,3213
3439,11961,3558
3439,11961,191
3439,11961,2900
3439,11961,8294
3439,11961,1168
3439,11961,7361
3439,11961,7752
3439,11961,4427
3439,11961,9261
14344,11962,1503
14344,11962,340
14344,11962,4588
14344,11962,6435
14344,11962,596
14344,11962,8462
14344,11962,7970
14344,11962,1133
14344,11962,7504
9729,11963,5480
9729,11963,3393
9729,11963,3412
13194,11964,8394
13194,11964,8130
13194,11964,4336
13194,11964,1534
19991,11965,1356
19991,11965,8790
19991,11965,9150
2943,11966,8220
2943,11966,3945
2943,11966,4518
2943,11966,8229
2943,11966,9271
2943,11966,1037
2943,11966,9603
2943,11966,1965
2943,11966,303
12037,11967,2868
12037,11967,1348
12037,11967,2134
19372,11968,631
19372,11968,3340
3135,11969,8190
3135,11969,745
3135,11969,9163
3135,11969,8929
121,11970,2548
121,11970,6120
121,11970,367
121,11970,8966
121,11970,7940
121,11970,5563
121,11970,1460
121,11970,3717
12943,11971,262
12943,11971,6451
12943,11971,2334
12943,11971,8889
12943,11971,5440
12943,11971,9846
12943,11971,2722
12943,11971,1882
1695,11972,4088
1695,11972,727
8887,11973,915
8887,11973,536
13972,11974,2365
13972,11974,3482
6655,11975,9292
6655,11975,9669
6655,11975,8520
6655,11975,5667
6655,11975,9117
6655,11975,8155
18473,11976,9197
18473,11976,2926
7050,11977,3013
7050,11977,91
7050,11977,7506
13595,11978,307
13595,11978,9731
13595,11978,4683
5675,11979,2074
5675,11979,4952
5675,11979,4709
9262,11980,6918
14017,11981,2891
14017,11981,9228
14017,11981,7856
15172,11982,6433
15172,11982,6040
15172,11982,1077
12057,11983,3906
12057,11983,6917
12057,11983,178
10205,11984,7533
13522,11985,6296
13522,11985,1186
13522,11985,1900
13522,11985,9678
1509,11986,6783
1377,11987,5997
11438,11988,6727
11438,11988,8609
11438,11988,4438
11438,11988,6071
11438,11988,7484
18765,11989,7321
18765,11989,2969
19502,11990,439
19502,11990,2782
19502,11990,8709
17705,11991,6529
17705,11991,1353
17705,11991,9087
17705,11991,1699
17705,11991,4679
17705,11991,5953
17705,11991,6449
17705,11991,7849
14287,11992,9724
14287,11992,9115
14287,11992,6043
14287,11992,9321
14287,11992,6675
6407,11993,4169
6407,11993,5854
6407,11993,6971
6407,11993,102
6407,11993,84
6407,11993,6196
6407,11993,5968
6407,11993,5076
9598,11994,7304
9598,11994,5223
9598,11994,8983
9598,11994,7637
9598,11994,5101
9598,11994,4491
9598,11994,9351
12643,11995,9245
12643,11995,1788
12643,11995,8892
12643,11995,8279
12643,11995,2892
15270,11996,8421
15270,11996,2693
15270,11996,1085
15270,11996,3464
15270,11996,9280
15270,11996,5454
1180,11997,5828
1180,11997,133
1180,11997,9635
1180,11997,5370
1180,11997,2991
1180,11997,4478
1180,11997,5896
1180,11997,7824
1180,11997,7629
17427,11998,4898
17427,11998,3138
17427,11998,8755
17427,11998,942
17427,11998,610
1485,11999,9767
1485,11999,5449
1485,11999,8014
1485,11999,4512
1485,11999,8368
1485,11999,8225
1485,11999,2851
7393,12000,3821
7393,12000,9960
7393,12000,9702
7393,12000,6281
7393,12000,7670
7393,12000,1054
7393,12000,1717
7393,12000,1807
7393,12000,3576
