12934,10001,6941
12934,10001,5365
12934,10001,7332
12934,10001,6645
12934,10001,240
12934,10001,6731
12934,10001,4020
12934,10001,4615
2761,10002,6378
2761,10002,2423
2761,10002,4496
2761,10002,9165
2761,10002,2507
2761,10002,9548
2761,10002,6104
2761,10002,4499
2761,10002,7799
16077,10003,7161
16077,10003,8585
16213,10004,7127
16213,10004,706
10403,10005,6016
10403,10005,5432
10403,10005,7541
10403,10005,475
16547,10006,6312
6944,10007,5247
6944,10007,9336
12923,10008,6011
12923,10008,1082
12923,10008,6171
12923,10008,9694
12923,10008,2660
12923,10008,3137
16213,10009,8549
16213,10009,4959
16213,10009,1191
12874,10010,4838
12874,10010,8218
8457,10011,5827
8457,10011,3362
8457,10011,3014
8457,10011,2754
8457,10011,9155
8457,10011,4256
5608,10012,3997
5608,10012,243
5608,10012,5907
5608,10012,8174
5608,10012,3675
5608,10012,3516
5608,10012,620
5608,10012,5124
5608,10012,169
6365,10013,9332
6365,10013,6748
6365,10013,4221
6365,10013,6392
6365,10013,671
1826,10014,5285
1826,10014,8620
1826,10014,1371
1826,10014,7817
1826,10014,893
1826,10014,8437
1826,10014,1425
1826,10014,4244
7152,10015,7164
7152,10015,3101
7543,10016,4684
7543,10016,6156
7543,10016,5727
7543,10016,8927
7543,10016,6911
7543,10016,9088
7543,10016,9684
7543,10016,8866
6220,10017,6686
6220,10017,4922
6220,10017,435
13489,10018,5024
13489,10018,2094
15640,10019,4917
15640,10019,2116
15640,10019,669
15640,10019,1529
15640,10019,2907
19887,10020,6569
19887,10020,3178
19887,10020,5451
19887,10020,3749
19887,10020,1927
19887,10020,3721
19887,10020,9951
19887,10020,1839
19887,10020,5538
15305,10021,9451
15305,10021,8973
15305,10021,1745
15305,10021,2301
15305,10021,946
15305,10021,1680
15305,10021,5873
15305,10021,4704
15305,10021,4374
16189,10022,8261
16189,10022,4249
16189,10022,9245
16189,10022,1450
16189,10022,2456
16189,10022,2293
16189,10022,3258
16189,10022,3045
7979,10023,8113
7979,10023,7099
7979,10023,9922
7979,10023,9447
7979,10023,9567
7979,10023,6658
7979,10023,2585
7979,10023,1624
7979,10023,3924
12759,10024,7808
12759,10024,8164
12759,10024,2790
12759,10024,4841
5906,10025,5770
5906,10025,4991
5906,10025,5752
5906,10025,5312
15792,10026,9725
15792,10026,7080
15792,10026,3618
15792,10026,5684
7694,10027,300
13440,10028,239
13440,10028,3246
13440,10028,1054
13440,10028,9787
13440,10028,1407
13440,10028,4261
7971,10029,5543
7971,10029,4309
7971,10029,7003
18556,10030,6395
18556,10030,2092
18556,10030,7768
18556,10030,2302
18556,10030,7560
14692,10031,9516
14692,10031,6138
16195,10032,3675
16195,10032,4735
16195,10032,5848
16195,10032,9955
12698,10033,2813
12698,10033,9602
12698,10033,255
12698,10033,8469
12698,10033,4508
12698,10033,1681
12698,10033,2169
270,10034,3644
270,10034,1913
270,10034,267
270,10034,8187
270,10034,7277
270,10034,6571
270,10034,637
270,10034,7995
16498,10035,8514
16498,10035,1152
16498,10035,5930
11285,10036,4301
11285,10036,3517
11285,10036,5477
11285,10036,3974
2502,10037,3
15994,10038,6246
15994,10038,7418
15994,10038,7211
15994,10038,4953
15994,10038,1890
10690,10039,2443
10690,10039,9296
10690,10039,4192
16393,10040,8772
16393,10040,6276
16393,10040,2520
16393,10040,3183
16393,10040,9484
16393,10040,3524
16393,10040,9170
16393,10040,9835
17233,10041,1699
17233,10041,8740
17233,10041,6766
17233,10041,4265
17233,10041,1128
17233,10041,6959
17233,10041,3308
17233,10041,8629
3622,10042,2411
3622,10042,3593
3622,10042,6591
3622,10042,2639
3622,10042,2043
3622,10042,6363
3622,10042,7888
9308,10043,3002
9308,10043,7784
9308,10043,9059
9308,10043,3196
9308,10043,6918
9308,10043,9498
9308,10043,7509
9308,10043,9625
9308,10043,3488
12251,10044,5167
12251,10044,310
12251,10044,5709
12251,10044,7709
12251,10044,4045
12251,10044,2901
3919,10045,9647
3919,10045,4477
3919,10045,1346
3919,10045,1052
9077,10046,664
9077,10046,4181
9077,10046,2037
9077,10046,8886
9077,10046,9536
9077,10046,1487
9077,10046,7305
15951,10047,1843
15951,10047,8163
15951,10047,5137
15951,10047,8304
15951,10047,478
15951,10047,726
15951,10047,9001
15951,10047,9091
2255,10048,8873
2255,10048,2699
2255,10048,789
2255,10048,4747
2255,10048,7979
2255,10048,4523
5370,10049,2193
5370,10049,8410
18270,10050,525
18270,10050,8015
18270,10050,548
18270,10050,3849
18270,10050,2896
7368,10051,9880
7368,10051,5619
7368,10051,4350
7368,10051,7088
7368,10051,4927
6672,10052,2471
5989,10053,739
5989,10053,9298
5989,10053,1669
5989,10053,1135
15371,10054,2215
15371,10054,159
15371,10054,4298
15371,10054,7055
15371,10054,6525
15371,10054,2560
10061,10055,8025
10061,10055,1959
10061,10055,4703
10061,10055,3350
10061,10055,3449
10061,10055,7820
10061,10055,2170
10061,10055,5082
10479,10056,2485
10479,10056,8909
10479,10056,9990
10479,10056,7484
10479,10056,6499
10479,10056,1089
10479,10056,691
10479,10056,3287
10479,10056,4304
15505,10057,7078
15505,10057,3379
15505,10057,7676
15505,10057,7399
15505,10057,8451
15505,10057,6628
15505,10057,8892
15505,10057,8828
15505,10057,9358
893,10058,3494
893,10058,696
893,10058,9772
893,10058,5550
893,10058,2045
10848,10059,4190
10848,10059,483
14220,10060,3727
6170,10061,3532
6170,10061,7247
15885,10062,403
15885,10062,7798
15885,10062,2998
15885,10062,7871
15885,10062,3839
15885,10062,9966
15885,10062,4701
9398,10063,3525
9398,10063,8242
9398,10063,2267
9398,10063,1676
9398,10063,8797
7237,10064,3989
7237,10064,305
7237,10064,5495
7237,10064,4768
7237,10064,236
7237,10064,3653
7237,10064,6766
7237,10064,9635
6318,10065,834
6318,10065,254
6318,10065,1856
6318,10065,1320
6318,10065,2669
6318,10065,7168
6318,10065,550
6318,10065,3643
16822,10066,3145
16822,10066,820
16822,10066,4113
16822,10066,9664
16822,10066,3613
16822,10066,2834
6174,10067,2138
6174,10067,3250
6174,10067,5311
6174,10067,1464
10212,10068,3517
10212,10068,9422
10212,10068,6311
10212,10068,6570
12467,10069,5974
12467,10069,8755
12467,10069,695
12467,10069,1997
10492,10070,5664
10492,10070,5157
10492,10070,4207
10492,10070,7092
10492,10070,4342
10492,10070,4383
10492,10070,6755
10492,10070,1075
10492,10070,7186
6320,10071,1217
6427,10072,8460
8246,10073,7677
8246,10073,1723
8246,10073,5650
8246,10073,1281
8246,10073,6716
15579,10074,3639
15579,10074,1331
15579,10074,7757
15579,10074,1246
15579,10074,5761
15579,10074,4191
15579,10074,2848
15579,10074,8343
12038,10075,787
4135,10076,103
4135,10076,650
4135,10076,9332
1324,10077,3210
17941,10078,3191
17941,10078,2455
17941,10078,270
17941,10078,7552
17941,10078,893
17941,10078,4908
17941,10078,405
17941,10078,9898
1093,10079,4834
1093,10079,6238
1093,10079,9515
1093,10079,8843
1093,10079,8418
1093,10079,2842
10592,10080,6109
10592,10080,8432
10592,10080,9029
10592,10080,4039
7871,10081,4482
7871,10081,244
7871,10081,4962
7871,10081,5531
7871,10081,5929
8693,10082,5955
8693,10082,6696
5608,10083,9805
5608,10083,2906
5608,10083,8249
5608,10083,7778
5608,10083,5996
5608,10083,4225
5608,10083,1575
5608,10083,2720
5608,10083,3662
4440,10084,3620
4440,10084,3015
4440,10084,8044
4440,10084,3120
4440,10084,3716
13243,10085,7950
13243,10085,3082
13243,10085,6804
13243,10085,184
13243,10085,6492
306,10086,2373
306,10086,2509
306,10086,3496
306,10086,6308
306,10086,9674
306,10086,9368
306,10086,2351
18236,10087,3663
18236,10087,1905
18236,10087,1291
18236,10087,8845
18236,10087,4992
18236,10087,7935
18236,10087,1290
18236,10087,1091
9173,10088,6126
9173,10088,2035
9173,10088,2385
4791,10089,356
4791,10089,6394
4791,10089,7632
12952,10090,805
12952,10090,5883
12952,10090,3707
12952,10090,5893
12952,10090,1561
12952,10090,2613
12952,10090,4211
12952,10090,3179
12952,10090,9033
5071,10091,9701
5071,10091,1605
5071,10091,1171
5071,10091,3808
5071,10091,5292
5071,10091,36
5071,10091,6706
5071,10091,8149
5071,10091,3748
12721,10092,1008
12721,10092,8618
15216,10093,6954
15216,10093,5836
15216,10093,9607
6828,10094,8026
6828,10094,978
6828,10094,7418
6828,10094,7328
6828,10094,8835
6828,10094,7526
6828,10094,7163
6828,10094,6802
6828,10094,8573
2296,10095,3423
6060,10096,6444
6060,10096,3213
6060,10096,4565
6060,10096,9199
13053,10097,1666
13053,10097,8380
10361,10098,7239
10361,10098,8925
10361,10098,8337
10361,10098,1888
10361,10098,5377
10361,10098,646
10361,10098,24
9176,10099,6570
9176,10099,2014
9176,10099,3517
9176,10099,388
9176,10099,2508
14231,10100,5111
14231,10100,5960
14231,10100,8642
14231,10100,683
2657,10101,5187
2657,10101,1593
2657,10101,7615
2657,10101,4601
2657,10101,7879
2657,10101,3308
2657,10101,13
14176,10102,1402
14176,10102,1521
14176,10102,1488
14176,10102,5209
14176,10102,4180
36,10103,2145
36,10103,1920
36,10103,8951
36,10103,9387
36,10103,4638
36,10103,5095
36,10103,8508
36,10103,1737
6278,10104,500
6278,10104,9862
6278,10104,3136
6278,10104,7898
6278,10104,4059
6278,10104,5318
6278,10104,7882
6278,10104,5963
6278,10104,3758
16790,10105,3045
16790,10105,1707
16790,10105,7988
16790,10105,7920
16790,10105,9586
16790,10105,8431
16790,10105,4128
16790,10105,3489
15094,10106,3751
15094,10106,753
15094,10106,3833
15094,10106,5061
6205,10107,9652
6205,10107,731
6205,10107,7840
6205,10107,5105
6205,10107,7071
6205,10107,6873
722,10108,7908
722,10108,6815
722,10108,9344
6352,10109,669
6352,10109,9533
6352,10109,933
6352,10109,4871
6352,10109,6824
6352,10109,314
14768,10110,8583
14768,10110,7369
14768,10110,3862
14768,10110,4149
14768,10110,6935
14768,10110,8243
14768,10110,6668
14673,10111,4252
14673,10111,3452
14673,10111,7899
14673,10111,1832
3935,10112,8976
3935,10112,8231
3935,10112,5985
3935,10112,1621
3935,10112,2769
3935,10112,3626
3935,10112,6859
3187,10113,5861
3187,10113,2871
3187,10113,1003
3187,10113,9589
3187,10113,8982
3187,10113,4803
7556,10114,122
7556,10114,9783
7556,10114,4874
7556,10114,298
7556,10114,3562
7556,10114,8792
7556,10114,8749
9218,10115,3922
9218,10115,5167
9218,10115,2139
9218,10115,5302
9523,10116,2452
9523,10116,2221
9523,10116,2583
9523,10116,4785
9523,10116,5593
9523,10116,36
9523,10116,3240
9533,10117,9164
9533,10117,8409
9533,10117,824
9533,10117,8478
9533,10117,7488
9533,10117,887
9533,10117,4683
9533,10117,9045
9533,10117,5572
713,10118,8703
713,10118,3975
713,10118,3326
713,10118,6708
713,10118,3884
713,10118,4032
713,10118,202
713,10118,2840
713,10118,980
3732,10119,5204
1550,10120,1131
1550,10120,1055
10058,10121,9808
10058,10121,8296
4655,10122,7183
4655,10122,3233
4655,10122,9150
4655,10122,29
4655,10122,9676
14282,10123,8605
14282,10123,8171
14282,10123,6971
14282,10123,4688
14282,10123,8000
12590,10124,8622
12590,10124,6135
18735,10125,8480
18735,10125,9822
10157,10126,9539
10157,10126,2370
10157,10126,3559
10157,10126,4133
10157,10126,8086
10625,10127,6893
6055,10128,2395
6055,10128,228
6055,10128,813
6055,10128,9029
6055,10128,5127
6055,10128,5271
6055,10128,8224
6055,10128,2375
13015,10129,8639
13015,10129,378
13015,10129,3695
13015,10129,4114
13015,10129,298
5385,10130,3566
5385,10130,7153
5385,10130,4636
5385,10130,6918
5385,10130,6945
5385,10130,7546
5385,10130,6924
13904,10131,9721
13904,10131,1531
13904,10131,7240
13904,10131,2206
13904,10131,2610
12788,10132,991
12788,10132,6390
12788,10132,5617
12788,10132,5533
6156,10133,7604
6156,10133,2325
6156,10133,2171
6156,10133,7165
6156,10133,5461
15332,10134,6748
15332,10134,8349
18680,10135,4966
18680,10135,5665
18680,10135,4447
12653,10136,4033
12653,10136,8376
11080,10137,9945
11080,10137,6982
11080,10137,1204
11080,10137,4059
11080,10137,6662
11080,10137,8892
11080,10137,2383
11080,10137,4818
11080,10137,4356
15864,10138,9112
15864,10138,3459
14629,10139,6631
14629,10139,4981
14629,10139,4857
14629,10139,7342
14629,10139,5737
14629,10139,8941
2647,10140,9371
2647,10140,1018
13217,10141,6232
13217,10141,7372
13217,10141,3953
13217,10141,7790
13217,10141,3369
13217,10141,4196
13217,10141,8955
13217,10141,7140
13217,10141,5541
4952,10142,4229
4952,10142,649
4952,10142,8306
4952,10142,1855
4952,10142,1308
4952,10142,8125
4952,10142,145
4952,10142,9078
4891,10143,670
4891,10143,8394
4891,10143,4350
4891,10143,3889
4891,10143,6410
4891,10143,1476
4891,10143,8064
12739,10144,7856
12739,10144,5826
12739,10144,3534
12739,10144,8057
12739,10144,3904
12739,10144,5056
12739,10144,7574
11934,10145,9902
11934,10145,2284
11934,10145,8714
11934,10145,6950
11934,10145,5884
11934,10145,3147
11934,10145,574
11934,10145,4285
15637,10146,429
15637,10146,5754
15637,10146,881
15637,10146,1210
15637,10146,9295
18391,10147,5507
18391,10147,9805
18391,10147,7657
18391,10147,5291
18391,10147,5118
18391,10147,1804
17569,10148,3822
17569,10148,904
17569,10148,3134
17569,10148,2903
17569,10148,6931
1383,10149,6737
1383,10149,2135
19583,10150,594
19583,10150,510
19583,10150,6749
19583,10150,1182
19583,10150,7404
16614,10151,92
16614,10151,9097
16614,10151,9677
16614,10151,7713
16614,10151,9440
3149,10152,1366
3149,10152,1966
3149,10152,564
3149,10152,4357
3149,10152,5247
3149,10152,1282
3149,10152,542
10238,10153,2599
4550,10154,3343
4550,10154,231
4550,10154,5947
4550,10154,8629
4550,10154,4439
4550,10154,9271
7255,10155,9166
7255,10155,965
7255,10155,6496
7255,10155,4826
7255,10155,2969
7255,10155,898
7255,10155,9700
7255,10155,6820
14101,10156,8271
14101,10156,3462
14101,10156,3573
14101,10156,7711
14101,10156,6361
14101,10156,4957
11843,10157,7843
1623,10158,1849
1623,10158,993
1623,10158,223
1623,10158,5719
1623,10158,7346
1616,10159,3541
1616,10159,7766
5445,10160,8644
5445,10160,8170
5445,10160,717
5445,10160,7297
5445,10160,7598
5445,10160,5380
5445,10160,7814
5445,10160,9786
14263,10161,7939
14263,10161,8851
14263,10161,8625
14263,10161,1380
14263,10161,9339
14263,10161,1110
14263,10161,7465
16363,10162,6380
16363,10162,911
17450,10163,2257
17450,10163,4819
17450,10163,5264
17450,10163,3995
17450,10163,4237
17450,10163,731
17450,10163,5677
13573,10164,6066
13573,10164,8069
13573,10164,4285
13573,10164,7094
13573,10164,6208
13573,10164,3921
13573,10164,2683
13573,10164,1106
13573,10164,5954
19897,10165,2568
19897,10165,112
19897,10165,1284
19897,10165,5030
19897,10165,2422
981,10166,4939
981,10166,1336
981,10166,965
981,10166,4715
981,10166,1432
981,10166,1149
2814,10167,5902
2814,10167,3888
2814,10167,8146
6352,10168,4272
6298,10169,9119
6298,10169,7544
6298,10169,9091
6298,10169,3731
6298,10169,8079
6298,10169,7909
10486,10170,5145
10486,10170,8201
13496,10171,7717
13496,10171,2870
13496,10171,3888
13496,10171,5574
13496,10171,9206
13496,10171,3089
13639,10172,1698
13639,10172,3723
13639,10172,1971
13639,10172,171
16741,10173,5119
16741,10173,2008
16741,10173,7611
16741,10173,2011
16741,10173,248
18907,10174,7750
18907,10174,4412
18907,10174,9529
18907,10174,3297
18907,10174,4093
18907,10174,9918
18907,10174,2382
5575,10175,9660
5575,10175,587
5575,10175,5798
5575,10175,8769
5575,10175,182
5575,10175,5498
5575,10175,864
10551,10176,1385
10551,10176,9738
10551,10176,8379
10551,10176,9740
10551,10176,3069
10551,10176,3548
6415,10177,478
18493,10178,2518
18493,10178,4372
18493,10178,3490
18493,10178,8657
82,10179,5518
82,10179,7209
82,10179,5558
82,10179,7631
82,10179,2260
82,10179,2313
82,10179,8465
3546,10180,5263
3546,10180,8847
3546,10180,7936
3546,10180,964
3546,10180,5643
3546,10180,6633
3546,10180,6334
3546,10180,6858
4831,10181,1521
4831,10181,2793
4831,10181,1242
4831,10181,6623
4831,10181,3031
16585,10182,7927
16585,10182,4890
16585,10182,7741
8747,10183,6524
8747,10183,7546
8747,10183,1866
8747,10183,8970
3525,10184,3020
3525,10184,3788
3525,10184,2500
3525,10184,4342
3525,10184,48
3525,10184,6862
3525,10184,1159
3525,10184,5471
16126,10185,7514
16126,10185,9431
16126,10185,1742
16126,10185,2764
16126,10185,163
6365,10186,9232
6365,10186,9155
18406,10187,4141
18406,10187,3498
18406,10187,5829
18406,10187,7674
18406,10187,7971
18406,10187,9037
18406,10187,4566
18406,10187,5803
18406,10187,9964
15673,10188,9497
15673,10188,7456
18980,10189,8386
18980,10189,4797
18980,10189,1607
18980,10189,4355
18980,10189,9286
18980,10189,4467
18980,10189,9727
18980,10189,9099
18126,10190,6900
18126,10190,4805
18126,10190,9021
18126,10190,5048
5804,10191,4898
13007,10192,5783
13007,10192,8697
13007,10192,1798
13007,10192,9281
13007,10192,3953
13007,10192,9960
13717,10193,3254
13717,10193,6377
13717,10193,6084
13717,10193,1204
12201,10194,2604
16772,10195,8636
16772,10195,3769
16772,10195,8780
16772,10195,3558
16772,10195,3168
18511,10196,4365
18511,10196,7152
18511,10196,1491
18511,10196,5301
18511,10196,4456
18511,10196,28
18511,10196,6329
18511,10196,5445
8159,10197,1996
8159,10197,3510
8159,10197,7814
8159,10197,8423
8159,10197,5932
8159,10197,2261
18826,10198,7768
4446,10199,9282
9452,10200,8805
9452,10200,4526
9452,10200,7877
9452,10200,6353
9452,10200,4711
9452,10200,9101
9452,10200,184
9452,10200,939
3364,10201,7726
3364,10201,765
3364,10201,9276
3364,10201,3580
3364,10201,4772
3364,10201,4730
3364,10201,885
3364,10201,4377
1458,10202,5504
1458,10202,2642
7160,10203,5262
7160,10203,4230
7160,10203,3101
7160,10203,477
7160,10203,5040
7160,10203,8370
6198,10204,2354
6198,10204,5785
6198,10204,8493
6198,10204,1641
6198,10204,3788
6198,10204,9684
6198,10204,7862
6247,10205,6111
6247,10205,3611
6247,10205,3673
6247,10205,643
6247,10205,8462
6247,10205,5141
6247,10205,3806
6247,10205,9612
16210,10206,2101
16210,10206,3059
16210,10206,2315
16210,10206,6114
16210,10206,4044
16210,10206,5320
16210,10206,5603
16210,10206,6742
14769,10207,4166
14769,10207,7890
14769,10207,3951
14769,10207,7562
14769,10207,5607
14769,10207,9862
5839,10208,3840
5839,10208,17
5839,10208,9912
11030,10209,4791
11030,10209,2163
11030,10209,7889
11030,10209,2564
11030,10209,4301
3724,10210,9250
3724,10210,6593
3724,10210,380
3724,10210,3565
3724,10210,1689
3724,10210,2102
3724,10210,8919
3724,10210,7116
3811,10211,8013
3811,10211,3409
3811,10211,8698
3811,10211,7090
3811,10211,9571
3811,10211,864
3811,10211,2149
5057,10212,6748
5057,10212,6216
5057,10212,6830
7889,10213,5850
7889,10213,984
7889,10213,6270
7889,10213,4438
3055,10214,6216
3055,10214,490
19119,10215,2194
19119,10215,4035
19119,10215,6489
19119,10215,3543
19119,10215,4808
19119,10215,9381
19119,10215,5212
19119,10215,4520
17916,10216,485
17916,10216,8527
17916,10216,1204
17916,10216,5066
17916,10216,8576
17916,10216,5275
17916,10216,3599
176,10217,5564
176,10217,4582
176,10217,5639
316,10218,9116
19201,10219,6302
19201,10219,4463
19201,10219,8789
19201,10219,7326
19201,10219,3807
5968,10220,5704
5968,10220,8525
5968,10220,1520
5968,10220,79
2704,10221,9074
2704,10221,3037
2704,10221,9256
2704,10221,2511
2598,10222,5362
2598,10222,8954
2598,10222,3545
2598,10222,2278
2598,10222,6542
2598,10222,9534
2598,10222,4966
2598,10222,4888
3556,10223,5587
9684,10224,8560
9684,10224,4037
9684,10224,3830
5567,10225,2749
5567,10225,8667
5567,10225,1213
5567,10225,7351
5567,10225,7813
5567,10225,5465
5567,10225,4016
5567,10225,8813
5567,10225,3946
18083,10226,4842
18083,10226,8318
18083,10226,5214
6691,10227,3755
6691,10227,3494
6691,10227,478
6691,10227,1145
13218,10228,4796
13218,10228,6699
13218,10228,4919
13218,10228,7783
13218,10228,4147
13218,10228,2512
13218,10228,1296
5500,10229,6954
893,10230,1290
893,10230,1311
893,10230,7545
4681,10231,1081
4681,10231,9310
4681,10231,5869
4681,10231,1487
4681,10231,5919
4681,10231,6104
4681,10231,5532
4681,10231,2839
10764,10232,8403
10764,10232,2725
539,10233,2610
7380,10234,2553
7380,10234,992
7380,10234,5763
7380,10234,6821
7380,10234,9484
7380,10234,9040
7380,10234,4838
15538,10235,1991
15538,10235,5821
15538,10235,5820
15538,10235,644
15538,10235,6253
15538,10235,2119
9343,10236,8711
9343,10236,4309
9343,10236,2781
9343,10236,7884
9343,10236,6115
9343,10236,2858
9343,10236,491
4961,10237,3064
4961,10237,9655
4961,10237,5481
4961,10237,2577
4961,10237,3675
4961,10237,2271
1962,10238,6513
8792,10239,7118
15215,10240,88
15215,10240,84
15215,10240,1168
15215,10240,6857
18867,10241,8417
18867,10241,8146
18867,10241,7499
18867,10241,5488
18867,10241,407
18867,10241,8407
18867,10241,564
18867,10241,1946
18867,10241,3131
6437,10242,6369
6437,10242,9138
6437,10242,6757
6437,10242,2659
6437,10242,4102
6437,10242,7522
6437,10242,5874
6437,10242,133
6437,10242,9032
14877,10243,2962
14877,10243,6871
12373,10244,5586
9446,10245,9505
9446,10245,8868
9446,10245,2640
9446,10245,5853
9446,10245,1410
9446,10245,9873
9446,10245,6525
9446,10245,7880
1683,10246,6934
1683,10246,6151
1683,10246,2100
1683,10246,1925
1683,10246,6459
1683,10246,1071
1683,10246,2394
1683,10246,9569
1683,10246,6328
15474,10247,8178
15474,10247,4620
15474,10247,9743
15474,10247,6898
7664,10248,77
7664,10248,5565
7664,10248,5192
7664,10248,2832
10450,10249,258
10450,10249,2977
10450,10249,265
10450,10249,7221
10450,10249,2316
10450,10249,4500
10450,10249,9554
14463,10250,1060
13250,10251,8649
13250,10251,4170
13250,10251,5365
13250,10251,4190
13250,10251,2898
13250,10251,9425
13250,10251,1550
13250,10251,1606
12210,10252,7503
12210,10252,5270
12210,10252,7499
12210,10252,8038
12210,10252,2954
12210,10252,8120
12210,10252,5485
12210,10252,8237
4852,10253,9592
4852,10253,8719
4852,10253,2540
4852,10253,5008
4852,10253,6429
4852,10253,9063
8665,10254,662
8665,10254,5412
8665,10254,45
8665,10254,5217
8665,10254,5819
16953,10255,4033
16953,10255,8742
16953,10255,6613
3241,10256,2553
3241,10256,3435
3241,10256,5701
3241,10256,5452
3241,10256,4797
3241,10256,9977
3241,10256,4393
3241,10256,369
3241,10256,8647
9052,10257,9997
9052,10257,5471
9052,10257,9615
3840,10258,3288
17977,10259,5351
17977,10259,7348
17977,10259,1218
17977,10259,521
17977,10259,1951
17977,10259,8332
15848,10260,6258
15848,10260,300
15848,10260,7375
15848,10260,7791
2158,10261,68
10835,10262,745
10835,10262,5918
10835,10262,7671
10835,10262,433
8251,10263,7816
8251,10263,693
16134,10264,3491
16134,10264,4925
16134,10264,6300
16134,10264,8889
7512,10265,9841
7512,10265,2418
5701,10266,6976
5701,10266,1462
5701,10266,7625
5701,10266,2906
5701,10266,221
5701,10266,7525
5701,10266,5504
5701,10266,4111
5701,10266,7442
15701,10267,9004
15701,10267,5464
15701,10267,4107
15242,10268,5062
15242,10268,6039
17889,10269,8494
17889,10269,3702
17889,10269,6340
17889,10269,5801
17889,10269,812
17889,10269,1631
17889,10269,2973
17889,10269,4163
17889,10269,2056
12655,10270,7575
12655,10270,8758
17054,10271,8516
4435,10272,29
1681,10273,8408
1681,10273,6277
1681,10273,2992
1681,10273,839
1681,10273,4660
1681,10273,9126
15766,10274,6410
15766,10274,1319
10421,10275,5442
10421,10275,5353
10421,10275,8012
10421,10275,5095
10421,10275,1492
8965,10276,2465
8965,10276,6556
8965,10276,6596
8965,10276,9472
8965,10276,5553
8965,10276,846
8965,10276,807
8965,10276,2081
8965,10276,4802
309,10277,7090
309,10277,9551
309,10277,3441
6288,10278,7506
6288,10278,7117
6288,10278,9157
6288,10278,6544
6288,10278,2470
6552,10279,1225
6552,10279,1183
6552,10279,2644
6552,10279,9478
18056,10280,7567
18056,10280,6811
18056,10280,6904
18056,10280,854
21,10281,4720
21,10281,2350
21,10281,6354
21,10281,9960
21,10281,2528
10343,10282,4905
10343,10282,2429
10343,10282,3192
10343,10282,4596
2999,10283,5520
2999,10283,6791
2999,10283,7698
2999,10283,9204
2999,10283,7810
2999,10283,85
2999,10283,3135
14117,10284,459
14117,10284,7737
14117,10284,5907
14117,10284,2882
14117,10284,931
14117,10284,2002
14117,10284,5589
14117,10284,7986
11366,10285,5731
11366,10285,8409
11366,10285,9469
16761,10286,6592
16761,10286,8899
16761,10286,1948
16761,10286,5257
16761,10286,5308
16761,10286,3637
18449,10287,1604
18449,10287,5104
18449,10287,1329
18449,10287,7192
18449,10287,6650
18449,10287,1281
18449,10287,5041
18449,10287,1288
18449,10287,8943
1781,10288,5719
1781,10288,7404
17679,10289,8261
17679,10289,915
17679,10289,5676
5734,10290,9527
9135,10291,6200
9135,10291,7398
9135,10291,2977
9135,10291,3376
9135,10291,2689
9135,10291,8050
9135,10291,9619
15757,10292,1243
15757,10292,5892
15757,10292,5353
15757,10292,6289
4426,10293,9425
4426,10293,6362
4426,10293,7805
4426,10293,9212
3799,10294,2196
3799,10294,2710
3799,10294,9456
3799,10294,8577
3799,10294,2007
3799,10294,6140
4856,10295,4641
4856,10295,7747
4856,10295,7331
4856,10295,887
196,10296,1998
196,10296,7559
537,10297,9790
537,10297,7
537,10297,2166
537,10297,9156
537,10297,8574
537,10297,7977
537,10297,3080
537,10297,7279
537,10297,9831
6553,10298,4754
6553,10298,137
19977,10299,9297
19977,10299,1272
19977,10299,4166
19977,10299,5448
8041,10300,7235
8041,10300,1643
8041,10300,8205
8041,10300,2679
8041,10300,4750
8041,10300,5611
11493,10301,5735
11493,10301,9230
11493,10301,6764
11493,10301,4333
11493,10301,3939
11493,10301,4250
17928,10302,6758
9924,10303,8712
9924,10303,9167
9924,10303,5168
9924,10303,69
9924,10303,6025
9924,10303,1377
9924,10303,834
9924,10303,5755
19386,10304,1575
19386,10304,2283
19386,10304,9782
10657,10305,3554
10657,10305,5401
10657,10305,7036
10657,10305,3090
10657,10305,7552
10657,10305,2907
10657,10305,4367
10657,10305,7069
10657,10305,8907
7706,10306,2600
7706,10306,765
19167,10307,9319
19167,10307,7494
19167,10307,3984
19167,10307,5289
19167,10307,1632
9077,10308,8279
14369,10309,1038
7275,10310,6019
7275,10310,2224
7275,10310,1722
18430,10311,3744
18430,10311,6048
18430,10311,4390
18430,10311,9913
18430,10311,2789
18430,10311,4992
18430,10311,5376
18430,10311,3952
18430,10311,4392
1112,10312,7499
1112,10312,9796
1112,10312,2235
1112,10312,8435
1112,10312,3761
1112,10312,47
8872,10313,593
8872,10313,5657
8872,10313,8295
8872,10313,5548
8872,10313,7445
8872,10313,8074
8872,10313,495
15985,10314,7213
15985,10314,8143
15985,10314,7966
15985,10314,7825
10755,10315,2843
10755,10315,8585
10755,10315,8623
10755,10315,9531
13950,10316,4469
13950,10316,3740
13950,10316,2595
13950,10316,1388
13950,10316,443
13950,10316,5454
13950,10316,1433
6286,10317,6897
6286,10317,1906
6286,10317,9997
6286,10317,2359
6286,10317,4699
6286,10317,6502
6286,10317,8681
6286,10317,3410
12010,10318,5812
2531,10319,4544
2531,10319,4493
2777,10320,6869
2777,10320,9964
2777,10320,4220
2777,10320,711
2777,10320,3469
2777,10320,1691
2777,10320,1811
2777,10320,2883
2777,10320,1078
1990,10321,2344
1990,10321,9946
14950,10322,6910
14950,10322,7091
14950,10322,4321
10062,10323,4422
10062,10323,1881
10062,10323,4413
10062,10323,1436
10062,10323,3457
6832,10324,7919
6832,10324,5666
6832,10324,9178
6832,10324,8019
6832,10324,8983
6832,10324,2961
6832,10324,6420
6832,10324,8334
5510,10325,8987
5510,10325,6141
19194,10326,3013
19194,10326,7389
19194,10326,4356
19194,10326,6552
19194,10326,6943
19194,10326,9622
19194,10326,9679
19194,10326,9228
15122,10327,316
15122,10327,7951
15122,10327,3305
15122,10327,9723
15122,10327,3688
15122,10327,3939
2654,10328,4381
2654,10328,1161
2654,10328,8752
2654,10328,7249
2654,10328,3364
2654,10328,4528
2654,10328,4038
8706,10329,3655
8706,10329,9054
8706,10329,4479
8706,10329,3996
8706,10329,9442
14145,10330,1255
14145,10330,5448
14145,10330,6834
14145,10330,8437
5930,10331,2041
5930,10331,7563
5930,10331,2612
3331,10332,4407
3331,10332,9833
19154,10333,3702
18300,10334,1846
18300,10334,3830
18300,10334,3583
18300,10334,4229
3581,10335,3007
3581,10335,6392
3581,10335,1813
3581,10335,6189
3581,10335,4646
11131,10336,7740
11131,10336,4074
11131,10336,3222
11131,10336,539
11131,10336,6938
2332,10337,2956
2332,10337,8358
2332,10337,3602
2332,10337,3563
19501,10338,1793
9164,10339,4171
9164,10339,3418
9164,10339,3197
9164,10339,4443
11918,10340,9590
11918,10340,1028
11918,10340,218
11918,10340,2696
11918,10340,42
11918,10340,3531
11918,10340,8434
11918,10340,5381
17171,10341,5863
17171,10341,1467
17171,10341,5062
17171,10341,9193
985,10342,4748
985,10342,9405
4201,10343,343
4201,10343,3760
4201,10343,7599
4201,10343,2968
4201,10343,7725
4201,10343,1579
6091,10344,8954
6091,10344,9961
6091,10344,2332
6091,10344,2278
6091,10344,2912
6091,10344,2045
6091,10344,3783
8250,10345,2901
8250,10345,9087
8250,10345,8168
8250,10345,6523
8250,10345,399
8250,10345,2792
8250,10345,5105
8250,10345,4885
8250,10345,2567
9688,10346,6526
9688,10346,8428
9688,10346,7129
9688,10346,4433
9688,10346,4562
9688,10346,857
9688,10346,3202
9688,10346,460
9688,10346,8771
3125,10347,3308
3125,10347,8177
3125,10347,6003
595,10348,6636
595,10348,7552
595,10348,6107
595,10348,3957
595,10348,9319
595,10348,4317
595,10348,3838
5218,10349,4172
14958,10350,3353
14958,10350,5704
17534,10351,259
17534,10351,5024
17961,10352,3795
15264,10353,241
15264,10353,5184
15264,10353,1295
15264,10353,1891
15264,10353,86
11578,10354,4556
11578,10354,9831
11578,10354,9493
11578,10354,1179
11578,10354,3834
11578,10354,511
11578,10354,9560
11578,10354,5260
11001,10355,9913
11001,10355,1861
11001,10355,8357
4605,10356,873
4605,10356,6987
4605,10356,7105
4605,10356,5557
4605,10356,6822
4605,10356,6494
12107,10357,1738
12107,10357,7779
12107,10357,1978
7676,10358,5784
7676,10358,8574
7676,10358,2899
7676,10358,5809
7676,10358,150
7676,10358,6365
6374,10359,520
6374,10359,3743
6374,10359,4391
6374,10359,9714
6374,10359,4659
6374,10359,9860
6374,10359,5529
2626,10360,4832
2626,10360,6867
2626,10360,8677
2626,10360,3554
2626,10360,2721
2626,10360,8228
2626,10360,2440
12365,10361,1663
12365,10361,6489
12365,10361,1204
12365,10361,8896
15483,10362,5162
15483,10362,383
18118,10363,4100
18118,10363,1821
18118,10363,9580
18118,10363,1075
18118,10363,442
18118,10363,3828
18118,10363,386
3178,10364,8322
3178,10364,5063
3178,10364,3955
3178,10364,9243
3178,10364,2252
3178,10364,3396
3178,10364,9830
3300,10365,5910
3300,10365,2146
3300,10365,1772
4314,10366,3746
4314,10366,4202
4314,10366,5314
4314,10366,8434
4314,10366,9488
4314,10366,3606
4314,10366,436
530,10367,1915
530,10367,8728
530,10367,5220
530,10367,4176
530,10367,6846
530,10367,9148
5787,10368,4961
5787,10368,2977
5787,10368,668
5787,10368,1069
3009,10369,1769
3009,10369,3326
3009,10369,94
3009,10369,1509
3009,10369,2927
3009,10369,2304
3009,10369,8315
15654,10370,1541
15654,10370,390
15654,10370,2699
15654,10370,6982
15654,10370,5330
15654,10370,5272
15654,10370,8419
15654,10370,2376
15654,10370,724
4465,10371,7916
4465,10371,6496
4465,10371,1537
4465,10371,4058
4465,10371,8393
4465,10371,5186
4465,10371,116
14193,10372,8280
14193,10372,1772
14193,10372,3963
14193,10372,8442
14193,10372,6617
8797,10373,4484
8797,10373,1066
8797,10373,4860
8797,10373,1900
8797,10373,721
1673,10374,7933
1673,10374,7041
17625,10375,2960
17625,10375,2190
17625,10375,3590
17625,10375,3975
17625,10375,3943
17625,10375,8010
17625,10375,4477
12753,10376,3462
16862,10377,5051
16862,10377,5832
16862,10377,5884
16862,10377,6097
16862,10377,94
16862,10377,8420
16862,10377,7395
16862,10377,6235
16862,10377,852
10656,10378,1705
10656,10378,7326
10656,10378,1394
10656,10378,3597
10656,10378,8633
10656,10378,8495
8757,10379,3222
8757,10379,1623
8757,10379,6983
8757,10379,4035
9772,10380,214
9772,10380,3172
9772,10380,7812
9772,10380,7084
9772,10380,9510
9772,10380,629
9772,10380,9328
13136,10381,9905
13136,10381,9114
13136,10381,8364
13136,10381,544
13136,10381,9314
13136,10381,7284
14995,10382,9415
12997,10383,7179
13013,10384,3075
13013,10384,7336
12899,10385,2546
12899,10385,9104
12899,10385,5947
12899,10385,8635
12899,10385,3885
12899,10385,4307
12899,10385,9149
15034,10386,6513
15034,10386,3482
15034,10386,6782
15034,10386,6252
15034,10386,9535
15034,10386,567
15034,10386,1300
806,10387,6791
806,10387,8576
806,10387,3590
806,10387,3974
806,10387,8453
9593,10388,55
9593,10388,1401
9593,10388,785
9593,10388,953
9593,10388,2246
9593,10388,4359
9593,10388,4630
19200,10389,3205
13588,10390,9533
13588,10390,9159
13588,10390,3191
13588,10390,6557
13588,10390,4134
9837,10391,5238
19193,10392,3045
19193,10392,6783
19193,10392,6085
19193,10392,8587
19193,10392,6781
19193,10392,2884
19193,10392,6923
227,10393,3359
227,10393,614
227,10393,999
12471,10394,5832
12471,10394,4210
12471,10394,820
12471,10394,403
12471,10394,979
12471,10394,4402
12471,10394,7517
8879,10395,4553
15824,10396,1352
15824,10396,9664
15824,10396,4588
15824,10396,2854
14126,10397,8055
18065,10398,6791
18065,10398,8623
15899,10399,9223
15899,10399,3107
15899,10399,7306
15899,10399,4928
15899,10399,285
6275,10400,200
6275,10400,9953
6275,10400,8926
6275,10400,7287
6275,10400,8227
6275,10400,3815
6275,10400,4940
6275,10400,4799
6275,10400,9652
5517,10401,7217
5517,10401,4111
5517,10401,5038
5517,10401,639
5517,10401,4739
5517,10401,4199
5517,10401,9093
12759,10402,457
12759,10402,6656
12759,10402,9007
12759,10402,1370
12759,10402,5474
12759,10402,1417
12759,10402,8348
12759,10402,1593
12759,10402,6134
13545,10403,7611
13545,10403,6704
16568,10404,8091
16568,10404,4207
16568,10404,8937
16568,10404,6200
16568,10404,1871
16568,10404,1513
16568,10404,7743
16568,10404,1921
16568,10404,2318
19185,10405,1606
19185,10405,3366
19185,10405,9141
19185,10405,6594
19185,10405,1946
19185,10405,5764
19185,10405,9430
11257,10406,7302
11257,10406,4523
12886,10407,4498
12886,10407,8289
12886,10407,7913
12886,10407,1761
12886,10407,8204
12886,10407,3566
12886,10407,3126
12886,10407,9481
17819,10408,4538
3678,10409,6883
3678,10409,3228
3678,10409,188
3678,10409,1609
3678,10409,7049
3678,10409,8370
3678,10409,799
8729,10410,9875
8729,10410,1725
8729,10410,9760
8594,10411,6136
8594,10411,1611
8594,10411,515
8594,10411,4281
8594,10411,2563
19222,10412,8420
19222,10412,4122
19222,10412,572
19222,10412,966
19222,10412,6342
19222,10412,1984
19222,10412,8005
3826,10413,936
3826,10413,9552
3826,10413,5823
3826,10413,2153
3826,10413,9721
3826,10413,7996
12830,10414,4545
12830,10414,8493
12830,10414,2355
8678,10415,8887
8678,10415,8119
8678,10415,7865
8678,10415,9245
8678,10415,505
8678,10415,1248
1938,10416,6099
1938,10416,7863
4814,10417,7918
4814,10417,9194
4814,10417,6039
4814,10417,2326
888,10418,9498
888,10418,6741
888,10418,7496
888,10418,2659
888,10418,8957
888,10418,2396
888,10418,9514
888,10418,2492
888,10418,2665
1164,10419,6702
1164,10419,9063
1164,10419,4499
1164,10419,9470
1164,10419,9847
1164,10419,112
1164,10419,8970
1164,10419,4575
1164,10419,8556
1901,10420,1208
1901,10420,3169
1901,10420,2915
1901,10420,4454
1901,10420,1844
1901,10420,6024
1901,10420,182
1901,10420,1428
2548,10421,7861
2548,10421,5924
2548,10421,9217
2548,10421,5967
2548,10421,5430
2548,10421,5278
2548,10421,5633
2548,10421,510
9926,10422,6118
9926,10422,4104
9926,10422,1543
19495,10423,8064
19495,10423,2157
19495,10423,7101
19495,10423,8467
19495,10423,8863
8281,10424,2587
8281,10424,1800
8281,10424,6005
4245,10425,8421
4245,10425,6774
7158,10426,8244
7158,10426,1159
7158,10426,2468
7158,10426,8411
7158,10426,3522
7158,10426,5471
7158,10426,9284
2166,10427,7880
11395,10428,5059
11395,10428,6016
9908,10429,6049
9908,10429,4320
9908,10429,2123
9908,10429,9847
9908,10429,8761
9908,10429,9698
9908,10429,3374
9908,10429,9127
9908,10429,5896
18238,10430,764
18238,10430,2041
18238,10430,1929
18238,10430,1732
18238,10430,1748
12135,10431,8798
12135,10431,3530
12135,10431,1461
12135,10431,5602
12135,10431,8022
12135,10431,206
12135,10431,1734
12135,10431,3035
7596,10432,577
7596,10432,4414
12324,10433,2229
12324,10433,1043
12324,10433,2529
7979,10434,8824
7979,10434,8913
7979,10434,9738
7979,10434,3744
6689,10435,4986
6689,10435,1407
6689,10435,9454
6689,10435,5562
6689,10435,1956
6689,10435,5928
6689,10435,8817
14800,10436,1585
14800,10436,1192
14800,10436,299
14800,10436,1142
14800,10436,3701
541,10437,7417
541,10437,1772
541,10437,3710
11331,10438,8665
11331,10438,798
11331,10438,1340
5848,10439,3421
5848,10439,3726
5848,10439,8854
12480,10440,8613
12480,10440,9201
12480,10440,1982
12480,10440,7718
5682,10441,6780
5682,10441,3474
5682,10441,4775
5682,10441,1043
5682,10441,7877
5682,10441,4099
5682,10441,9025
19622,10442,4101
19622,10442,1835
19622,10442,8188
19622,10442,6210
19622,10442,2210
19622,10442,8746
19622,10442,2024
10996,10443,578
10996,10443,8537
10996,10443,9150
10996,10443,55
10996,10443,5587
10996,10443,7985
10996,10443,5805
10996,10443,2582
10996,10443,5386
3191,10444,6380
3191,10444,6608
3191,10444,945
3191,10444,3902
8957,10445,2932
8957,10445,1504
8957,10445,6600
8957,10445,2069
8957,10445,1868
8957,10445,6670
8957,10445,5513
8957,10445,5218
3782,10446,7310
16509,10447,2843
16509,10447,6813
16509,10447,7521
18049,10448,6114
18049,10448,1727
18049,10448,2673
18049,10448,2430
18049,10448,450
18049,10448,5151
18049,10448,9538
13694,10449,5102
13694,10449,4898
13694,10449,9993
15027,10450,6538
5302,10451,632
5302,10451,7869
5302,10451,9842
5302,10451,707
5302,10451,2419
5302,10451,774
5302,10451,7091
5302,10451,9111
5302,10451,5133
10249,10452,2638
18350,10453,1826
18350,10453,8023
18350,10453,1998
18350,10453,5518
18350,10453,4211
18350,10453,6831
18350,10453,6468
18350,10453,3177
4574,10454,6295
4574,10454,1653
4574,10454,6082
4574,10454,9184
4574,10454,3466
4574,10454,5433
6910,10455,9347
6910,10455,4717
6910,10455,9489
11912,10456,9514
11912,10456,5649
11912,10456,7076
11912,10456,1149
14461,10457,4114
14461,10457,3680
14461,10457,1776
19047,10458,2789
19047,10458,5904
19047,10458,3701
5703,10459,3398
5703,10459,3010
5703,10459,7041
5703,10459,9202
5703,10459,1389
5703,10459,4135
5703,10459,8704
959,10460,3
959,10460,398
959,10460,1967
959,10460,5068
959,10460,2389
959,10460,8520
959,10460,1047
959,10460,6936
7951,10461,4971
7951,10461,3812
5031,10462,2995
5994,10463,5788
5994,10463,4901
5994,10463,6741
5994,10463,4155
5994,10463,9127
5994,10463,7177
5994,10463,9257
5994,10463,37
10015,10464,4113
10015,10464,7484
10015,10464,2329
10015,10464,325
10015,10464,3475
18526,10465,118
18526,10465,1319
18526,10465,2502
18526,10465,9474
17460,10466,6200
17460,10466,1552
17460,10466,5371
17460,10466,5447
17460,10466,6695
17460,10466,3333
13615,10467,6070
13615,10467,1466
13615,10467,4193
13615,10467,460
13615,10467,3230
13615,10467,6373
13615,10467,8663
9724,10468,8133
9724,10468,3495
9724,10468,4243
9724,10468,1355
9724,10468,7209
9724,10468,4382
9724,10468,7096
9724,10468,608
9602,10469,1496
9602,10469,7030
9602,10469,4310
9602,10469,3484
9602,10469,554
9602,10469,8421
9602,10469,889
10262,10470,2706
10262,10470,3281
10262,10470,2971
10262,10470,7538
8351,10471,1273
16606,10472,3995
16606,10472,9751
16606,10472,725
16606,10472,3235
16606,10472,87
16606,10472,6745
16606,10472,9121
16606,10472,1505
16606,10472,6536
8147,10473,8249
8147,10473,1993
13691,10474,6007
13691,10474,5269
13691,10474,6368
13691,10474,3929
8031,10475,6207
8031,10475,3801
8031,10475,6625
8031,10475,2187
478,10476,6670
478,10476,2180
478,10476,9953
11919,10477,1717
11919,10477,8280
11919,10477,7793
5791,10478,7119
5791,10478,3580
5791,10478,4374
5791,10478,3145
5791,10478,6005
5791,10478,1442
7244,10479,3626
7244,10479,3278
7244,10479,4952
7244,10479,3641
7244,10479,641
7244,10479,9118
7244,10479,4329
2893,10480,5190
2893,10480,5515
2893,10480,6549
2893,10480,2593
2893,10480,4192
2893,10480,1613
2893,10480,7278
2893,10480,2504
2893,10480,688
8657,10481,5762
8657,10481,6492
8657,10481,9158
8657,10481,1536
8657,10481,2410
8657,10481,316
13729,10482,4855
13729,10482,7612
13729,10482,3474
13729,10482,1705
13729,10482,5444
13729,10482,3433
13729,10482,6721
4964,10483,2572
4964,10483,6336
4964,10483,5631
4964,10483,833
11784,10484,3544
11784,10484,9747
11784,10484,4131
11784,10484,6044
11784,10484,9197
11784,10484,8229
9898,10485,7431
9898,10485,3337
9898,10485,3751
9898,10485,4109
9898,10485,8417
9898,10485,5326
9898,10485,833
9898,10485,1198
9898,10485,5799
19858,10486,5765
19858,10486,3061
11082,10487,5203
11082,10487,3406
11082,10487,6374
966,10488,5425
966,10488,1714
966,10488,9997
966,10488,634
966,10488,3855
966,10488,5724
2977,10489,5481
8844,10490,794
8844,10490,83
16588,10491,4922
16588,10491,9061
16588,10491,9332
16588,10491,9546
16588,10491,4851
16588,10491,6129
16588,10491,1417
5588,10492,159
5588,10492,1965
5588,10492,2551
5588,10492,3767
5588,10492,9927
5588,10492,928
5588,10492,1628
1376,10493,9744
1376,10493,9946
1376,10493,5430
1376,10493,5170
1376,10493,9943
1376,10493,9640
1376,10493,4775
1376,10493,5618
1376,10493,59
7651,10494,8255
7651,10494,7001
7651,10494,7579
7651,10494,570
7651,10494,7632
7651,10494,2092
7651,10494,4908
7651,10494,3653
7651,10494,4368
8014,10495,3806
8014,10495,8823
16641,10496,7745
16641,10496,4522
16641,10496,5826
12789,10497,6708
3231,10498,1693
3231,10498,4852
6113,10499,6879
6113,10499,7819
6113,10499,8227
6113,10499,1662
12366,10500,8283
12366,10500,3671
12366,10500,3138
12366,10500,4697
12366,10500,1994
12366,10500,1999
12366,10500,2612
5520,10501,6714
5520,10501,3676
5520,10501,5654
5520,10501,40
2982,10502,8768
2982,10502,1698
2982,10502,2224
2982,10502,2816
2982,10502,5577
2982,10502,3392
2982,10502,8494
2982,10502,4425
8661,10503,1116
8661,10503,9
8661,10503,526
8661,10503,4085
8661,10503,1539
612,10504,2744
612,10504,3517
612,10504,8506
612,10504,369
612,10504,6668
612,10504,7900
612,10504,42
612,10504,5423
13076,10505,3307
13076,10505,2196
7470,10506,4041
7470,10506,8204
7470,10506,5921
7470,10506,2344
7470,10506,814
7470,10506,6324
7470,10506,1574
7470,10506,8574
7470,10506,887
6052,10507,5174
14739,10508,1104
14739,10508,6420
14739,10508,539
14739,10508,1929
14739,10508,6344
14739,10508,886
14739,10508,6984
17115,10509,174
17115,10509,7207
17115,10509,5345
1037,10510,7888
1037,10510,8260
9359,10511,9302
9359,10511,6013
9359,10511,336
9359,10511,2802
9359,10511,4108
9359,10511,5877
9359,10511,651
9359,10511,7860
9359,10511,2829
19659,10512,1191
19659,10512,9988
19659,10512,601
19659,10512,4130
19659,10512,8555
19659,10512,799
19659,10512,9077
3757,10513,9318
3757,10513,1114
3757,10513,378
3757,10513,7825
3757,10513,2177
3757,10513,3036
8453,10514,3677
15613,10515,1239
15613,10515,2709
15613,10515,4775
15613,10515,2194
15613,10515,9747
15613,10515,7556
15613,10515,1479
15613,10515,9832
4016,10516,7906
4016,10516,8401
4016,10516,3909
4016,10516,3520
12724,10517,3
12724,10517,1437
7260,10518,5141
7260,10518,9124
7260,10518,3495
7260,10518,5924
7260,10518,963
7260,10518,8809
7260,10518,1973
7260,10518,4281
15602,10519,4163
15602,10519,293
15602,10519,5356
15602,10519,8943
15602,10519,5360
15602,10519,2137
15602,10519,2509
15602,10519,7120
15602,10519,216
2356,10520,47
2356,10520,6655
2356,10520,9546
2356,10520,2128
2356,10520,5113
2356,10520,9933
2356,10520,456
2356,10520,7135
2356,10520,9161
2595,10521,2558
2595,10521,4857
2595,10521,3157
2595,10521,3951
2595,10521,4939
2595,10521,8514
2595,10521,8324
2595,10521,7535
5295,10522,8053
5295,10522,2199
5295,10522,6595
5295,10522,7682
5295,10522,2657
5295,10522,1794
5295,10522,789
7891,10523,8795
7891,10523,5933
8512,10524,4708
8512,10524,8857
8512,10524,9258
8512,10524,8646
8512,10524,2097
8512,10524,2816
10944,10525,686
10944,10525,6625
10944,10525,5186
10944,10525,608
10944,10525,5849
10944,10525,1289
10944,10525,796
10944,10525,732
10944,10525,9002
16518,10526,9715
16518,10526,838
16518,10526,8370
16518,10526,8003
16518,10526,8993
16518,10526,63
10498,10527,9230
10498,10527,4506
10498,10527,4757
10498,10527,7173
10498,10527,804
10498,10527,5076
10498,10527,4433
10498,10527,3353
8380,10528,3208
8380,10528,7358
8380,10528,3368
8380,10528,7818
8380,10528,2669
8380,10528,8693
8380,10528,2437
8380,10528,2416
19177,10529,5763
19177,10529,7060
19177,10529,9330
19177,10529,4342
19177,10529,4601
19177,10529,8030
19177,10529,5699
19177,10529,9
19177,10529,2807
10952,10530,7374
10952,10530,1684
10952,10530,9658
10952,10530,9377
10952,10530,9488
10952,10530,96
10952,10530,5334
10952,10530,6958
3117,10531,9368
3117,10531,2337
3117,10531,5460
3117,10531,7202
3117,10531,619
3117,10531,3737
3117,10531,9696
18706,10532,1692
18706,10532,2297
18706,10532,1638
18706,10532,1212
18706,10532,7306
18706,10532,154
18706,10532,7081
18833,10533,4560
18833,10533,5105
18833,10533,3329
18833,10533,3170
18833,10533,4262
18833,10533,2377
18833,10533,8108
18833,10533,4958
18833,10533,5855
14132,10534,7197
14132,10534,3339
14132,10534,4864
14132,10534,3693
14132,10534,7585
5379,10535,1532
5379,10535,6212
5379,10535,7550
11313,10536,6060
8187,10537,9432
8187,10537,7744
8187,10537,7049
1484,10538,8994
1484,10538,777
1484,10538,9414
1484,10538,9023
1484,10538,8101
1484,10538,4214
1484,10538,2229
1484,10538,4376
3173,10539,3987
3461,10540,4338
1411,10541,6932
12691,10542,1971
12691,10542,8530
1515,10543,9046
1515,10543,4076
1515,10543,9386
6225,10544,3888
6225,10544,2908
6225,10544,4835
6225,10544,5915
6225,10544,27
6225,10544,8112
6225,10544,807
6225,10544,637
17501,10545,1240
17501,10545,7750
17501,10545,566
17501,10545,3378
17501,10545,248
17501,10545,1628
17501,10545,7300
17501,10545,9540
17501,10545,614
1280,10546,6921
1280,10546,2094
16718,10547,7678
16718,10547,3677
16718,10547,2862
16718,10547,2563
16718,10547,8047
19348,10548,4209
19348,10548,8842
19348,10548,1940
19348,10548,5462
19348,10548,4754
19348,10548,1353
19348,10548,9939
12492,10549,3793
12492,10549,8310
12492,10549,8253
12597,10550,5973
12597,10550,9010
12597,10550,7113
18103,10551,5294
13293,10552,2444
13293,10552,9031
13293,10552,284
17188,10553,9467
17188,10553,1341
17188,10553,4673
17188,10553,3777
17188,10553,7494
4991,10554,2960
4991,10554,7474
19337,10555,7070
19337,10555,7103
19337,10555,445
19337,10555,5947
10827,10556,8562
4676,10557,3226
4676,10557,7575
4676,10557,4308
4676,10557,8399
4676,10557,6340
9860,10558,2551
9860,10558,5872
9860,10558,5596
9860,10558,2918
9860,10558,7232
9860,10558,4804
9860,10558,2176
9860,10558,8131
2714,10559,4523
2714,10559,5579
2714,10559,1092
2714,10559,3200
2714,10559,6848
18797,10560,2394
18797,10560,8751
18797,10560,9632
18797,10560,522
18797,10560,1776
18797,10560,6825
18797,10560,5521
1049,10561,9835
1049,10561,8707
1049,10561,6835
1049,10561,3468
1049,10561,9709
1049,10561,3080
10947,10562,785
2613,10563,4004
2613,10563,7874
2613,10563,9500
2613,10563,49
2613,10563,4923
2613,10563,3755
2613,10563,810
2613,10563,5535
10486,10564,4457
10486,10564,2825
10486,10564,475
10486,10564,2720
10486,10564,4916
10486,10564,4635
10486,10564,6307
11613,10565,4645
11613,10565,8375
11613,10565,197
11613,10565,8990
11613,10565,3461
11613,10565,974
11613,10565,612
11613,10565,2531
6010,10566,9672
6010,10566,8024
6010,10566,881
6010,10566,6815
6010,10566,137
6010,10566,7816
6010,10566,5028
10448,10567,955
10448,10567,5431
12086,10568,9480
12086,10568,6635
12086,10568,8486
12086,10568,8488
18737,10569,8693
18737,10569,5886
18737,10569,5759
18737,10569,2698
18737,10569,6137
18737,10569,1110
18737,10569,6905
16009,10570,1634
16009,10570,7943
16009,10570,8589
16009,10570,4574
16009,10570,2938
16009,10570,6445
10274,10571,1645
10274,10571,9409
10274,10571,9453
10274,10571,2414
10274,10571,2638
10274,10571,7103
10274,10571,7323
10274,10571,8038
11960,10572,2408
10690,10573,9123
10690,10573,8995
10690,10573,8089
10690,10573,4389
7683,10574,4404
7683,10574,6713
7683,10574,7339
7683,10574,1193
7683,10574,2992
7683,10574,1356
7683,10574,3279
1383,10575,4549
1383,10575,8588
1383,10575,2107
1383,10575,4182
1383,10575,4174
1383,10575,336
1383,10575,6557
1383,10575,2898
1383,10575,6246
14875,10576,379
7313,10577,4348
7313,10577,1520
7313,10577,8068
348,10578,6669
348,10578,5784
348,10578,8173
348,10578,1745
348,10578,5610
348,10578,1306
13836,10579,3885
13836,10579,9462
13836,10579,6244
13836,10579,4454
13836,10579,2706
13836,10579,7870
9305,10580,5609
9305,10580,6369
9305,10580,9891
9305,10580,4852
9305,10580,6103
9305,10580,8415
9305,10580,3076
9305,10580,7334
9305,10580,5343
3173,10581,9349
3173,10581,8550
3173,10581,8454
3173,10581,1871
3173,10581,610
3173,10581,7771
15323,10582,3162
15323,10582,2271
15323,10582,2722
15323,10582,3201
15323,10582,2307
15323,10582,6849
14904,10583,761
14904,10583,6696
14904,10583,9705
14904,10583,9435
14904,10583,6045
14904,10583,7293
14904,10583,4866
14904,10583,3419
14904,10583,3577
12596,10584,6353
12596,10584,1348
12596,10584,7223
14266,10585,5593
14266,10585,629
126,10586,7268
126,10586,9567
126,10586,5288
17727,10587,5162
17727,10587,2571
17727,10587,3052
17727,10587,4715
17727,10587,5396
17727,10587,7408
17727,10587,6783
17727,10587,4001
17727,10587,8299
7820,10588,6814
7820,10588,6875
7820,10588,5028
7820,10588,965
7820,10588,6802
18745,10589,3291
18745,10589,6740
18745,10589,7723
18745,10589,5036
18745,10589,7147
18745,10589,1916
18779,10590,4131
18779,10590,3771
17598,10591,2502
17598,10591,5361
17598,10591,4216
17598,10591,2379
17598,10591,5355
17598,10591,6192
17598,10591,3265
17598,10591,7583
17598,10591,264
19031,10592,1244
19031,10592,1380
19031,10592,4023
19031,10592,3813
19031,10592,8885
8490,10593,7245
8490,10593,8629
9641,10594,6048
9641,10594,7401
9641,10594,2758
9641,10594,5827
9641,10594,8467
9641,10594,4663
9641,10594,2084
11792,10595,2211
11792,10595,2624
11792,10595,8778
11792,10595,9046
11792,10595,2469
11792,10595,2226
11792,10595,9760
11792,10595,1405
8323,10596,5807
937,10597,9154
937,10597,5459
937,10597,6603
937,10597,7558
937,10597,2108
937,10597,9095
937,10597,3741
937,10597,3923
937,10597,9708
2224,10598,5274
2224,10598,9234
2224,10598,138
2224,10598,1548
2224,10598,6276
2224,10598,7088
2224,10598,604
2224,10598,9404
3021,10599,2663
3021,10599,3574
6563,10600,4394
6563,10600,7264
6563,10600,2364
6563,10600,746
6563,10600,3211
6563,10600,1366
6563,10600,2996
6563,10600,1221
1248,10601,2134
1248,10601,7070
1248,10601,4491
1248,10601,1382
1248,10601,3924
16634,10602,7984
16634,10602,893
16634,10602,7622
16634,10602,1024
8038,10603,7618
8038,10603,5434
8038,10603,4644
8038,10603,5632
8038,10603,2365
7493,10604,5395
7493,10604,4596
7493,10604,343
7493,10604,3273
7493,10604,1309
7493,10604,5339
17857,10605,3739
17857,10605,6907
17857,10605,3345
17857,10605,6740
17857,10605,3262
17857,10605,9098
17857,10605,2850
16490,10606,6397
16490,10606,9070
16490,10606,5437
16490,10606,563
16490,10606,2710
16490,10606,9704
6884,10607,2614
6884,10607,6221
6884,10607,5348
6884,10607,8458
6884,10607,5099
13987,10608,3484
13987,10608,419
13987,10608,5617
13987,10608,2932
13987,10608,6632
13987,10608,6623
8775,10609,9059
8775,10609,4102
8775,10609,1745
8775,10609,4761
8775,10609,3895
8775,10609,1509
8775,10609,6853
673,10610,2890
673,10610,8744
673,10610,8805
10853,10611,9814
10853,10611,3893
10853,10611,3877
10853,10611,4151
10853,10611,7444
10853,10611,5823
14661,10612,8391
14661,10612,5959
14661,10612,2949
14661,10612,8025
14661,10612,4670
14661,10612,7067
17551,10613,262
17551,10613,940
10182,10614,4003
10182,10614,2965
1111,10615,617
1111,10615,6701
9450,10616,1553
9450,10616,4005
9450,10616,1099
9450,10616,5876
9450,10616,2488
9450,10616,5499
9450,10616,1907
9450,10616,8296
2521,10617,1816
2521,10617,5052
2521,10617,1433
2521,10617,5997
2506,10618,3576
2506,10618,1837
2506,10618,2813
2506,10618,6034
2506,10618,4528
2506,10618,1970
2506,10618,6790
2506,10618,2342
2047,10619,8102
2047,10619,5773
2047,10619,8182
2047,10619,4170
13358,10620,3192
13358,10620,1271
13358,10620,2237
13358,10620,1305
13358,10620,8838
13358,10620,3198
11079,10621,6563
11079,10621,8407
11079,10621,1061
11079,10621,4198
11079,10621,5948
17939,10622,5566
17939,10622,1112
17939,10622,4242
17939,10622,4142
17939,10622,112
17939,10622,8821
4721,10623,7426
4721,10623,6491
15103,10624,6794
15103,10624,2639
15103,10624,4930
15103,10624,7280
16782,10625,1739
3700,10626,5159
3700,10626,6891
3700,10626,4917
3700,10626,9417
3700,10626,150
324,10627,6123
324,10627,6444
324,10627,4087
324,10627,1547
324,10627,2115
324,10627,174
11768,10628,414
11768,10628,7861
11768,10628,4868
11768,10628,1622
11768,10628,4184
6285,10629,8894
6285,10629,3940
6285,10629,9106
6285,10629,9061
6285,10629,8035
6285,10629,9532
6285,10629,5029
1462,10630,1592
1462,10630,1810
1462,10630,5326
1462,10630,743
1462,10630,5202
14269,10631,5189
14269,10631,6882
11886,10632,7119
11886,10632,263
8709,10633,8860
8709,10633,1597
8709,10633,928
8709,10633,4101
8709,10633,6431
8709,10633,6188
8709,10633,6437
8709,10633,627
8709,10633,4237
16514,10634,312
1149,10635,4929
1149,10635,8756
1149,10635,61
1149,10635,4458
1149,10635,7274
1149,10635,2658
1149,10635,7861
1149,10635,2786
1149,10635,7087
2647,10636,9580
2647,10636,2709
16109,10637,7761
16109,10637,3246
16109,10637,9182
16109,10637,6868
16109,10637,4293
16109,10637,2198
16109,10637,7844
1259,10638,4041
1259,10638,4204
1259,10638,2120
9658,10639,2884
9658,10639,1921
9658,10639,9534
9658,10639,7160
8054,10640,8168
8054,10640,9714
8054,10640,4611
17933,10641,9245
2729,10642,6194
2729,10642,9236
2729,10642,4192
2729,10642,9720
2729,10642,6322
9585,10643,7556
9585,10643,9348
9585,10643,5085
9585,10643,2778
9585,10643,2926
4339,10644,3534
4339,10644,3013
4339,10644,187
4339,10644,8803
4339,10644,3404
4339,10644,8103
4339,10644,5402
4339,10644,4517
4145,10645,9342
4145,10645,8646
4145,10645,2191
4145,10645,3286
4145,10645,3740
14546,10646,7000
14546,10646,7900
14546,10646,1744
14546,10646,4325
14546,10646,1027
14546,10646,389
11455,10647,414
11455,10647,1882
8144,10648,8667
8144,10648,9406
8144,10648,1642
17282,10649,4444
17282,10649,6160
17282,10649,5541
17282,10649,8495
17282,10649,2730
690,10650,7302
690,10650,1129
3516,10651,6127
15535,10652,6409
15535,10652,3687
15535,10652,4377
15535,10652,9620
15535,10652,7032
15535,10652,5846
15535,10652,2643
15535,10652,107
14816,10653,3786
5051,10654,671
5051,10654,6352
5051,10654,9579
5051,10654,4083
5051,10654,3612
5051,10654,3111
5051,10654,8376
5051,10654,1344
7973,10655,2574
17977,10656,7301
17977,10656,3729
8798,10657,9800
8798,10657,2148
8798,10657,9772
8798,10657,2342
8798,10657,8990
8798,10657,3025
8798,10657,4938
8798,10657,4319
8798,10657,2938
712,10658,1560
712,10658,4399
712,10658,9361
712,10658,9687
712,10658,6824
712,10658,2797
712,10658,3369
712,10658,4731
712,10658,5451
16950,10659,1403
16950,10659,8023
11951,10660,5923
11951,10660,4326
7372,10661,9975
7372,10661,716
8167,10662,9793
8167,10662,2000
8167,10662,9265
8167,10662,7582
8167,10662,4423
8167,10662,5008
8167,10662,1580
8167,10662,829
10309,10663,8840
10309,10663,8732
10309,10663,160
10309,10663,1586
10309,10663,3531
10309,10663,1992
10309,10663,7714
13956,10664,7645
13956,10664,2727
13956,10664,4151
13956,10664,2357
13956,10664,1808
13956,10664,134
13956,10664,5819
9101,10665,3998
9101,10665,9082
9101,10665,6298
9101,10665,851
9101,10665,5065
10215,10666,9573
10215,10666,1288
10215,10666,4546
10215,10666,8704
10215,10666,1961
10215,10666,5986
10215,10666,7811
10215,10666,2330
12653,10667,3854
12653,10667,6722
12653,10667,5281
12653,10667,5095
12653,10667,6894
12653,10667,4905
12384,10668,9836
12384,10668,3749
12384,10668,7730
12384,10668,9575
12384,10668,930
12384,10668,1138
12384,10668,8231
4169,10669,6788
4169,10669,1653
4169,10669,8930
4169,10669,4492
4169,10669,5013
4169,10669,27
4169,10669,4735
4169,10669,4095
4169,10669,1658
2465,10670,3136
2465,10670,6643
2465,10670,4611
2465,10670,3451
2465,10670,9656
2465,10670,4648
2465,10670,2121
2465,10670,9855
2465,10670,7412
14875,10671,7300
14875,10671,7169
14875,10671,5988
14875,10671,189
14875,10671,4531
14875,10671,1852
14875,10671,4691
14875,10671,961
1233,10672,1925
1233,10672,6676
1233,10672,7112
2128,10673,9750
2128,10673,878
2128,10673,7781
2128,10673,2303
2128,10673,216
2128,10673,1295
2128,10673,8006
17933,10674,9583
17933,10674,80
17933,10674,3005
17933,10674,3287
17933,10674,843
17933,10674,1180
17933,10674,6647
15050,10675,4390
15050,10675,6941
15050,10675,6983
15050,10675,6673
15050,10675,4220
15050,10675,3954
15050,10675,2183
15050,10675,850
15050,10675,5044
16659,10676,8262
16659,10676,2227
16659,10676,6080
16659,10676,2433
16659,10676,2388
16659,10676,4077
16659,10676,1427
16659,10676,7563
16659,10676,6048
2,10677,3538
2,10677,7747
2,10677,4831
2,10677,6910
2,10677,6624
17701,10678,2268
9311,10679,3984
9311,10679,9092
9311,10679,8860
9311,10679,3328
9311,10679,5140
9311,10679,7645
9311,10679,4431
9311,10679,7258
8334,10680,9338
8334,10680,7630
8334,10680,2039
8334,10680,1928
8334,10680,4553
8334,10680,4026
8334,10680,2021
8334,10680,81
6817,10681,6863
6817,10681,2073
6817,10681,6076
6817,10681,554
17228,10682,624
17228,10682,2251
17228,10682,4537
18177,10683,7624
18177,10683,5800
18177,10683,8337
2754,10684,2062
2754,10684,9268
2754,10684,8853
2754,10684,6368
2754,10684,8434
2754,10684,5184
2754,10684,8017
2754,10684,1721
753,10685,3059
753,10685,4507
753,10685,6969
753,10685,2914
753,10685,4221
753,10685,6056
753,10685,9889
17484,10686,1091
12548,10687,3708
12548,10687,4733
12746,10688,5638
12746,10688,6647
12746,10688,9718
12746,10688,687
12746,10688,9926
12746,10688,219
12746,10688,2064
12746,10688,8556
19294,10689,5921
19294,10689,1765
19294,10689,7770
19294,10689,4947
19294,10689,2870
19294,10689,289
19294,10689,4187
19294,10689,1112
19294,10689,6496
12844,10690,6237
12844,10690,2697
12844,10690,7808
12844,10690,4439
12844,10690,7703
12844,10690,2005
12844,10690,9988
12844,10690,5963
17664,10691,7339
17664,10691,9497
17664,10691,337
16355,10692,6237
16355,10692,9390
16355,10692,3442
16355,10692,7051
16355,10692,5786
16355,10692,8241
16355,10692,4220
16355,10692,7564
19674,10693,2398
19674,10693,1841
19674,10693,4803
19674,10693,7886
19674,10693,354
13181,10694,5523
13181,10694,424
13181,10694,272
17024,10695,6740
17024,10695,1730
1489,10696,7098
1489,10696,5692
1489,10696,9326
1489,10696,6951
1577,10697,4015
1577,10697,5218
1577,10697,4367
3386,10698,3240
3386,10698,6209
3386,10698,642
3386,10698,5714
3386,10698,1406
14193,10699,674
14193,10699,2105
14193,10699,2450
12929,10700,903
12929,10700,8083
12929,10700,6226
18931,10701,4435
18931,10701,11
18931,10701,9417
5032,10702,4941
5032,10702,9331
5032,10702,3736
5032,10702,5419
5032,10702,8245
5032,10702,3706
5032,10702,119
12688,10703,5810
12688,10703,9292
12688,10703,163
12688,10703,392
12688,10703,718
12688,10703,2095
12688,10703,1020
701,10704,2131
701,10704,3261
13932,10705,8754
13932,10705,1545
13932,10705,7106
13932,10705,9322
13932,10705,7598
15978,10706,1340
15978,10706,5646
15978,10706,8191
15978,10706,2709
15978,10706,6209
15978,10706,1768
13702,10707,2052
13702,10707,4951
13702,10707,7815
13702,10707,951
13702,10707,8453
8305,10708,569
8305,10708,6837
8305,10708,235
8305,10708,275
8305,10708,7297
8305,10708,7782
5991,10709,7730
5991,10709,7578
5991,10709,1564
5027,10710,1062
5027,10710,7341
5027,10710,4826
3325,10711,6690
3325,10711,8652
3325,10711,882
3325,10711,3051
3325,10711,9429
3325,10711,9223
13601,10712,2192
13601,10712,1009
13601,10712,7762
13601,10712,3865
13601,10712,9668
13601,10712,3011
13601,10712,353
13601,10712,850
19002,10713,5934
19002,10713,9250
19002,10713,3045
19954,10714,8473
19954,10714,6931
19954,10714,2183
12094,10715,4737
12094,10715,6361
14422,10716,6712
14422,10716,3887
6273,10717,1609
13762,10718,4346
13762,10718,8212
13762,10718,4507
13762,10718,2575
13762,10718,982
13762,10718,7105
13762,10718,2401
13762,10718,4554
2530,10719,3911
2530,10719,5539
2530,10719,5211
10939,10720,4200
10939,10720,5144
10939,10720,4901
10939,10720,2175
10939,10720,3950
2108,10721,8098
2108,10721,1721
2108,10721,6317
2108,10721,9015
2108,10721,4340
2108,10721,2145
2108,10721,1700
11455,10722,4101
11455,10722,1630
11455,10722,4712
11455,10722,6477
11455,10722,6960
11455,10722,9715
11455,10722,8453
11455,10722,2510
11455,10722,4425
6879,10723,7993
6879,10723,3473
6879,10723,5785
6879,10723,5420
19040,10724,8521
19040,10724,3145
19040,10724,4137
19040,10724,6261
19040,10724,7562
19040,10724,1663
19040,10724,4885
19040,10724,8897
19040,10724,9527
15039,10725,7212
15039,10725,356
16132,10726,7406
16132,10726,6873
2017,10727,4860
2017,10727,6643
3055,10728,5996
3055,10728,5132
3055,10728,9656
3055,10728,6251
3055,10728,9207
3055,10728,9499
3055,10728,4672
4154,10729,2627
4154,10729,9117
4154,10729,9921
4154,10729,1496
4154,10729,499
4154,10729,8091
4154,10729,6966
4154,10729,5246
9802,10730,1769
9802,10730,1330
9802,10730,5421
9802,10730,2918
9802,10730,8078
1408,10731,3985
1408,10731,7857
1408,10731,9716
1408,10731,5263
4457,10732,4326
4457,10732,1610
4457,10732,5090
4457,10732,6281
4457,10732,4645
4457,10732,2419
4457,10732,8357
6242,10733,7001
6242,10733,9186
6242,10733,665
6242,10733,3213
6242,10733,6708
6242,10733,8156
4962,10734,3181
4962,10734,6372
4962,10734,474
5786,10735,3389
5786,10735,2640
5786,10735,7414
5786,10735,9773
5786,10735,4498
5786,10735,5500
5786,10735,6364
5786,10735,2386
5786,10735,808
19547,10736,3829
8606,10737,7196
1167,10738,5172
1167,10738,2603
1167,10738,8123
7245,10739,5830
7245,10739,6264
6526,10740,3444
6526,10740,863
6526,10740,4542
6526,10740,3890
6526,10740,7743
6526,10740,2320
6526,10740,7176
19556,10741,6878
19556,10741,5120
1898,10742,7586
1898,10742,9086
1898,10742,7577
1898,10742,4234
1898,10742,5615
1898,10742,3453
2390,10743,3047
2390,10743,323
2390,10743,671
15097,10744,9236
15097,10744,3987
15097,10744,5956
10082,10745,7570
10082,10745,3982
10082,10745,8576
10082,10745,2689
10082,10745,8629
3349,10746,8096
3349,10746,4999
3349,10746,5518
9507,10747,2872
9507,10747,4612
9507,10747,6700
8539,10748,7454
285,10749,6549
285,10749,8099
285,10749,1802
285,10749,1816
285,10749,2209
285,10749,2372
16150,10750,9735
16150,10750,5797
16150,10750,9092
16150,10750,704
16150,10750,2539
669,10751,6758
669,10751,4831
669,10751,8695
669,10751,1050
669,10751,3432
11606,10752,3878
11606,10752,4889
11606,10752,7734
11606,10752,46
11606,10752,2862
11606,10752,5897
11606,10752,8907
11606,10752,5735
11606,10752,8793
7247,10753,256
7375,10754,9490
7375,10754,9033
7375,10754,4997
7375,10754,6980
7375,10754,4605
7375,10754,9555
7375,10754,7774
7375,10754,2866
7375,10754,8975
15535,10755,1391
15535,10755,6687
15535,10755,6837
15535,10755,5333
15535,10755,7047
15535,10755,4669
19331,10756,2395
19331,10756,2195
19331,10756,2071
19331,10756,7400
19331,10756,6648
1067,10757,6472
1067,10757,3066
1067,10757,7178
1067,10757,1103
1067,10757,8396
6128,10758,2729
6128,10758,692
6128,10758,8834
6128,10758,7073
6128,10758,2854
19004,10759,35
19004,10759,4000
19004,10759,519
19004,10759,9665
19004,10759,6968
19004,10759,207
19004,10759,8916
19004,10759,8427
19004,10759,3062
7508,10760,6640
7508,10760,7110
7508,10760,7825
7508,10760,8996
7508,10760,2322
7508,10760,3659
8355,10761,1874
8355,10761,5967
8355,10761,5718
8355,10761,9619
8355,10761,8028
10802,10762,1608
10802,10762,4931
5511,10763,1427
5511,10763,592
12256,10764,1328
12256,10764,4051
12256,10764,3215
12256,10764,2178
410,10765,5606
410,10765,791
410,10765,5022
410,10765,5931
410,10765,8477
410,10765,9151
410,10765,1583
410,10765,4988
410,10765,5870
14395,10766,4492
14395,10766,9406
14395,10766,1433
14395,10766,6874
14395,10766,2530
14395,10766,8895
14395,10766,9693
14395,10766,9042
14395,10766,1504
1308,10767,396
1308,10767,6692
1308,10767,6658
1308,10767,3463
1308,10767,1918
2647,10768,4642
2647,10768,9021
15829,10769,1830
15829,10769,9291
15829,10769,7053
15829,10769,3988
8766,10770,648
8766,10770,6281
8766,10770,5582
8766,10770,2064
13374,10771,8184
13374,10771,1333
13374,10771,5232
13374,10771,5829
10239,10772,7628
10239,10772,2885
10239,10772,8765
10239,10772,8938
10239,10772,3306
10239,10772,3522
10239,10772,3415
10239,10772,5110
6813,10773,723
11908,10774,3015
11908,10774,3564
11908,10774,24
11908,10774,7792
11908,10774,6129
11908,10774,2675
11908,10774,5968
11908,10774,284
7397,10775,6634
7397,10775,3384
7397,10775,7803
7397,10775,2160
7397,10775,60
7397,10775,8864
7397,10775,4027
7397,10775,6484
7397,10775,3619
19495,10776,4814
19495,10776,5613
19495,10776,6287
19495,10776,8796
19495,10776,458
19495,10776,8708
19495,10776,9159
19495,10776,7947
19495,10776,6929
11585,10777,8220
11585,10777,1810
11585,10777,1840
11585,10777,1586
11585,10777,8402
11585,10777,9468
11585,10777,1496
583,10778,5720
583,10778,8792
583,10778,2334
583,10778,6198
583,10778,4744
11649,10779,3389
11649,10779,5113
11649,10779,8267
13335,10780,682
13335,10780,3121
13335,10780,4885
13335,10780,127
13335,10780,6060
13335,10780,5483
13335,10780,5657
801,10781,6225
801,10781,5983
801,10781,8796
14124,10782,3730
14124,10782,105
14124,10782,5482
732,10783,970
732,10783,8632
732,10783,7912
732,10783,8132
732,10783,4688
732,10783,8275
732,10783,9038
732,10783,526
732,10783,5352
6287,10784,4033
6287,10784,3035
6287,10784,1433
6287,10784,9881
6287,10784,2333
6287,10784,4413
6287,10784,7303
6287,10784,5252
19879,10785,852
19879,10785,423
19879,10785,2046
19879,10785,6743
19879,10785,8918
19879,10785,5565
17198,10786,1219
17198,10786,9380
17198,10786,3195
17198,10786,4516
17198,10786,6118
8016,10787,174
1192,10788,6370
1192,10788,4304
1192,10788,3524
1192,10788,8237
1192,10788,8468
1192,10788,1066
1192,10788,3045
12479,10789,6736
12479,10789,7521
12479,10789,4363
12479,10789,3771
12479,10789,7785
12479,10789,5132
12479,10789,6452
1510,10790,623
1510,10790,8499
19127,10791,9
19127,10791,5010
19127,10791,9768
19127,10791,4600
19127,10791,4412
19127,10791,4514
19127,10791,3498
19127,10791,7271
7444,10792,4477
10199,10793,4190
5932,10794,4980
9494,10795,2035
9494,10795,8211
9494,10795,5791
9494,10795,8846
9494,10795,338
9494,10795,6783
9494,10795,1276
9494,10795,7388
9494,10795,6359
1096,10796,3514
1096,10796,5240
1096,10796,4891
1096,10796,3241
1096,10796,9138
14697,10797,9058
14697,10797,4545
2656,10798,2587
2656,10798,6416
2656,10798,6582
7164,10799,7023
7164,10799,1500
7164,10799,822
19919,10800,7308
19919,10800,7179
19919,10800,2504
19919,10800,5760
19919,10800,3051
19919,10800,6840
6510,10801,4112
6510,10801,3036
6510,10801,7082
6510,10801,738
6510,10801,1972
6510,10801,3322
6510,10801,1519
6510,10801,7666
6510,10801,5173
15351,10802,1709
17097,10803,1803
17097,10803,8899
17097,10803,3913
17097,10803,5719
17097,10803,1993
17097,10803,9577
17097,10803,8015
17097,10803,5935
17097,10803,6235
2814,10804,9083
2814,10804,4499
2814,10804,4629
2814,10804,9339
2284,10805,7057
2284,10805,1349
2284,10805,4630
2284,10805,9231
2284,10805,7305
2284,10805,7105
2284,10805,6779
2284,10805,6840
2284,10805,4746
7656,10806,4619
7656,10806,4256
7656,10806,4808
9058,10807,8163
9058,10807,4931
8322,10808,1407
8322,10808,9420
8322,10808,7442
8322,10808,3322
8322,10808,1543
8322,10808,6015
1267,10809,4591
1267,10809,4218
1267,10809,6096
1267,10809,1846
1267,10809,3938
1267,10809,7051
1267,10809,937
1267,10809,8994
1267,10809,8151
11185,10810,7780
11185,10810,5856
11185,10810,8051
11185,10810,4428
18038,10811,8709
18038,10811,3114
18038,10811,6730
18038,10811,7330
18038,10811,9865
17716,10812,7271
17716,10812,1572
17716,10812,4984
17716,10812,8156
17716,10812,3145
17716,10812,1886
4758,10813,7089
4758,10813,9865
4758,10813,5854
4758,10813,7254
4758,10813,375
4758,10813,1450
4758,10813,5976
6492,10814,5188
6492,10814,5103
6492,10814,9018
6492,10814,9550
6492,10814,5820
6492,10814,3282
741,10815,573
741,10815,4418
741,10815,6747
741,10815,4943
741,10815,2994
741,10815,255
741,10815,4164
741,10815,2928
16061,10816,6278
4194,10817,4508
4194,10817,5198
4194,10817,8593
4194,10817,5781
4194,10817,3596
17076,10818,9456
7239,10819,2971
11332,10820,7911
11332,10820,7302
11332,10820,3072
11332,10820,1492
11332,10820,4026
19613,10821,2334
19613,10821,6173
19613,10821,1690
19613,10821,4037
19613,10821,9248
19613,10821,558
19613,10821,4519
2435,10822,9462
2435,10822,6516
2435,10822,3801
2435,10822,803
2435,10822,8091
2435,10822,7633
19932,10823,3024
19932,10823,4277
19932,10823,3428
19932,10823,5525
19932,10823,5743
19932,10823,3469
19932,10823,1261
19932,10823,9421
11872,10824,3944
11872,10824,1776
11872,10824,8901
11872,10824,3218
10592,10825,9064
10592,10825,9458
10592,10825,7828
7139,10826,7196
7139,10826,8102
7139,10826,7010
7139,10826,2552
7139,10826,2202
7139,10826,4324
7139,10826,8528
7139,10826,3385
7139,10826,4603
9258,10827,8932
9258,10827,8595
9258,10827,9595
9258,10827,329
9258,10827,5013
9258,10827,909
15835,10828,8183
15835,10828,3185
15835,10828,7544
15835,10828,5732
15835,10828,3459
15835,10828,3686
15835,10828,4963
7789,10829,654
7789,10829,268
7789,10829,7668
7789,10829,8506
7789,10829,8395
19522,10830,3328
19522,10830,7183
19522,10830,4234
19522,10830,1799
19522,10830,3247
16419,10831,2104
16419,10831,9993
16419,10831,823
16419,10831,3739
16419,10831,5540
7869,10832,3695
7869,10832,8235
7869,10832,6745
7869,10832,7894
19384,10833,5176
19384,10833,9786
3778,10834,4646
3778,10834,1905
14889,10835,1379
14889,10835,7213
14889,10835,9741
14889,10835,2095
19977,10836,9681
19977,10836,770
19977,10836,2992
19977,10836,4356
19977,10836,2445
19977,10836,6291
19977,10836,9731
19977,10836,5474
19977,10836,5639
14035,10837,2091
14035,10837,2634
14035,10837,7845
14035,10837,4174
14035,10837,2691
14035,10837,1440
14035,10837,8710
6130,10838,4697
6130,10838,3551
6130,10838,3561
6130,10838,746
6130,10838,5126
6130,10838,6218
16615,10839,2493
13331,10840,519
13331,10840,185
13331,10840,7125
13331,10840,2293
13331,10840,661
13331,10840,1567
13331,10840,1416
4322,10841,2880
4322,10841,5103
4322,10841,8852
4322,10841,1322
4322,10841,9151
4322,10841,8009
4322,10841,2081
4322,10841,3097
443,10842,6422
15978,10843,3117
15978,10843,612
15978,10843,2931
15978,10843,7988
15978,10843,4275
15978,10843,1238
15978,10843,8183
15978,10843,952
6065,10844,5298
6065,10844,4110
6065,10844,2518
6065,10844,8890
453,10845,4798
453,10845,9079
14133,10846,3906
14133,10846,1975
14133,10846,7386
14133,10846,8278
14133,10846,5959
14133,10846,2065
12347,10847,6705
12347,10847,7537
12347,10847,2137
12347,10847,6860
12347,10847,4154
12347,10847,4662
12347,10847,3005
12347,10847,2638
9225,10848,7539
9225,10848,2983
9225,10848,270
9225,10848,4755
9225,10848,1220
15848,10849,3148
15848,10849,6795
1897,10850,7207
1897,10850,3838
1897,10850,5860
1897,10850,4457
3990,10851,5493
3990,10851,4095
3990,10851,8137
3990,10851,8022
3990,10851,3238
3990,10851,3112
3990,10851,9526
3990,10851,6393
3990,10851,855
16123,10852,7906
16123,10852,6791
16123,10852,2005
16123,10852,4357
16123,10852,1903
11994,10853,1311
11994,10853,6531
11994,10853,5822
11994,10853,934
11994,10853,9550
808,10854,8466
808,10854,854
808,10854,8099
808,10854,8732
808,10854,500
4805,10855,8400
19420,10856,4258
19420,10856,1626
2350,10857,1579
2350,10857,1263
2350,10857,3131
2350,10857,6415
2350,10857,9761
2350,10857,1333
11145,10858,6350
11145,10858,4201
10694,10859,2315
10694,10859,220
10694,10859,6585
10694,10859,570
10694,10859,4917
16095,10860,9277
16095,10860,9768
16095,10860,3968
16095,10860,6182
16095,10860,9171
6742,10861,8718
6742,10861,3490
6742,10861,3527
6742,10861,5661
6742,10861,6446
6742,10861,8274
6742,10861,8061
6742,10861,9410
17373,10862,9296
10954,10863,8008
10954,10863,1411
10954,10863,2465
10954,10863,456
10954,10863,1161
10954,10863,9664
10954,10863,4093
10954,10863,3050
2221,10864,3119
2221,10864,5568
2221,10864,818
2221,10864,8518
2221,10864,340
2221,10864,7727
2221,10864,8834
2597,10865,7253
2597,10865,5125
18435,10866,1584
861,10867,380
861,10867,3360
861,10867,7812
861,10867,884
861,10867,6709
11084,10868,6840
11084,10868,8328
11084,10868,7440
11084,10868,1009
11084,10868,2670
11084,10868,4983
11084,10868,4533
3826,10869,4861
3826,10869,6259
3826,10869,6152
3826,10869,823
3826,10869,5753
7000,10870,514
7000,10870,9334
7000,10870,6286
7000,10870,2640
7000,10870,4377
17820,10871,823
17820,10871,2954
17820,10871,9198
17820,10871,8356
17820,10871,6355
17820,10871,8208
17820,10871,6500
17820,10871,5607
12240,10872,4074
12240,10872,1525
11804,10873,4812
11804,10873,178
11804,10873,3269
4931,10874,7814
4931,10874,8851
4931,10874,806
4931,10874,2630
4931,10874,6356
4931,10874,2532
4931,10874,5662
4931,10874,317
4931,10874,3318
15305,10875,5997
15305,10875,3533
15305,10875,4989
15305,10875,1731
15305,10875,4523
15305,10875,6031
15305,10875,5565
15305,10875,8724
10158,10876,5273
10158,10876,2384
10158,10876,5520
10158,10876,4984
10158,10876,3354
10158,10876,6506
77,10877,4889
77,10877,844
77,10877,9889
77,10877,2785
3018,10878,6588
3018,10878,2738
3018,10878,4653
3018,10878,7449
3018,10878,823
3018,10878,8778
3018,10878,9098
15241,10879,1132
15241,10879,2488
4753,10880,7830
4753,10880,3915
4753,10880,9520
4514,10881,7378
4514,10881,2619
4514,10881,2245
2683,10882,8962
2683,10882,8047
2683,10882,2212
2683,10882,2069
2683,10882,2910
2683,10882,4239
16308,10883,8657
16308,10883,5256
16308,10883,2460
10156,10884,6475
10156,10884,4416
10156,10884,9116
14324,10885,7695
14324,10885,9198
14324,10885,6458
14324,10885,1344
14324,10885,1590
14324,10885,2936
14324,10885,3571
12060,10886,1108
12060,10886,5170
19170,10887,2962
19170,10887,1147
19170,10887,3256
19170,10887,1971
16856,10888,8365
2599,10889,9490
2599,10889,3950
2599,10889,1087
2599,10889,1972
2599,10889,2639
2599,10889,5841
2599,10889,826
2599,10889,9264
5038,10890,4973
5038,10890,5633
5038,10890,1049
5038,10890,8343
5038,10890,5296
5038,10890,3317
5038,10890,5060
12293,10891,2402
12293,10891,3912
12293,10891,8334
12293,10891,7044
12293,10891,6710
12293,10891,117
12293,10891,9482
10228,10892,9110
10228,10892,4230
10228,10892,363
10228,10892,9192
10228,10892,4813
10228,10892,1569
10228,10892,1362
10228,10892,2096
860,10893,8027
860,10893,1533
860,10893,4245
860,10893,3232
860,10893,6128
860,10893,860
860,10893,3478
860,10893,9644
860,10893,2637
14898,10894,4584
13360,10895,7110
13360,10895,6269
13360,10895,6492
13360,10895,3279
13360,10895,8815
13360,10895,2764
13360,10895,5694
18342,10896,3011
18342,10896,8659
18342,10896,8798
18342,10896,3106
18342,10896,6271
18342,10896,62
18342,10896,4921
18342,10896,5802
18342,10896,2307
11171,10897,2097
11171,10897,2748
11171,10897,9418
11171,10897,6961
11171,10897,2751
11171,10897,9480
11171,10897,2246
11171,10897,3193
18927,10898,5494
18927,10898,8892
2395,10899,6783
2395,10899,6163
2395,10899,2414
2395,10899,6669
2395,10899,1838
2395,10899,9961
2395,10899,3602
2395,10899,5997
18380,10900,8653
18380,10900,1097
18380,10900,2635
18380,10900,5443
18380,10900,1186
18380,10900,361
18380,10900,5652
18380,10900,6848
18380,10900,5434
14542,10901,1859
14542,10901,9296
14542,10901,6595
14542,10901,7046
14542,10901,6389
14542,10901,2248
14542,10901,9845
14542,10901,7473
14542,10901,6885
14492,10902,3770
14492,10902,8037
14492,10902,6990
14492,10902,6475
14492,10902,7788
14492,10902,4883
14492,10902,6189
14492,10902,4095
14492,10902,9269
3031,10903,6398
3031,10903,4066
3031,10903,4099
3031,10903,528
3031,10903,8357
3031,10903,4198
3031,10903,3500
3031,10903,4324
4222,10904,9194
6577,10905,3772
3480,10906,7181
3480,10906,2143
3480,10906,7891
3480,10906,2004
3480,10906,6967
3480,10906,2640
3480,10906,7388
3480,10906,441
17495,10907,3244
17495,10907,1556
17495,10907,5541
17495,10907,7637
17495,10907,7068
17495,10907,6866
17495,10907,2584
17495,10907,5527
15061,10908,3732
15061,10908,9110
15061,10908,6324
15061,10908,3828
15061,10908,8298
15061,10908,3665
15061,10908,1333
15061,10908,2514
301,10909,3228
301,10909,1863
301,10909,751
301,10909,6285
301,10909,4920
301,10909,1072
301,10909,2366
17378,10910,4086
17378,10910,338
17378,10910,9569
17378,10910,2971
7036,10911,1133
7036,10911,5164
7036,10911,1271
7036,10911,384
10606,10912,3954
10606,10912,9593
10606,10912,1616
10606,10912,7321
10606,10912,7353
10606,10912,3451
10606,10912,9328
10606,10912,9003
10606,10912,9939
2143,10913,4066
2143,10913,2369
2143,10913,5521
2143,10913,9752
2143,10913,121
2143,10913,9008
1246,10914,6324
1246,10914,2407
1246,10914,3310
1246,10914,6196
1246,10914,9606
1795,10915,7353
19441,10916,430
19441,10916,9810
19441,10916,9175
19441,10916,264
18602,10917,5691
18602,10917,5539
18602,10917,5491
18602,10917,1313
18602,10917,7869
18602,10917,5993
6690,10918,3066
6690,10918,7039
6690,10918,7534
13417,10919,3311
13417,10919,3608
13417,10919,872
13417,10919,8418
7817,10920,9004
7817,10920,4472
7817,10920,1086
7817,10920,8342
7817,10920,2885
7817,10920,9494
7817,10920,4901
7817,10920,6772
7817,10920,3735
14092,10921,1707
14092,10921,6158
14092,10921,4828
14092,10921,4033
14092,10921,4067
14092,10921,8984
14092,10921,8033
12749,10922,7781
5363,10923,1626
5363,10923,130
5363,10923,4800
5363,10923,1738
5363,10923,6094
5363,10923,6631
5363,10923,2352
12836,10924,4957
12836,10924,2947
12836,10924,8106
11773,10925,8568
11773,10925,2676
11773,10925,9212
11773,10925,5072
11773,10925,481
13149,10926,7495
13149,10926,7810
13149,10926,3473
13149,10926,4264
13149,10926,3240
13149,10926,1498
13149,10926,7656
10187,10927,6551
10187,10927,5994
10187,10927,6026
10187,10927,9773
10187,10927,7874
10187,10927,3081
1151,10928,1963
1151,10928,6754
1151,10928,1535
1151,10928,3437
1151,10928,1338
17139,10929,4369
17139,10929,2359
17139,10929,8498
17139,10929,1427
17139,10929,4891
17139,10929,8559
17139,10929,1878
17139,10929,8547
17139,10929,1241
15987,10930,7986
15987,10930,9181
15987,10930,1265
15987,10930,7894
15987,10930,6912
15987,10930,186
17366,10931,6953
17366,10931,3351
17366,10931,516
17366,10931,1507
5493,10932,740
5493,10932,7503
13367,10933,4458
13367,10933,5194
13367,10933,8204
13367,10933,639
13367,10933,4061
13367,10933,4878
13367,10933,838
2708,10934,417
2708,10934,777
2708,10934,1547
2708,10934,6296
2708,10934,242
2708,10934,5734
2708,10934,520
2708,10934,4232
4871,10935,3263
4871,10935,492
2658,10936,2683
2658,10936,721
2658,10936,19
3132,10937,616
3132,10937,2159
3132,10937,1545
3132,10937,6539
3132,10937,8392
3132,10937,8212
3132,10937,296
3132,10937,4636
3132,10937,9615
11968,10938,5809
11968,10938,7898
11968,10938,5710
11968,10938,7393
11968,10938,368
5052,10939,5205
5052,10939,9297
5052,10939,8994
5052,10939,3080
15429,10940,8516
15429,10940,4581
15429,10940,6990
15429,10940,6218
15429,10940,6217
15429,10940,5871
15429,10940,650
15429,10940,1618
11949,10941,6870
11949,10941,7564
11949,10941,2952
11949,10941,5152
10454,10942,7418
10454,10942,8879
10454,10942,5501
10454,10942,9294
10454,10942,7024
10454,10942,5326
10454,10942,1402
329,10943,4132
329,10943,1889
329,10943,5650
329,10943,2339
329,10943,6773
329,10943,6028
6890,10944,7852
6890,10944,1543
6890,10944,9633
6890,10944,2309
6890,10944,6240
6890,10944,1902
9638,10945,4606
9638,10945,9702
9638,10945,9710
9638,10945,1056
9638,10945,2735
9638,10945,3786
9638,10945,528
9638,10945,6749
16583,10946,6858
16583,10946,8707
16583,10946,1543
16583,10946,9635
5234,10947,7488
14395,10948,3680
14395,10948,8425
17905,10949,7332
17905,10949,3241
17905,10949,1530
17905,10949,690
17905,10949,3195
5658,10950,5446
5658,10950,6302
5658,10950,4193
5658,10950,131
5658,10950,7931
5658,10950,7254
10909,10951,404
10909,10951,2724
10909,10951,5496
10909,10951,3743
10909,10951,4490
10667,10952,1603
10667,10952,7133
10667,10952,8145
10667,10952,4494
10667,10952,682
10667,10952,2086
6722,10953,8303
6722,10953,6725
6722,10953,7438
6722,10953,5280
19538,10954,5102
19538,10954,2883
19538,10954,3096
19538,10954,4610
19538,10954,1341
19538,10954,9515
19538,10954,1526
608,10955,4390
608,10955,7141
608,10955,4289
608,10955,3333
3473,10956,8556
3473,10956,1759
3473,10956,1143
3473,10956,1454
5588,10957,4816
5588,10957,7209
5588,10957,6684
5588,10957,8120
5588,10957,5433
5588,10957,2186
11038,10958,7255
11038,10958,9472
11038,10958,3063
11038,10958,7249
11038,10958,6085
11038,10958,9957
9623,10959,1191
9623,10959,1084
9623,10959,7166
9623,10959,8948
9623,10959,4463
9623,10959,2319
3214,10960,232
3214,10960,9717
3214,10960,598
3214,10960,7499
14911,10961,2267
14911,10961,3472
14911,10961,1643
14911,10961,1332
14911,10961,3758
14911,10961,1406
14911,10961,1413
16129,10962,1971
16129,10962,1784
16129,10962,8855
12706,10963,3808
12706,10963,1480
12706,10963,4571
12706,10963,9532
1727,10964,1143
1727,10964,1482
1727,10964,150
10959,10965,1040
10959,10965,4277
10959,10965,584
19295,10966,7571
4283,10967,8355
4283,10967,6524
4283,10967,6446
4283,10967,9802
4283,10967,221
4283,10967,1930
16697,10968,6551
16697,10968,6364
16697,10968,636
16697,10968,6781
16697,10968,2666
16697,10968,6612
580,10969,3474
580,10969,8223
580,10969,8645
580,10969,7848
580,10969,7974
6807,10970,9873
6807,10970,840
6807,10970,1809
17180,10971,2942
17180,10971,307
9523,10972,5741
9523,10972,9652
9523,10972,528
9523,10972,3251
9523,10972,7276
9523,10972,1905
9523,10972,6089
9523,10972,77
9523,10972,8014
13720,10973,8372
13720,10973,3732
13720,10973,2851
13720,10973,3440
13720,10973,9724
13720,10973,9636
13720,10973,3565
13630,10974,9770
13630,10974,9552
13630,10974,2346
13630,10974,2788
2382,10975,8954
2382,10975,5405
16509,10976,5386
16509,10976,6889
16509,10976,1776
16509,10976,5184
16509,10976,7268
16509,10976,2800
16509,10976,4415
13521,10977,7119
13521,10977,6875
13521,10977,5480
13521,10977,9928
13521,10977,8513
13521,10977,9138
9047,10978,9544
9047,10978,9246
9047,10978,4013
9047,10978,8574
9047,10978,3552
9047,10978,9163
9047,10978,9749
9047,10978,2131
18011,10979,4833
6689,10980,4533
16241,10981,3484
16241,10981,8928
16241,10981,1786
16241,10981,4308
6940,10982,4611
18488,10983,9357
18488,10983,9444
18488,10983,1097
18488,10983,486
18488,10983,2005
18488,10983,3750
18488,10983,9344
18488,10983,3302
10173,10984,424
10173,10984,2505
10173,10984,6504
10173,10984,6123
10173,10984,6360
10173,10984,1922
10173,10984,6795
10173,10984,6068
10173,10984,6138
16284,10985,6172
16284,10985,4503
16284,10985,9312
16284,10985,4560
16284,10985,8266
16284,10985,1349
16284,10985,7190
6625,10986,2355
6625,10986,9962
6625,10986,4750
6625,10986,7042
1123,10987,7832
1123,10987,5319
1123,10987,4674
1123,10987,1564
19657,10988,599
16970,10989,2731
5383,10990,8721
5383,10990,9398
5383,10990,3826
5383,10990,5581
5383,10990,3627
5383,10990,3990
5383,10990,5530
5383,10990,7535
3502,10991,3157
3502,10991,4464
3502,10991,5604
3502,10991,4949
3502,10991,9886
3502,10991,7877
14549,10992,5701
14549,10992,9918
14549,10992,6389
14549,10992,7629
14549,10992,9461
14549,10992,7162
14549,10992,6913
14549,10992,821
10569,10993,2479
10569,10993,3664
10569,10993,4067
10569,10993,970
1756,10994,6367
1756,10994,3842
1756,10994,590
1756,10994,4673
1756,10994,6632
7090,10995,3615
7090,10995,996
7090,10995,8299
7090,10995,4455
7090,10995,5838
7090,10995,3501
4630,10996,6829
4630,10996,470
4630,10996,6807
4630,10996,2141
17545,10997,2317
17545,10997,1711
17545,10997,2618
17545,10997,7493
17545,10997,6181
17545,10997,2878
12756,10998,8693
12756,10998,1280
12756,10998,563
12756,10998,6192
12756,10998,2808
12756,10998,8848
12756,10998,7104
18842,10999,5353
18842,10999,4333
1027,11000,2532
1027,11000,3569
1027,11000,2752
1027,11000,7869
1027,11000,7783
1027,11000,5780
1027,11000,5800
